date,predicted_flux
2012-05-19,43.864777
2012-05-20,44.224926
2012-05-21,44.561493
2012-05-22,44.859447
2012-05-23,44.26415
2012-05-24,44.301544
2012-05-25,44.76934
2012-05-26,45.008137
2012-05-27,45.211716
2012-05-28,45.32994
2012-05-29,45.189674
2012-05-30,44.93648
2012-05-31,44.568363
2012-06-01,43.821377
2012-06-02,43.20982
2012-06-03,42.598465
2012-06-04,41.66559
2012-06-05,40.935253
2012-06-06,40.950428
2012-06-07,41.547745
2012-06-08,42.11562
2012-06-09,42.462578
2012-06-10,42.4221
2012-06-11,42.595364
2012-06-12,42.48935
2012-06-13,42.451042
2012-06-14,42.98015
2012-06-15,43.57668
2012-06-16,43.950012
2012-06-17,43.361217
2012-06-18,40.86024
2012-06-19,40.89177
2012-06-20,41.629154
2012-06-21,42.44027
2012-06-22,42.85631
2012-06-23,43.168434
2012-06-24,43.611115
2012-06-25,44.170597
2012-06-26,44.227776
2012-06-27,44.44556
2012-06-28,44.454685
2012-06-29,44.53189
2012-06-30,44.47478
2012-07-01,43.74112
2012-07-02,43.58809
2012-07-03,43.618225
2012-07-04,43.848763
2012-07-05,43.86673
2012-07-06,43.30346
2012-07-07,42.683838
2012-07-08,42.432354
2012-07-09,41.724514
2012-07-10,40.721165
2012-07-11,40.78638
2012-07-12,41.137276
2012-07-13,41.587852
2012-07-14,41.937347
2012-07-15,41.700768
2012-07-16,38.28755
2012-07-17,36.99338
2012-07-18,37.35271
2012-07-19,38.233685
2012-07-20,38.814747
2012-07-21,38.619396
2012-07-22,38.03789
2012-07-23,37.845
2012-07-24,37.62974
2012-07-25,37.560234
2012-07-26,37.936874
2012-07-27,38.48103
2012-07-28,38.53978
2012-07-29,37.71116
2012-07-30,37.540264
2012-07-31,37.431416
2012-08-01,37.960827
2012-08-02,38.453285
2012-08-03,38.21246
2012-08-04,38.231064
2012-08-05,38.34258
2012-08-06,38.38537
2012-08-07,38.21798
2012-08-08,38.058464
2012-08-09,37.53214
2012-08-10,37.606625
2012-08-11,37.83922
2012-08-12,37.69685
2012-08-13,37.477882
2012-08-14,37.034447
2012-08-15,36.943844
2012-08-16,37.15284
2012-08-17,37.20646
2012-08-18,37.863472
2012-08-19,37.87612
2012-08-20,37.278263
2012-08-21,37.339077
2012-08-22,37.769535
2012-08-23,38.059006
2012-08-24,38.27592
2012-08-25,38.546093
2012-08-26,38.34184
2012-08-27,38.182472
2012-08-28,38.33588
2012-08-29,38.4502
2012-08-30,38.864056
2012-08-31,39.464024
2012-09-01,39.90607
2012-09-02,39.847305
2012-09-03,39.354774
2012-09-04,38.27521
2012-09-05,37.675407
2012-09-06,36.77065
2012-09-07,36.32125
2012-09-08,36.58962
2012-09-09,37.226425
2012-09-10,38.04118
2012-09-11,38.625862
2012-09-12,39.24808
2012-09-13,39.565765
2012-09-14,39.35293
2012-09-15,39.205032
2012-09-16,39.4562
2012-09-17,39.72341
2012-09-18,40.184616
2012-09-19,40.179398
2012-09-20,39.97344
2012-09-21,39.645508
2012-09-22,40.047497
2012-09-23,40.64045
2012-09-24,41.356384
2012-09-25,41.667057
2012-09-26,41.60006
2012-09-27,40.81867
2012-09-28,40.44788
2012-09-29,40.534084
2012-09-30,40.953247
2012-10-01,40.97323
2012-10-02,39.308628
2012-10-03,39.047188
2012-10-04,39.412247
2012-10-05,40.178825
2012-10-06,40.687607
2012-10-07,40.81636
2012-10-08,40.635677
2012-10-09,39.56733
2012-10-10,38.307873
2012-10-11,38.205685
2012-10-12,38.433193
2012-10-13,38.3676
2012-10-14,37.751675
2012-10-15,37.737976
2012-10-16,38.136383
2012-10-17,38.50841
2012-10-18,38.47045
2012-10-19,38.30739
2012-10-20,38.653137
2012-10-21,39.02686
2012-10-22,39.24556
2012-10-23,39.534985
2012-10-24,39.767643
2012-10-25,39.953922
2012-10-26,40.25595
2012-10-27,40.24764
2012-10-28,40.281208
2012-10-29,40.49007
2012-10-30,40.784725
2012-10-31,41.114967
2012-11-01,40.973366
2012-11-02,39.91102
2012-11-03,40.124672
2012-11-04,40.818302
2012-11-05,41.155895
2012-11-06,41.262875
2012-11-07,41.39637
2012-11-08,40.971287
2012-11-09,40.9558
2012-11-10,41.35124
2012-11-11,41.82057
2012-11-12,41.87659
2012-11-13,41.797657
2012-11-14,39.12225
2012-11-15,38.527485
2012-11-16,39.20358
2012-11-17,39.80857
2012-11-18,40.268673
2012-11-19,40.56256
2012-11-20,40.424408
2012-11-21,40.084995
2012-11-22,40.160515
2012-11-23,40.359547
2012-11-24,40.330906
2012-11-25,38.715412
2012-11-26,37.96006
2012-11-27,37.600155
2012-11-28,37.767323
2012-11-29,38.289642
2012-11-30,38.603737
2012-12-01,39.160774
2012-12-02,39.23689
2012-12-03,38.67778
2012-12-04,38.064606
2012-12-05,38.24748
2012-12-06,38.958874
2012-12-07,39.71576
2012-12-08,40.4832
2012-12-09,41.12492
2012-12-10,41.042732
2012-12-11,40.991478
2012-12-12,41.13188
2012-12-13,41.25399
2012-12-14,41.27199
2012-12-15,40.85435
2012-12-16,40.425976
2012-12-17,40.16243
2012-12-18,39.81431
2012-12-19,40.016445
2012-12-20,40.579945
2012-12-21,40.766006
2012-12-22,40.957912
2012-12-23,41.311634
2012-12-24,41.30114
2012-12-25,41.29588
2012-12-26,41.461132
2012-12-27,41.629017
2012-12-28,41.92718
2012-12-29,42.01061
2012-12-30,42.104145
2012-12-31,41.62251
2013-01-01,41.817276
2013-01-02,42.015633
2013-01-03,42.01667
2013-01-04,42.04044
2013-01-05,41.94381
2013-01-06,41.916733
2013-01-07,41.586582
2013-01-08,41.50751
2013-01-09,41.52664
2013-01-10,41.642315
2013-01-11,41.668064
2013-01-12,41.706924
2013-01-13,41.65353
2013-01-14,41.440174
2013-01-15,41.50458
2013-01-16,41.850384
2013-01-17,42.159462
2013-01-18,41.30449
2013-01-19,40.884415
2013-01-20,41.239525
2013-01-21,41.27787
2013-01-22,41.91937
2013-01-23,42.562557
2013-01-24,42.956024
2013-01-25,43.117905
2013-01-26,42.774864
2013-01-27,42.18694
2013-01-28,42.36967
2013-01-29,42.66922
2013-01-30,43.001877
2013-01-31,43.381657
2013-02-01,43.45477
2013-02-02,43.267647
2013-02-03,42.83956
2013-02-04,42.983387
2013-02-05,43.316677
2013-02-06,43.623714
2013-02-07,43.803085
2013-02-08,43.50228
2013-02-09,43.170498
2013-02-10,43.204243
2013-02-11,43.382668
2013-02-12,43.64897
2013-02-13,43.7336
2013-02-14,43.51011
2013-02-15,43.316483
2013-02-16,43.563652
2013-02-17,43.322514
2013-02-18,43.077686
2013-02-19,42.908043
2013-02-20,42.761738
2013-02-21,42.75016
2013-02-22,42.756767
2013-02-23,42.997612
2013-02-24,43.434246
2013-02-25,43.869587
2013-02-26,43.975956
2013-02-27,43.790726
2013-02-28,43.765316
2013-03-01,43.54445
2013-03-02,42.724113
2013-03-03,42.837425
2013-03-04,42.991142
2013-03-05,43.26802
2013-03-06,43.69684
2013-03-07,43.891853
2013-03-08,43.92484
2013-03-09,44.087494
2013-03-10,43.96476
2013-03-11,44.20706
2013-03-12,44.20603
2013-03-13,44.025578
2013-03-14,43.877712
2013-03-15,42.959255
2013-03-16,41.82627
2013-03-17,41.360203
2013-03-18,39.682896
2013-03-19,38.24407
2013-03-20,37.697998
2013-03-21,37.551914
2013-03-22,37.547554
2013-03-23,37.816372
2013-03-24,38.28377
2013-03-25,38.891506
2013-03-26,39.358356
2013-03-27,39.76907
2013-03-28,39.486607
2013-03-29,39.95495
2013-03-30,40.050354
2013-03-31,40.453117
2013-04-01,40.88344
2013-04-02,41.13503
2013-04-03,41.514923
2013-04-04,41.846622
2013-04-05,41.93139
2013-04-06,41.93673
2013-04-07,41.745632
2013-04-08,41.61122
2013-04-09,41.710857
2013-04-10,41.63519
2013-04-11,41.507217
2013-04-12,41.258636
2013-04-13,41.10385
2013-04-14,41.21852
2013-04-15,39.978916
2013-04-16,38.992023
2013-04-17,39.07926
2013-04-18,39.526768
2013-04-19,39.975376
2013-04-20,40.287006
2013-04-21,40.577408
2013-04-22,40.703156
2013-04-23,40.831398
2013-04-24,40.418625
2013-04-25,39.255596
2013-04-26,39.34863
2013-04-27,39.452557
2013-04-28,40.126404
2013-04-29,40.741505
2013-04-30,41.205734
2013-05-01,40.706383
2013-05-02,39.93671
2013-05-03,40.292316
2013-05-04,40.770798
2013-05-05,41.027493
2013-05-06,40.863705
2013-05-07,39.94865
2013-05-08,39.306664
2013-05-09,39.082714
2013-05-10,39.252575
2013-05-11,39.48895
2013-05-12,39.61364
2013-05-13,39.757263
2013-05-14,39.29172
2013-05-15,38.504936
2013-05-16,37.594257
2013-05-17,36.980865
2013-05-18,36.498547
2013-05-19,35.484444
2013-05-20,35.20502
2013-05-21,34.860294
2013-05-22,34.69005
2013-05-23,34.54906
2013-05-24,34.206425
2013-05-25,33.896095
2013-05-26,33.639652
2013-05-27,33.617054
2013-05-28,34.029537
2013-05-29,34.68187
2013-05-30,35.28971
2013-05-31,35.82638
2013-06-01,36.103397
2013-06-02,34.98906
2013-06-03,35.122192
2013-06-04,35.727146
2013-06-05,36.36697
2013-06-06,36.813812
2013-06-07,36.419296
2013-06-08,35.61151
2013-06-09,35.666695
2013-06-10,35.842793
2013-06-11,35.64342
2013-06-12,35.531006
2013-06-13,35.667255
2013-06-14,35.936703
2013-06-15,36.286217
2013-06-16,36.385033
2013-06-17,36.362213
2013-06-18,36.264732
2013-06-19,36.26341
2013-06-20,36.4148
2013-06-21,35.819546
2013-06-22,35.537754
2013-06-23,35.71223
2013-06-24,35.79797
2013-06-25,35.78286
2013-06-26,36.05187
2013-06-27,36.305016
2013-06-28,36.262062
2013-06-29,35.303135
2013-06-30,34.79936
2013-07-01,34.919106
2013-07-02,35.384228
2013-07-03,36.127426
2013-07-04,36.669212
2013-07-05,36.721184
2013-07-06,36.160824
2013-07-07,35.464565
2013-07-08,35.538902
2013-07-09,35.868923
2013-07-10,35.841633
2013-07-11,35.05063
2013-07-12,34.80331
2013-07-13,34.826416
2013-07-14,34.108826
2013-07-15,34.0567
2013-07-16,34.547783
2013-07-17,35.112057
2013-07-18,35.632076
2013-07-19,35.420963
2013-07-20,35.408615
2013-07-21,36.236225
2013-07-22,37.0253
2013-07-23,37.371964
2013-07-24,37.715645
2013-07-25,38.0301
2013-07-26,37.808624
2013-07-27,37.397556
2013-07-28,37.375183
2013-07-29,37.318123
2013-07-30,37.32983
2013-07-31,37.236366
2013-08-01,37.181026
2013-08-02,37.219376
2013-08-03,37.29044
2013-08-04,37.296062
2013-08-05,36.422573
2013-08-06,35.839455
2013-08-07,35.771885
2013-08-08,36.03744
2013-08-09,36.36434
2013-08-10,36.241516
2013-08-11,35.89532
2013-08-12,36.085613
2013-08-13,36.35893
2013-08-14,36.215633
2013-08-15,36.066402
2013-08-16,35.823822
2013-08-17,35.849693
2013-08-18,36.463142
2013-08-19,37.288883
2013-08-20,37.871117
2013-08-21,38.094223
2013-08-22,37.646763
2013-08-23,37.271652
2013-08-24,37.2648
2013-08-25,36.604057
2013-08-26,36.52133
2013-08-27,36.665543
2013-08-28,36.256374
2013-08-29,36.23391
2013-08-30,36.427265
2013-08-31,35.98844
2013-09-01,35.89478
2013-09-02,35.85185
2013-09-03,36.002422
2013-09-04,35.468273
2013-09-05,35.15829
2013-09-06,35.017735
2013-09-07,34.94717
2013-09-08,35.04053
2013-09-09,35.303234
2013-09-10,35.599506
2013-09-11,35.766685
2013-09-12,35.775826
2013-09-13,35.64279
2013-09-14,35.376396
2013-09-15,35.729374
2013-09-16,36.125664
2013-09-17,36.446415
2013-09-18,36.391674
2013-09-19,36.35285
2013-09-20,36.28991
2013-09-21,36.384556
2013-09-22,36.47679
2013-09-23,36.60894
2013-09-24,36.6283
2013-09-25,36.406376
2013-09-26,36.4813
2013-09-27,36.845394
2013-09-28,37.207092
2013-09-29,37.700188
2013-09-30,38.0895
2013-10-01,38.10891
2013-10-02,37.61131
2013-10-03,36.060093
2013-10-04,35.374447
2013-10-05,35.918903
2013-10-06,36.697983
2013-10-07,37.29852
2013-10-08,37.521645
2013-10-09,37.11759
2013-10-10,36.252037
2013-10-11,36.34991
2013-10-12,36.942883
2013-10-13,37.25925
2013-10-14,37.538883
2013-10-15,37.12271
2013-10-16,36.85477
2013-10-17,36.81511
2013-10-18,36.905056
2013-10-19,37.039497
2013-10-20,37.186813
2013-10-21,37.392258
2013-10-22,37.57653
2013-10-23,37.173374
2013-10-24,37.084675
2013-10-25,37.068882
2013-10-26,37.38059
2013-10-27,37.630463
2013-10-28,37.84862
2013-10-29,37.87994
2013-10-30,37.62523
2013-10-31,36.912094
2013-11-01,36.34057
2013-11-02,36.323837
2013-11-03,36.738804
2013-11-04,36.828026
2013-11-05,36.794464
2013-11-06,36.956375
2013-11-07,37.24515
2013-11-08,37.077602
2013-11-09,37.145187
2013-11-10,36.445858
2013-11-11,36.312374
2013-11-12,35.947205
2013-11-13,36.1284
2013-11-14,36.66037
2013-11-15,36.838806
2013-11-16,36.632645
2013-11-17,36.07399
2013-11-18,36.036407
2013-11-19,36.120663
2013-11-20,36.249733
2013-11-21,36.256985
2013-11-22,36.66641
2013-11-23,36.889435
2013-11-24,36.61604
2013-11-25,37.017166
2013-11-26,37.49433
2013-11-27,37.95433
2013-11-28,37.819458
2013-11-29,37.602592
2013-11-30,37.279263
2013-12-01,36.823715
2013-12-02,36.228935
2013-12-03,35.854256
2013-12-04,35.91857
2013-12-05,36.095924
2013-12-06,36.349182
2013-12-07,36.673393
2013-12-08,36.693413
2013-12-09,35.846878
2013-12-10,35.965237
2013-12-11,36.132256
2013-12-12,36.311806
2013-12-13,36.553215
2013-12-14,36.583042
2013-12-15,35.47682
2013-12-16,34.80272
2013-12-17,34.765152
2013-12-18,35.08572
2013-12-19,35.472816
2013-12-20,35.661705
2013-12-21,35.891525
2013-12-22,36.062584
2013-12-23,36.29454
2013-12-24,36.617973
2013-12-25,36.86779
2013-12-26,36.382256
2013-12-27,36.733276
2013-12-28,36.765774
2013-12-29,36.995445
2013-12-30,37.132877
2013-12-31,37.07291
2014-01-01,37.25991
2014-01-02,36.791237
2014-01-03,36.39738
2014-01-04,36.27031
2014-01-05,36.386036
2014-01-06,36.575386
2014-01-07,37.028366
2014-01-08,37.040234
2014-01-09,36.828762
2014-01-10,36.20606
2014-01-11,35.623745
2014-01-12,35.227783
2014-01-13,34.687992
2014-01-14,34.39909
2014-01-15,34.974083
2014-01-16,35.738586
2014-01-17,36.51886
2014-01-18,36.995975
2014-01-19,37.564663
2014-01-20,37.881725
2014-01-21,37.948387
2014-01-22,37.222336
2014-01-23,36.609035
2014-01-24,36.47855
2014-01-25,36.692066
2014-01-26,36.938137
2014-01-27,37.029255
2014-01-28,37.07895
2014-01-29,36.636734
2014-01-30,36.253044
2014-01-31,36.438828
2014-02-01,36.746033
2014-02-02,37.263313
2014-02-03,37.373108
2014-02-04,37.25075
2014-02-05,36.923244
2014-02-06,36.363014
2014-02-07,35.962807
2014-02-08,35.75241
2014-02-09,35.357952
2014-02-10,35.20453
2014-02-11,35.42571
2014-02-12,35.7367
2014-02-13,35.87728
2014-02-14,35.743706
2014-02-15,35.832813
2014-02-16,35.666817
2014-02-17,34.959854
2014-02-18,34.976723
2014-02-19,35.069794
2014-02-20,34.5481
2014-02-21,34.398846
2014-02-22,34.423
2014-02-23,34.403408
2014-02-24,34.1737
2014-02-25,34.40732
2014-02-26,34.720097
2014-02-27,34.974773
2014-02-28,34.637463
2014-03-01,33.816975
2014-03-02,33.521336
2014-03-03,33.34829
2014-03-04,33.267185
2014-03-05,33.060284
2014-03-06,32.92694
2014-03-07,33.03943
2014-03-08,33.388264
2014-03-09,33.8252
2014-03-10,34.302666
2014-03-11,34.674656
2014-03-12,34.97995
2014-03-13,35.095894
2014-03-14,34.794765
2014-03-15,34.512123
2014-03-16,34.706097
2014-03-17,35.19574
2014-03-18,35.67561
2014-03-19,35.708714
2014-03-20,35.865303
2014-03-21,35.77016
2014-03-22,35.477608
2014-03-23,35.06864
2014-03-24,35.053146
2014-03-25,35.464317
2014-03-26,35.67291
2014-03-27,35.323116
2014-03-28,35.15209
2014-03-29,35.056843
2014-03-30,35.027744
2014-03-31,35.250454
2014-04-01,35.47132
2014-04-02,35.652122
2014-04-03,35.891838
2014-04-04,36.239494
2014-04-05,36.47292
2014-04-06,36.41378
2014-04-07,35.360226
2014-04-08,35.37331
2014-04-09,35.489273
2014-04-10,35.51272
2014-04-11,35.594227
2014-04-12,35.50186
2014-04-13,35.14558
2014-04-14,35.444363
2014-04-15,35.871
2014-04-16,36.471203
2014-04-17,37.101562
2014-04-18,36.929214
2014-04-19,36.453728
2014-04-20,35.86849
2014-04-21,35.173923
2014-04-22,34.90498
2014-04-23,35.10835
2014-04-24,35.241356
2014-04-25,35.203995
2014-04-26,35.352177
2014-04-27,35.63962
2014-04-28,35.987965
2014-04-29,36.408356
2014-04-30,36.872643
2014-05-01,36.520535
2014-05-02,36.496147
2014-05-03,37.055588
2014-05-04,37.463562
2014-05-05,37.184715
2014-05-06,36.729614
2014-05-07,36.772644
2014-05-08,36.951874
2014-05-09,36.609123
2014-05-10,36.540943
2014-05-11,36.573948
2014-05-12,36.678734
2014-05-13,37.390736
2014-05-14,38.33573
2014-05-15,38.707935
2014-05-16,38.67653
2014-05-17,38.323387
2014-05-18,38.24229
2014-05-19,38.322758
2014-05-20,38.405308
2014-05-21,38.52475
2014-05-22,38.712406
2014-05-23,38.371197
2014-05-24,37.030315
2014-05-25,36.879677
2014-05-26,36.84148
2014-05-27,36.89007
2014-05-28,37.0715
2014-05-29,36.99304
2014-05-30,36.781155
2014-05-31,36.359917
2014-06-01,35.787766
2014-06-02,35.99347
2014-06-03,36.481987
2014-06-04,36.527138
2014-06-05,37.034985
2014-06-06,37.548565
2014-06-07,37.963013
2014-06-08,37.87137
2014-06-09,36.685974
2014-06-10,36.97303
2014-06-11,37.35027
2014-06-12,37.727596
2014-06-13,38.198303
2014-06-14,38.361885
2014-06-15,38.295876
2014-06-16,38.05573
2014-06-17,37.834923
2014-06-18,37.224506
2014-06-19,36.44271
2014-06-20,35.867516
2014-06-21,35.387253
2014-06-22,35.170933
2014-06-23,35.178078
2014-06-24,35.287445
2014-06-25,35.24895
2014-06-26,35.253838
2014-06-27,35.087708
2014-06-28,35.214138
2014-06-29,35.129192
2014-06-30,35.16503
2014-07-01,35.0544
2014-07-02,35.447025
2014-07-03,35.9988
2014-07-04,36.13577
2014-07-05,36.598557
2014-07-06,37.069878
2014-07-07,37.220722
2014-07-08,36.82566
2014-07-09,36.557636
2014-07-10,36.51601
2014-07-11,36.325157
2014-07-12,36.40715
2014-07-13,36.473576
2014-07-14,36.234768
2014-07-15,35.581467
2014-07-16,35.42096
2014-07-17,35.679005
2014-07-18,36.09536
2014-07-19,36.586823
2014-07-20,37.133976
2014-07-21,37.39722
2014-07-22,37.392094
2014-07-23,37.382256
2014-07-24,37.67457
2014-07-25,37.71272
2014-07-26,37.629467
2014-07-27,37.34701
2014-07-28,37.3805
2014-07-29,37.10381
2014-07-30,37.4324
2014-07-31,37.706215
2014-08-01,38.101513
2014-08-02,37.78406
2014-08-03,37.56403
2014-08-04,37.89984
2014-08-05,37.857883
2014-08-06,37.85109
2014-08-07,38.209465
2014-08-08,38.47668
2014-08-09,38.350544
2014-08-10,38.272057
2014-08-11,37.96927
2014-08-12,37.866604
2014-08-13,37.55151
2014-08-14,37.96144
2014-08-15,38.434917
2014-08-16,38.82727
2014-08-17,39.251057
2014-08-18,39.14768
2014-08-19,39.04023
2014-08-20,38.508434
2014-08-21,37.34688
2014-08-22,38.148823
2014-08-23,39.32424
2014-08-24,40.17247
2014-08-25,40.835182
2014-08-26,41.169468
2014-08-27,41.11024
2014-08-28,40.062504
2014-08-29,39.66619
2014-08-30,39.93337
2014-08-31,40.484283
2014-09-01,40.82853
2014-09-02,41.052696
2014-09-03,41.19095
2014-09-04,41.228264
2014-09-05,41.36045
2014-09-06,41.366673
2014-09-07,40.611374
2014-09-08,39.46661
2014-09-09,38.640236
2014-09-10,38.0993
2014-09-11,37.589584
2014-09-12,37.18307
2014-09-13,35.558704
2014-09-14,34.040062
2014-09-15,34.316753
2014-09-16,35.013897
2014-09-17,35.65155
2014-09-18,36.44726
2014-09-19,36.86533
2014-09-20,37.038445
2014-09-21,38.004208
2014-09-22,39.615128
2014-09-23,41.10341
2014-09-24,41.768665
2014-09-25,42.161465
2014-09-26,42.41479
2014-09-27,42.277
2014-09-28,41.97116
2014-09-29,41.67352
2014-09-30,41.346546
2014-10-01,40.81961
2014-10-02,40.48553
2014-10-03,40.35204
2014-10-04,40.426003
2014-10-05,39.616375
2014-10-06,39.51901
2014-10-07,40.268097
2014-10-08,40.91413
2014-10-09,41.02586
2014-10-10,40.931152
2014-10-11,41.107414
2014-10-12,41.229286
2014-10-13,41.573044
2014-10-14,41.47562
2014-10-15,40.920357
2014-10-16,40.985638
2014-10-17,41.115524
2014-10-18,41.250847
2014-10-19,41.292366
2014-10-20,41.004612
2014-10-21,40.85018
2014-10-22,40.962536
2014-10-23,41.296455
2014-10-24,41.460323
2014-10-25,41.38332
2014-10-26,41.34026
2014-10-27,41.145058
2014-10-28,40.85435
2014-10-29,40.800808
2014-10-30,41.02128
2014-10-31,41.218956
2014-11-01,40.80993
2014-11-02,40.458317
2014-11-03,40.957535
2014-11-04,41.483406
2014-11-05,41.202805
2014-11-06,41.08096
2014-11-07,41.234222
2014-11-08,41.252827
2014-11-09,41.395443
2014-11-10,41.381687
2014-11-11,40.83907
2014-11-12,41.038067
2014-11-13,41.4283
2014-11-14,41.833794
2014-11-15,41.92938
2014-11-16,42.00272
2014-11-17,42.010113
2014-11-18,42.20819
2014-11-19,42.30636
2014-11-20,42.379307
2014-11-21,42.33807
2014-11-22,42.193645
2014-11-23,42.093704
2014-11-24,41.998287
2014-11-25,42.08471
2014-11-26,42.196796
2014-11-27,42.2684
2014-11-28,41.882427
2014-11-29,41.14153
2014-11-30,40.51872
2014-12-01,40.437298
2014-12-02,40.07394
2014-12-03,39.862724
2014-12-04,39.24335
2014-12-05,38.458755
2014-12-06,37.894928
2014-12-07,36.5604
2014-12-08,36.291042
2014-12-09,36.481236
2014-12-10,36.9236
2014-12-11,37.40719
2014-12-12,37.920376
2014-12-13,37.854824
2014-12-14,38.191612
2014-12-15,38.6928
2014-12-16,39.002247
2014-12-17,39.81329
2014-12-18,40.79957
2014-12-19,41.359974
2014-12-20,41.667328
2014-12-21,41.925575
2014-12-22,41.4465
2014-12-23,38.929188
2014-12-24,37.306923
2014-12-25,36.70421
2014-12-26,36.182796
2014-12-27,35.68703
2014-12-28,35.696346
2014-12-29,35.57941
2014-12-30,35.169224
2014-12-31,35.23799
2015-01-01,35.50619
2015-01-02,35.700607
2015-01-03,35.687607
2015-01-04,35.50171
2015-01-05,35.660645
2015-01-06,35.6214
2015-01-07,35.909313
2015-01-08,35.70749
2015-01-09,36.275978
2015-01-10,37.27099
2015-01-11,38.178207
2015-01-12,38.860348
2015-01-13,39.50732
2015-01-14,39.91373
2015-01-15,40.480785
2015-01-16,40.872917
2015-01-17,41.037975
2015-01-18,41.1001
2015-01-19,40.957996
2015-01-20,40.761635
2015-01-21,40.43658
2015-01-22,38.77448
2015-01-23,38.28446
2015-01-24,38.400913
2015-01-25,38.51789
2015-01-26,38.59706
2015-01-27,37.950077
2015-01-28,37.387115
2015-01-29,36.94877
2015-01-30,36.666653
2015-01-31,36.448235
2015-02-01,36.34231
2015-02-02,35.73254
2015-02-03,35.68345
2015-02-04,36.0157
2015-02-05,36.59403
2015-02-06,36.924206
2015-02-07,36.958538
2015-02-08,36.94477
2015-02-09,36.895233
2015-02-10,37.61863
2015-02-11,38.42888
2015-02-12,39.14241
2015-02-13,39.87219
2015-02-14,40.623703
2015-02-15,40.786026
2015-02-16,40.569233
2015-02-17,40.12388
2015-02-18,39.241325
2015-02-19,39.18788
2015-02-20,39.235016
2015-02-21,39.17568
2015-02-22,38.896904
2015-02-23,38.63397
2015-02-24,37.763325
2015-02-25,37.117245
2015-02-26,37.077415
2015-02-27,37.27593
2015-02-28,37.806522
2015-03-01,37.791946
2015-03-02,37.262558
2015-03-03,37.114086
2015-03-04,37.38377
2015-03-05,37.280815
2015-03-06,37.08629
2015-03-07,36.7032
2015-03-08,36.567467
2015-03-09,36.698143
2015-03-10,37.164757
2015-03-11,37.47067
2015-03-12,37.46023
2015-03-13,37.29842
2015-03-14,36.931953
2015-03-15,36.840263
2015-03-16,36.862476
2015-03-17,36.052475
2015-03-18,34.356274
2015-03-19,33.91721
2015-03-20,33.972004
2015-03-21,33.990196
2015-03-22,33.992706
2015-03-23,33.95147
2015-03-24,34.222267
2015-03-25,34.442127
2015-03-26,34.68764
2015-03-27,34.87533
2015-03-28,34.77256
2015-03-29,34.45977
2015-03-30,34.28975
2015-03-31,34.696476
2015-04-01,34.596226
2015-04-02,34.41956
2015-04-03,34.55818
2015-04-04,34.662094
2015-04-05,35.07514
2015-04-06,35.479248
2015-04-07,36.050453
2015-04-08,36.46122
2015-04-09,36.74468
2015-04-10,36.40026
2015-04-11,35.107605
2015-04-12,35.11731
2015-04-13,35.36374
2015-04-14,35.65887
2015-04-15,35.524906
2015-04-16,34.848392
2015-04-17,34.51857
2015-04-18,34.74379
2015-04-19,35.222565
2015-04-20,35.632576
2015-04-21,35.718895
2015-04-22,35.641834
2015-04-23,35.82688
2015-04-24,35.972622
2015-04-25,36.035767
2015-04-26,36.34299
2015-04-27,36.619312
2015-04-28,36.67139
2015-04-29,36.464565
2015-04-30,36.596222
2015-05-01,36.282578
2015-05-02,35.978886
2015-05-03,36.034817
2015-05-04,36.38863
2015-05-05,36.84341
2015-05-06,37.205738
2015-05-07,35.978725
2015-05-08,35.470203
2015-05-09,35.598057
2015-05-10,35.84338
2015-05-11,35.652596
2015-05-12,35.88938
2015-05-13,35.675926
2015-05-14,35.27206
2015-05-15,35.742702
2015-05-16,36.49782
2015-05-17,37.321693
2015-05-18,37.654068
2015-05-19,37.141346
2015-05-20,36.630135
2015-05-21,36.969604
2015-05-22,37.597202
2015-05-23,38.15838
2015-05-24,38.67691
2015-05-25,39.02965
2015-05-26,39.343708
2015-05-27,39.11655
2015-05-28,39.36986
2015-05-29,39.971813
2015-05-30,40.299633
2015-05-31,40.888695
2015-06-01,41.25879
2015-06-02,41.44438
2015-06-03,41.34302
2015-06-04,41.553116
2015-06-05,41.831604
2015-06-06,41.918713
2015-06-07,41.456158
2015-06-08,40.432514
2015-06-09,39.138046
2015-06-10,39.202988
2015-06-11,39.743465
2015-06-12,40.66712
2015-06-13,41.278652
2015-06-14,41.402874
2015-06-15,41.057262
2015-06-16,40.86598
2015-06-17,40.55714
2015-06-18,40.527397
2015-06-19,40.706604
2015-06-20,41.04413
2015-06-21,41.42633
2015-06-22,41.55277
2015-06-23,39.715317
2015-06-24,37.663048
2015-06-25,36.95642
2015-06-26,36.427834
2015-06-27,36.36502
2015-06-28,35.98843
2015-06-29,36.084972
2015-06-30,36.310448
2015-07-01,37.005184
2015-07-02,37.675465
2015-07-03,38.355408
2015-07-04,38.99512
2015-07-05,38.4095
2015-07-06,37.95172
2015-07-07,38.231617
2015-07-08,38.898468
2015-07-09,39.651352
2015-07-10,40.396347
2015-07-11,40.68094
2015-07-12,39.805706
2015-07-13,40.004654
2015-07-14,39.542023
2015-07-15,39.414528
2015-07-16,39.44543
2015-07-17,39.798573
2015-07-18,39.99188
2015-07-19,40.492603
2015-07-20,40.906578
2015-07-21,40.85351
2015-07-22,40.093483
2015-07-23,39.63416
2015-07-24,39.322033
2015-07-25,39.86178
2015-07-26,40.36549
2015-07-27,40.8869
2015-07-28,40.943104
2015-07-29,41.028336
2015-07-30,41.428566
2015-07-31,41.495327
2015-08-01,40.903744
2015-08-02,41.08849
2015-08-03,41.54072
2015-08-04,42.1101
2015-08-05,42.57072
2015-08-06,42.95837
2015-08-07,42.494896
2015-08-08,42.198296
2015-08-09,42.031654
2015-08-10,42.329838
2015-08-11,42.659534
2015-08-12,42.721237
2015-08-13,42.405766
2015-08-14,42.26164
2015-08-15,41.96991
2015-08-16,40.956657
2015-08-17,40.63975
2015-08-18,41.007008
2015-08-19,41.74126
2015-08-20,41.83393
2015-08-21,41.933533
2015-08-22,42.222027
2015-08-23,42.430283
2015-08-24,42.30181
2015-08-25,42.692818
2015-08-26,42.88236
2015-08-27,42.216824
2015-08-28,41.25848
2015-08-29,40.510586
2015-08-30,41.028927
2015-08-31,42.010883
2015-09-01,42.678654
2015-09-02,43.20157
2015-09-03,43.36713
2015-09-04,43.24246
2015-09-05,42.97765
2015-09-06,43.343624
2015-09-07,43.31019
2015-09-08,42.909748
2015-09-09,41.30259
2015-09-10,41.183502
2015-09-11,41.591625
2015-09-12,41.505745
2015-09-13,41.89155
2015-09-14,41.758656
2015-09-15,41.380302
2015-09-16,41.317867
2015-09-17,41.33253
2015-09-18,41.235695
2015-09-19,41.24854
2015-09-20,41.603104
2015-09-21,41.557045
2015-09-22,41.86281
2015-09-23,42.05948
2015-09-24,41.967957
2015-09-25,42.07559
2015-09-26,42.36329
2015-09-27,42.651077
2015-09-28,42.77123
2015-09-29,42.710484
2015-09-30,42.880882
2015-10-01,43.185444
2015-10-02,43.112354
2015-10-03,42.664085
2015-10-04,42.403305
2015-10-05,42.289238
2015-10-06,42.353107
2015-10-07,42.371925
2015-10-08,41.081158
2015-10-09,41.211037
2015-10-10,41.706894
2015-10-11,42.15964
2015-10-12,42.581066
2015-10-13,42.33249
2015-10-14,42.15692
2015-10-15,42.109222
2015-10-16,42.255806
2015-10-17,42.583183
2015-10-18,42.82427
2015-10-19,42.57256
2015-10-20,42.96288
2015-10-21,43.22013
2015-10-22,43.053745
2015-10-23,42.92152
2015-10-24,42.74338
2015-10-25,42.62708
2015-10-26,42.274273
2015-10-27,42.200054
2015-10-28,42.551014
2015-10-29,42.982216
2015-10-30,43.21612
2015-10-31,43.10512
2015-11-01,42.93783
2015-11-02,43.162033
2015-11-03,43.86112
2015-11-04,42.976498
2015-11-05,42.61028
2015-11-06,42.830296
2015-11-07,42.729256
2015-11-08,41.73411
2015-11-09,41.66133
2015-11-10,42.338966
2015-11-11,42.391422
2015-11-12,42.515484
2015-11-13,42.80118
2015-11-14,42.652245
2015-11-15,42.520382
2015-11-16,42.33058
2015-11-17,42.25175
2015-11-18,42.39586
2015-11-19,42.404057
2015-11-20,42.764698
2015-11-21,42.920547
2015-11-22,43.271473
2015-11-23,43.926064
2015-11-24,44.53622
2015-11-25,45.109356
2015-11-26,45.736393
2015-11-27,46.210155
2015-11-28,45.987026
2015-11-29,45.15638
2015-11-30,44.783783
2015-12-01,45.15673
2015-12-02,45.931324
2015-12-03,46.518436
2015-12-04,46.82207
2015-12-05,46.960075
2015-12-06,46.813454
2015-12-07,46.35702
2015-12-08,45.438377
2015-12-09,45.280277
2015-12-10,45.156452
2015-12-11,44.366814
2015-12-12,43.790016
2015-12-13,43.67625
2015-12-14,43.638355
2015-12-15,43.33949
2015-12-16,42.873272
2015-12-17,42.948856
2015-12-18,43.031498
2015-12-19,43.36921
2015-12-20,43.762756
2015-12-21,42.789814
2015-12-22,42.157906
2015-12-23,43.279396
2015-12-24,44.27243
2015-12-25,45.071762
2015-12-26,45.75001
2015-12-27,46.357876
2015-12-28,46.797943
2015-12-29,47.493866
2015-12-30,48.203293
2015-12-31,48.901558
2016-01-01,47.703888
2016-01-02,47.081814
2016-01-03,46.878418
2016-01-04,46.77061
2016-01-05,46.814148
2016-01-06,46.437637
2016-01-07,46.44037
2016-01-08,46.559116
2016-01-09,46.85384
2016-01-10,47.03492
2016-01-11,47.16795
2016-01-12,46.832123
2016-01-13,46.635555
2016-01-14,46.57532
2016-01-15,46.640938
2016-01-16,46.852085
2016-01-17,46.878593
2016-01-18,46.96998
2016-01-19,47.033577
2016-01-20,46.32989
2016-01-21,45.021378
2016-01-22,44.758587
2016-01-23,45.282333
2016-01-24,46.155403
2016-01-25,46.828312
2016-01-26,47.565422
2016-01-27,48.695835
2016-01-28,49.255474
2016-01-29,49.473938
2016-01-30,49.890766
2016-01-31,50.624813
2016-02-01,50.5556
2016-02-02,50.128647
2016-02-03,49.91798
2016-02-04,49.519215
2016-02-05,49.099514
2016-02-06,48.786472
2016-02-07,48.905167
2016-02-08,48.753204
2016-02-09,48.562927
2016-02-10,47.91995
2016-02-11,48.346222
2016-02-12,48.579556
2016-02-13,47.719784
2016-02-14,47.65686
2016-02-15,48.13938
2016-02-16,48.55606
2016-02-17,47.845432
2016-02-18,47.63938
2016-02-19,47.854244
2016-02-20,48.397972
2016-02-21,48.944614
2016-02-22,49.46769
2016-02-23,49.57116
2016-02-24,49.82235
2016-02-25,50.068317
2016-02-26,50.08012
2016-02-27,50.416317
2016-02-28,50.660934
2016-02-29,50.76338
2016-03-01,50.67829
2016-03-02,49.80889
2016-03-03,49.351418
2016-03-04,49.764664
2016-03-05,50.209927
2016-03-06,50.688995
2016-03-07,49.633358
2016-03-08,49.28469
2016-03-09,49.60265
2016-03-10,49.857197
2016-03-11,50.078594
2016-03-12,49.334415
2016-03-13,49.510303
2016-03-14,49.81736
2016-03-15,49.64048
2016-03-16,49.057346
2016-03-17,48.68912
2016-03-18,48.50253
2016-03-19,48.717617
2016-03-20,49.114082
2016-03-21,49.45024
2016-03-22,50.07441
2016-03-23,50.16145
2016-03-24,50.171227
2016-03-25,50.013405
2016-03-26,49.86037
2016-03-27,49.62454
2016-03-28,48.706814
2016-03-29,48.58224
2016-03-30,49.007072
2016-03-31,49.526463
2016-04-01,50.16064
2016-04-02,50.546135
2016-04-03,50.431404
2016-04-04,50.27271
2016-04-05,50.140606
2016-04-06,50.119446
2016-04-07,50.30324
2016-04-08,50.309456
2016-04-09,50.57744
2016-04-10,51.267883
2016-04-11,51.287025
2016-04-12,50.843777
2016-04-13,50.100864
2016-04-14,49.54051
2016-04-15,49.03503
2016-04-16,48.888752
2016-04-17,48.686222
2016-04-18,48.797993
2016-04-19,48.99504
2016-04-20,49.44452
2016-04-21,49.70342
2016-04-22,49.53524
2016-04-23,49.137375
2016-04-24,49.220997
2016-04-25,49.040215
2016-04-26,48.948395
2016-04-27,49.12803
2016-04-28,49.219074
2016-04-29,49.40103
2016-04-30,49.710365
2016-05-01,49.833786
2016-05-02,49.56697
2016-05-03,49.493546
2016-05-04,49.65087
2016-05-05,50.051994
2016-05-06,50.27663
2016-05-07,49.85665
2016-05-08,49.879913
2016-05-09,48.736923
2016-05-10,48.56354
2016-05-11,48.777355
2016-05-12,49.37659
2016-05-13,49.814594
2016-05-14,50.05463
2016-05-15,50.324818
2016-05-16,50.14674
2016-05-17,50.495384
2016-05-18,50.876446
2016-05-19,51.148666
2016-05-20,51.164917
2016-05-21,50.769016
2016-05-22,50.070755
2016-05-23,49.811314
2016-05-24,50.184307
2016-05-25,50.74299
2016-05-26,51.21468
2016-05-27,51.5095
2016-05-28,51.10785
2016-05-29,50.804295
2016-05-30,50.73174
2016-05-31,50.83002
2016-06-01,50.925632
2016-06-02,51.375313
2016-06-03,52.01087
2016-06-04,52.60757
2016-06-05,53.09455
2016-06-06,52.458973
2016-06-07,52.284298
2016-06-08,52.39287
2016-06-09,52.61942
2016-06-10,53.202984
2016-06-11,53.308784
2016-06-12,52.634914
2016-06-13,51.851612
2016-06-14,51.70613
2016-06-15,51.447445
2016-06-16,50.80431
2016-06-17,50.77217
2016-06-18,50.471085
2016-06-19,50.174046
2016-06-20,50.12072
2016-06-21,50.28452
2016-06-22,50.742786
2016-06-23,50.810333
2016-06-24,50.50431
2016-06-25,50.342834
2016-06-26,50.439953
2016-06-27,50.058495
2016-06-28,50.152508
2016-06-29,50.590076
2016-06-30,51.090454
2016-07-01,51.481625
2016-07-02,51.534344
2016-07-03,51.862366
2016-07-04,51.7299
2016-07-05,52.164215
2016-07-06,52.82165
2016-07-07,53.327103
2016-07-08,52.656895
2016-07-09,52.245586
2016-07-10,51.997204
2016-07-11,51.958763
2016-07-12,51.804943
2016-07-13,51.01912
2016-07-14,50.53708
2016-07-15,49.879887
2016-07-16,49.20118
2016-07-17,49.12758
2016-07-18,49.571735
2016-07-19,50.25639
2016-07-20,50.77298
2016-07-21,49.01065
2016-07-22,48.29686
2016-07-23,48.384678
2016-07-24,49.13365
2016-07-25,49.538467
2016-07-26,50.133774
2016-07-27,50.969883
2016-07-28,51.478115
2016-07-29,51.345203
2016-07-30,51.16662
2016-07-31,51.91514
2016-08-01,52.742542
2016-08-02,53.43044
2016-08-03,52.942364
2016-08-04,51.84082
2016-08-05,52.066437
2016-08-06,52.165962
2016-08-07,52.162014
2016-08-08,52.078983
2016-08-09,51.831615
2016-08-10,51.164272
2016-08-11,50.848015
2016-08-12,50.629757
2016-08-13,50.731483
2016-08-14,51.17858
2016-08-15,51.70841
2016-08-16,51.970535
2016-08-17,51.885586
2016-08-18,51.770576
2016-08-19,52.02665
2016-08-20,52.51123
2016-08-21,52.746822
2016-08-22,52.50639
2016-08-23,52.75036
2016-08-24,52.316383
2016-08-25,51.893986
2016-08-26,51.902916
2016-08-27,52.076416
2016-08-28,52.55368
2016-08-29,53.211002
2016-08-30,53.568245
2016-08-31,53.255726
2016-09-01,53.25332
2016-09-02,52.803375
2016-09-03,52.36854
2016-09-04,51.942234
2016-09-05,51.61611
2016-09-06,51.570065
2016-09-07,51.61687
2016-09-08,51.827053
2016-09-09,51.954723
2016-09-10,52.019463
2016-09-11,52.216038
2016-09-12,52.3873
2016-09-13,52.077744
2016-09-14,52.32295
2016-09-15,52.378487
2016-09-16,52.6666
2016-09-17,53.111286
2016-09-18,53.58169
2016-09-19,53.706398
2016-09-20,52.837643
2016-09-21,52.49959
2016-09-22,52.90543
2016-09-23,53.397236
2016-09-24,53.623287
2016-09-25,53.553894
2016-09-26,53.09848
2016-09-27,52.96297
2016-09-28,52.89452
2016-09-29,52.836514
2016-09-30,52.567566
2016-10-01,52.621216
2016-10-02,52.791485
2016-10-03,52.957043
2016-10-04,52.759525
2016-10-05,52.266132
2016-10-06,52.517498
2016-10-07,52.872334
2016-10-08,53.17021
2016-10-09,53.56451
2016-10-10,53.956516
2016-10-11,54.050846
2016-10-12,54.197365
2016-10-13,54.773655
2016-10-14,53.213463
2016-10-15,52.00286
2016-10-16,52.206623
2016-10-17,52.84757
2016-10-18,53.334568
2016-10-19,53.76608
2016-10-20,54.40993
2016-10-21,54.79064
2016-10-22,55.13917
2016-10-23,55.459095
2016-10-24,55.3871
2016-10-25,55.246662
2016-10-26,54.41705
2016-10-27,53.99569
2016-10-28,53.946926
2016-10-29,53.48256
2016-10-30,52.885956
2016-10-31,53.010525
2016-11-01,53.37119
2016-11-02,53.849014
2016-11-03,54.082436
2016-11-04,54.225002
2016-11-05,54.41099
2016-11-06,54.68689
2016-11-07,55.016254
2016-11-08,55.44616
2016-11-09,55.837334
2016-11-10,55.770172
2016-11-11,54.88326
2016-11-12,54.360115
2016-11-13,54.072887
2016-11-14,54.24522
2016-11-15,54.529568
2016-11-16,54.973152
2016-11-17,55.54813
2016-11-18,56.00801
2016-11-19,56.355114
2016-11-20,56.650673
2016-11-21,56.982014
2016-11-22,57.131218
2016-11-23,56.541092
2016-11-24,56.512337
2016-11-25,55.69487
2016-11-26,54.811497
2016-11-27,54.36251
2016-11-28,54.229492
2016-11-29,54.14662
2016-11-30,54.303154
2016-12-01,54.352764
2016-12-02,54.314407
2016-12-03,54.351875
2016-12-04,54.915123
2016-12-05,55.647694
2016-12-06,55.938885
2016-12-07,55.74418
2016-12-08,55.542442
2016-12-09,55.37082
2016-12-10,55.170456
2016-12-11,55.373207
2016-12-12,55.774643
2016-12-13,55.861446
2016-12-14,56.225273
2016-12-15,56.66315
2016-12-16,57.065624
2016-12-17,57.379875
2016-12-18,57.452217
2016-12-19,57.314457
2016-12-20,57.207893
2016-12-21,56.734917
2016-12-22,55.572433
2016-12-23,54.91631
2016-12-24,54.68303
2016-12-25,54.529213
2016-12-26,54.303513
2016-12-27,54.17408
2016-12-28,54.28396
2016-12-29,54.62679
2016-12-30,55.04945
2016-12-31,55.471737
2017-01-01,55.12959
2017-01-02,55.391296
2017-01-03,56.01166
2017-01-04,56.1062
2017-01-05,55.77494
2017-01-06,55.410492
2017-01-07,55.464306
2017-01-08,55.591
2017-01-09,55.605244
2017-01-10,55.657967
2017-01-11,55.87976
2017-01-12,56.313667
2017-01-13,56.740337
2017-01-14,56.95894
2017-01-15,57.400997
2017-01-16,57.65578
2017-01-17,57.75425
2017-01-18,57.76036
2017-01-19,56.93333
2017-01-20,56.784004
2017-01-21,56.741486
2017-01-22,56.6766
2017-01-23,56.508236
2017-01-24,56.62242
2017-01-25,56.93997
2017-01-26,56.723724
2017-01-27,56.070183
2017-01-28,55.732334
2017-01-29,55.68518
2017-01-30,56.04339
2017-01-31,56.263355
2017-02-01,55.55673
2017-02-02,55.267246
2017-02-03,55.160664
2017-02-04,55.34339
2017-02-05,55.65374
2017-02-06,55.662548
2017-02-07,55.885582
2017-02-08,56.185844
2017-02-09,56.446606
2017-02-10,56.598774
2017-02-11,56.836006
2017-02-12,57.274906
2017-02-13,57.603573
2017-02-14,57.84039
2017-02-15,58.08824
2017-02-16,58.113373
2017-02-17,57.830914
2017-02-18,57.493465
2017-02-19,57.290184
2017-02-20,57.278965
2017-02-21,57.32647
2017-02-22,57.586224
2017-02-23,57.563908
2017-02-24,57.155964
2017-02-25,56.96379
2017-02-26,57.33482
2017-02-27,57.72515
2017-02-28,57.851276
2017-03-01,57.602245
2017-03-02,56.682972
2017-03-03,56.43201
2017-03-04,56.262287
2017-03-05,56.350433
2017-03-06,56.481197
2017-03-07,56.563496
2017-03-08,56.68391
2017-03-09,56.83196
2017-03-10,57.078796
2017-03-11,57.41025
2017-03-12,57.745422
2017-03-13,57.93315
2017-03-14,58.12084
2017-03-15,58.28486
2017-03-16,58.135326
2017-03-17,57.9806
2017-03-18,58.30189
2017-03-19,58.55548
2017-03-20,58.704205
2017-03-21,58.75017
2017-03-22,57.98347
2017-03-23,57.48277
2017-03-24,57.512203
2017-03-25,57.685383
2017-03-26,58.08029
2017-03-27,58.340317
2017-03-28,57.440697
2017-03-29,57.08156
2017-03-30,57.05078
2017-03-31,56.923428
2017-04-01,56.674786
2017-04-02,56.648823
2017-04-03,56.68951
2017-04-04,56.549637
2017-04-05,55.4417
2017-04-06,54.95159
2017-04-07,55.05056
2017-04-08,55.405704
2017-04-09,55.560665
2017-04-10,55.6511
2017-04-11,55.95631
2017-04-12,56.294373
2017-04-13,56.838966
2017-04-14,57.24686
2017-04-15,57.20315
2017-04-16,57.570446
2017-04-17,58.10795
2017-04-18,58.39981
2017-04-19,58.54832
2017-04-20,57.747272
2017-04-21,57.53292
2017-04-22,57.212845
2017-04-23,56.505993
2017-04-24,55.580868
2017-04-25,54.97804
2017-04-26,54.89403
2017-04-27,54.893036
2017-04-28,54.99702
2017-04-29,55.07471
2017-04-30,55.151928
2017-05-01,55.545845
2017-05-02,55.67253
2017-05-03,55.73394
2017-05-04,56.20435
2017-05-05,56.48032
2017-05-06,56.066692
2017-05-07,55.8344
2017-05-08,56.018467
2017-05-09,56.312054
2017-05-10,56.833996
2017-05-11,56.990723
2017-05-12,56.74399
2017-05-13,56.949482
2017-05-14,57.468758
2017-05-15,57.592052
2017-05-16,57.357246
2017-05-17,57.482662
2017-05-18,57.725185
2017-05-19,57.41408
2017-05-20,57.029427
2017-05-21,56.59744
2017-05-22,56.476105
2017-05-23,56.444263
2017-05-24,56.666588
2017-05-25,57.17999
2017-05-26,57.53275
2017-05-27,57.805912
2017-05-28,57.80236
2017-05-29,55.895336
2017-05-30,55.103397
2017-05-31,55.26095
2017-06-01,55.67077
2017-06-02,56.052536
2017-06-03,56.70219
2017-06-04,56.818428
2017-06-05,56.974483
2017-06-06,57.04606
2017-06-07,56.984756
2017-06-08,57.201866
2017-06-09,57.646038
2017-06-10,57.950092
2017-06-11,58.051956
2017-06-12,57.948975
2017-06-13,57.7732
2017-06-14,57.890743
2017-06-15,58.175037
2017-06-16,58.488644
2017-06-17,58.044434
2017-06-18,57.64493
2017-06-19,57.51097
2017-06-20,57.65097
2017-06-21,57.855717
2017-06-22,57.90199
2017-06-23,57.83873
2017-06-24,57.797016
2017-06-25,57.533943
2017-06-26,57.199173
2017-06-27,57.008484
2017-06-28,57.112915
2017-06-29,57.02377
2017-06-30,57.14638
2017-07-01,57.38339
2017-07-02,56.62303
2017-07-03,55.758762
2017-07-04,56.239056
2017-07-05,56.66536
2017-07-06,56.99376
2017-07-07,56.913944
2017-07-08,56.947662
2017-07-09,57.248886
2017-07-10,56.56053
2017-07-11,56.480022
2017-07-12,56.815384
2017-07-13,57.20457
2017-07-14,57.60479
2017-07-15,57.801785
2017-07-16,58.050404
2017-07-17,56.67342
2017-07-18,55.02708
2017-07-19,54.899605
2017-07-20,55.81073
2017-07-21,56.327637
2017-07-22,56.25466
2017-07-23,56.2093
2017-07-24,56.119965
2017-07-25,56.0283
2017-07-26,55.801704
2017-07-27,55.430286
2017-07-28,55.366276
2017-07-29,55.133915
2017-07-30,54.974457
2017-07-31,54.818474
2017-08-01,54.931175
2017-08-02,54.354702
2017-08-03,53.85919
2017-08-04,53.229694
2017-08-05,51.876736
2017-08-06,51.84659
2017-08-07,52.089207
2017-08-08,52.893227
2017-08-09,53.605293
2017-08-10,54.064106
2017-08-11,54.57453
2017-08-12,54.676365
2017-08-13,54.310123
2017-08-14,54.585243
2017-08-15,55.102303
2017-08-16,55.77172
2017-08-17,55.815956
2017-08-18,55.084312
2017-08-19,54.653885
2017-08-20,54.144344
2017-08-21,53.73802
2017-08-22,53.642136
2017-08-23,53.59519
2017-08-24,53.449787
2017-08-25,53.51774
2017-08-26,53.81591
2017-08-27,54.034275
2017-08-28,53.916973
2017-08-29,53.90314
2017-08-30,54.142128
2017-08-31,54.782314
2017-09-01,54.43718
2017-09-02,54.04847
2017-09-03,54.16858
2017-09-04,54.352325
2017-09-05,54.392025
2017-09-06,54.47223
2017-09-07,54.81504
2017-09-08,53.839344
2017-09-09,51.483807
2017-09-10,50.598564
2017-09-11,50.649845
2017-09-12,51.4663
2017-09-13,52.091927
2017-09-14,52.726143
2017-09-15,52.830227
2017-09-16,52.575565
2017-09-17,52.203365
2017-09-18,52.0138
2017-09-19,52.06526
2017-09-20,52.390095
2017-09-21,52.61281
2017-09-22,52.95998
2017-09-23,53.028893
2017-09-24,53.085186
2017-09-25,52.949726
2017-09-26,52.97187
2017-09-27,53.01041
2017-09-28,51.611557
2017-09-29,50.50916
2017-09-30,50.338863
2017-10-01,50.645405
2017-10-02,50.91338
2017-10-03,51.461266
2017-10-04,52.02948
2017-10-05,52.46139
2017-10-06,52.41597
2017-10-07,52.440056
2017-10-08,52.59273
2017-10-09,53.22013
2017-10-10,53.753223
2017-10-11,54.30828
2017-10-12,53.91885
2017-10-13,53.652546
2017-10-14,53.102077
2017-10-15,52.912815
2017-10-16,53.048912
2017-10-17,53.43537
2017-10-18,54.089638
2017-10-19,54.62251
2017-10-20,54.68966
2017-10-21,55.032307
2017-10-22,55.097145
2017-10-23,55.176193
2017-10-24,55.28104
2017-10-25,54.86097
2017-10-26,54.26411
2017-10-27,53.91721
2017-10-28,54.070732
2017-10-29,54.527214
2017-10-30,54.93152
2017-10-31,55.393326
2017-11-01,55.681713
2017-11-02,55.721733
2017-11-03,55.205082
2017-11-04,55.11564
2017-11-05,55.350773
2017-11-06,55.951134
2017-11-07,56.299973
2017-11-08,55.491978
2017-11-09,55.25207
2017-11-10,55.486103
2017-11-11,55.52325
2017-11-12,55.781162
2017-11-13,56.09896
2017-11-14,56.425503
2017-11-15,56.03736
2017-11-16,55.49139
2017-11-17,55.22106
2017-11-18,55.297558
2017-11-19,55.65756
2017-11-20,56.411194
2017-11-21,56.829506
2017-11-22,56.692318
2017-11-23,56.930447
2017-11-24,57.408634
2017-11-25,57.444794
2017-11-26,57.76693
2017-11-27,58.082115
2017-11-28,57.93269
2017-11-29,57.751915
2017-11-30,57.475643
2017-12-01,57.232227
2017-12-02,57.22942
2017-12-03,57.325676
2017-12-04,57.44278
2017-12-05,57.23083
2017-12-06,56.58111
2017-12-07,56.57988
2017-12-08,56.648296
2017-12-09,56.81034
2017-12-10,56.921993
2017-12-11,57.116573
2017-12-12,56.608284
2017-12-13,56.425953
2017-12-14,56.73982
2017-12-15,57.09106
2017-12-16,57.448586
2017-12-17,57.71334
2017-12-18,57.283554
2017-12-19,57.20695
2017-12-20,57.418316
2017-12-21,57.871216
2017-12-22,58.186817
2017-12-23,58.370117
2017-12-24,58.258656
2017-12-25,57.80429
2017-12-26,57.61475
2017-12-27,57.718983
2017-12-28,57.639503
2017-12-29,57.84086
2017-12-30,57.968014
2017-12-31,57.903828
2018-01-01,57.771202
2018-01-02,57.373
2018-01-03,57.37754
2018-01-04,57.469173
2018-01-05,57.5509
2018-01-06,57.697624
2018-01-07,57.8444
2018-01-08,57.937
2018-01-09,57.280136
2018-01-10,57.415024
2018-01-11,57.756588
2018-01-12,58.095448
2018-01-13,58.354977
2018-01-14,58.329712
2018-01-15,58.17079
2018-01-16,58.40698
2018-01-17,58.72577
2018-01-18,58.95831
2018-01-19,59.194073
2018-01-20,59.066933
2018-01-21,58.919125
2018-01-22,58.644478
2018-01-23,58.639957
2018-01-24,58.78951
2018-01-25,58.84527
2018-01-26,58.5893
2018-01-27,58.477386
2018-01-28,58.588135
2018-01-29,58.670208
2018-01-30,58.556904
2018-01-31,58.48441
2018-02-01,58.218582
2018-02-02,58.220898
2018-02-03,58.40327
2018-02-04,58.61367
2018-02-05,58.539795
2018-02-06,58.36012
2018-02-07,58.25852
2018-02-08,58.204197
2018-02-09,58.164005
2018-02-10,58.142487
2018-02-11,58.093704
2018-02-12,58.32812
2018-02-13,58.51985
2018-02-14,58.714783
2018-02-15,58.937546
2018-02-16,59.094635
2018-02-17,58.51152
2018-02-18,58.465206
2018-02-19,58.53649
2018-02-20,58.591938
2018-02-21,58.980515
2018-02-22,59.250645
2018-02-23,59.19344
2018-02-24,58.89172
2018-02-25,58.675114
2018-02-26,58.426517
2018-02-27,58.247936
2018-02-28,57.99657
2018-03-01,58.032814
2018-03-02,58.26156
2018-03-03,58.38233
2018-03-04,58.289124
2018-03-05,58.398865
2018-03-06,58.45718
2018-03-07,58.563675
2018-03-08,58.7155
2018-03-09,58.780743
2018-03-10,58.639233
2018-03-11,57.344276
2018-03-12,57.716785
2018-03-13,58.314342
2018-03-14,58.761784
2018-03-15,58.937347
2018-03-16,58.881126
2018-03-17,58.559868
2018-03-18,58.64474
2018-03-19,58.58826
2018-03-20,58.604023
2018-03-21,58.91393
2018-03-22,59.27977
2018-03-23,59.354065
2018-03-24,59.117447
2018-03-25,58.78839
2018-03-26,58.55387
2018-03-27,58.383633
2018-03-28,58.434494
2018-03-29,58.670147
2018-03-30,58.684856
2018-03-31,58.519608
2018-04-01,58.363766
2018-04-02,58.320713
2018-04-03,58.451912
2018-04-04,58.66506
2018-04-05,58.72974
2018-04-06,58.652702
2018-04-07,58.70506
2018-04-08,58.9216
2018-04-09,59.047935
2018-04-10,58.85581
2018-04-11,58.580517
2018-04-12,58.542152
2018-04-13,58.517437
2018-04-14,58.520584
2018-04-15,58.673843
2018-04-16,58.79627
2018-04-17,59.01793
2018-04-18,59.124184
2018-04-19,59.005405
2018-04-20,58.873848
2018-04-21,57.830425
2018-04-22,57.520473
2018-04-23,57.57976
2018-04-24,57.827084
2018-04-25,57.998184
2018-04-26,58.077457
2018-04-27,58.1936
2018-04-28,58.32173
2018-04-29,58.397312
2018-04-30,58.438824
2018-05-01,58.371223
2018-05-02,58.486065
2018-05-03,58.64048
2018-05-04,58.784515
2018-05-05,58.98715
2018-05-06,58.76755
2018-05-07,58.553665
2018-05-08,58.388706
2018-05-09,58.219254
2018-05-10,58.01174
2018-05-11,58.158737
2018-05-12,58.132877
2018-05-13,58.261417
2018-05-14,58.269733
2018-05-15,58.6507
2018-05-16,58.93621
2018-05-17,59.095604
2018-05-18,58.818474
2018-05-19,58.751896
2018-05-20,58.838966
2018-05-21,58.851303
2018-05-22,58.828987
2018-05-23,58.604713
2018-05-24,58.286255
2018-05-25,58.386448
2018-05-26,58.446945
2018-05-27,58.614376
2018-05-28,58.574787
2018-05-29,58.55814
2018-05-30,58.576607
2018-05-31,58.721844
2018-06-01,58.70596
2018-06-02,58.464233
2018-06-03,58.480274
2018-06-04,58.543087
2018-06-05,58.72953
2018-06-06,59.090836
2018-06-07,59.146248
2018-06-08,58.96251
2018-06-09,59.287754
2018-06-10,59.67251
2018-06-11,59.954033
2018-06-12,60.135433
2018-06-13,60.168568
2018-06-14,60.21903
2018-06-15,60.19214
2018-06-16,60.312008
2018-06-17,60.38032
2018-06-18,60.309742
2018-06-19,59.403145
2018-06-20,59.18172
2018-06-21,59.172657
2018-06-22,59.305634
2018-06-23,59.295483
2018-06-24,58.438137
2018-06-25,58.351696
2018-06-26,58.27746
2018-06-27,57.784195
2018-06-28,57.751812
2018-06-29,57.863697
2018-06-30,58.139435
2018-07-01,58.317802
2018-07-02,58.724297
2018-07-03,58.99067
2018-07-04,59.126724
2018-07-05,58.98263
2018-07-06,58.75013
2018-07-07,58.835167
2018-07-08,59.109673
2018-07-09,59.38553
2018-07-10,59.645123
2018-07-11,59.444626
2018-07-12,59.11312
2018-07-13,59.178047
2018-07-14,59.302135
2018-07-15,59.37489
2018-07-16,59.432346
2018-07-17,59.024467
2018-07-18,58.819134
2018-07-19,58.983467
2018-07-20,59.199364
2018-07-21,59.16319
2018-07-22,58.906548
2018-07-23,59.00155
2018-07-24,59.267735
2018-07-25,59.089966
2018-07-26,59.139904
2018-07-27,59.339848
2018-07-28,59.43139
2018-07-29,59.47454
2018-07-30,59.45297
2018-07-31,59.289944
2018-08-01,59.18532
2018-08-02,59.05337
2018-08-03,58.909637
2018-08-04,59.07282
2018-08-05,59.383022
2018-08-06,59.388157
2018-08-07,59.45779
2018-08-08,59.45135
2018-08-09,59.534367
2018-08-10,59.68568
2018-08-11,59.575882
2018-08-12,59.15369
2018-08-13,59.073296
2018-08-14,59.105465
2018-08-15,59.08687
2018-08-16,58.609066
2018-08-17,58.213047
2018-08-18,58.097538
2018-08-19,58.157017
2018-08-20,58.167065
2018-08-21,57.838295
2018-08-22,57.94318
2018-08-23,58.1609
2018-08-24,58.44506
2018-08-25,58.40522
2018-08-26,57.56615
2018-08-27,56.06761
2018-08-28,56.350555
2018-08-29,56.920033
2018-08-30,57.5793
2018-08-31,58.080585
2018-09-01,58.135418
2018-09-02,58.50537
2018-09-03,58.91515
2018-09-04,59.247337
2018-09-05,59.37711
2018-09-06,59.517326
2018-09-07,59.711365
2018-09-08,59.528088
2018-09-09,59.456905
2018-09-10,59.322395
2018-09-11,59.03555
2018-09-12,58.55595
2018-09-13,58.592327
2018-09-14,58.773624
2018-09-15,58.971924
2018-09-16,59.385494
2018-09-17,59.711956
2018-09-18,59.52608
2018-09-19,59.56073
2018-09-20,59.736614
2018-09-21,59.942574
2018-09-22,59.95795
2018-09-23,59.522526
2018-09-24,59.02234
2018-09-25,58.947723
2018-09-26,58.996563
2018-09-27,59.081253
2018-09-28,59.207882
2018-09-29,59.46475
2018-09-30,59.507328
2018-10-01,59.664806
2018-10-02,59.67313
2018-10-03,59.74127
2018-10-04,59.774216
2018-10-05,59.753258
2018-10-06,59.885128
2018-10-07,59.971004
2018-10-08,59.59501
2018-10-09,59.409004
2018-10-10,59.43614
2018-10-11,59.475616
2018-10-12,59.65521
2018-10-13,59.828056
2018-10-14,59.48103
2018-10-15,59.217743
2018-10-16,59.229347
2018-10-17,59.401814
2018-10-18,59.614334
2018-10-19,59.8278
2018-10-20,59.95505
2018-10-21,59.899006
2018-10-22,59.679142
2018-10-23,59.602436
2018-10-24,59.653114
2018-10-25,59.61403
2018-10-26,59.601147
2018-10-27,59.481354
2018-10-28,59.521915
2018-10-29,59.553654
2018-10-30,59.550083
2018-10-31,59.49583
2018-11-01,59.412003
2018-11-02,59.382374
2018-11-03,59.376446
2018-11-04,59.304497
2018-11-05,59.0699
2018-11-06,58.834393
2018-11-07,59.050304
2018-11-08,59.11065
2018-11-09,59.06193
2018-11-10,58.97368
2018-11-11,58.48296
2018-11-12,58.39338
2018-11-13,58.38686
2018-11-14,58.409122
2018-11-15,58.45259
2018-11-16,58.555325
2018-11-17,58.590332
2018-11-18,58.627964
2018-11-19,58.599827
2018-11-20,58.595257
2018-11-21,58.520237
2018-11-22,58.511513
2018-11-23,58.77225
2018-11-24,59.140076
2018-11-25,59.439728
2018-11-26,59.6246
2018-11-27,59.651188
2018-11-28,59.639877
2018-11-29,59.710663
2018-11-30,59.939877
2018-12-01,60.212482
2018-12-02,60.023952
2018-12-03,59.87467
2018-12-04,59.8083
2018-12-05,59.62837
2018-12-06,59.535225
2018-12-07,59.51977
2018-12-08,59.141613
2018-12-09,58.813404
2018-12-10,58.37112
2018-12-11,58.234886
2018-12-12,58.23693
2018-12-13,58.471294
2018-12-14,58.63416
2018-12-15,58.685295
2018-12-16,58.88438
2018-12-17,59.052814
2018-12-18,58.91834
2018-12-19,58.797565
2018-12-20,58.84827
2018-12-21,58.989315
2018-12-22,59.362865
2018-12-23,59.72965
2018-12-24,59.99972
2018-12-25,60.05696
2018-12-26,60.02806
2018-12-27,60.045742
2018-12-28,60.070988
2018-12-29,59.675488
2018-12-30,59.673008
2018-12-31,59.63926
2019-01-01,59.67645
2019-01-02,59.655735
2019-01-03,59.708614
2019-01-04,59.725292
2019-01-05,59.31774
2019-01-06,58.98017
2019-01-07,58.87383
2019-01-08,58.952595
2019-01-09,59.03664
2019-01-10,59.13656
2019-01-11,58.96451
2019-01-12,58.773643
2019-01-13,58.8462
2019-01-14,58.958725
2019-01-15,58.857754
2019-01-16,58.72811
2019-01-17,58.636646
2019-01-18,58.503258
2019-01-19,58.716526
2019-01-20,59.088802
2019-01-21,59.492462
2019-01-22,59.733463
2019-01-23,59.775745
2019-01-24,59.52376
2019-01-25,59.292866
2019-01-26,59.302605
2019-01-27,59.436005
2019-01-28,59.479977
2019-01-29,59.652786
2019-01-30,59.772034
2019-01-31,59.851494
2019-02-01,59.236103
2019-02-02,58.949745
2019-02-03,58.925304
2019-02-04,59.153
2019-02-05,59.34309
2019-02-06,59.3991
2019-02-07,59.311226
2019-02-08,59.369286
2019-02-09,59.313995
2019-02-10,59.322968
2019-02-11,59.46977
2019-02-12,59.475883
2019-02-13,59.35935
2019-02-14,59.26785
2019-02-15,59.39608
2019-02-16,59.614944
2019-02-17,59.75662
2019-02-18,59.763084
2019-02-19,59.71506
2019-02-20,59.77934
2019-02-21,59.82202
2019-02-22,59.515865
2019-02-23,59.61598
2019-02-24,59.803387
2019-02-25,59.92442
2019-02-26,59.927166
2019-02-27,59.95279
2019-02-28,59.795708
2019-03-01,59.55903
2019-03-02,59.481422
2019-03-03,59.55406
2019-03-04,59.735912
2019-03-05,59.820602
2019-03-06,59.84932
2019-03-07,59.66545
2019-03-08,59.418182
2019-03-09,59.608746
2019-03-10,59.749573
2019-03-11,59.98168
2019-03-12,59.95218
2019-03-13,59.803146
2019-03-14,59.835484
2019-03-15,59.759712
2019-03-16,59.495438
2019-03-17,59.332943
2019-03-18,58.94031
2019-03-19,58.980206
2019-03-20,59.104385
2019-03-21,59.33277
2019-03-22,59.470367
2019-03-23,59.630043
2019-03-24,59.744736
2019-03-25,59.9085
2019-03-26,59.91867
2019-03-27,59.81101
2019-03-28,59.872616
2019-03-29,59.513676
2019-03-30,59.535633
2019-03-31,59.683083
2019-04-01,59.729523
2019-04-02,59.68167
2019-04-03,59.536648
2019-04-04,59.26495
2019-04-05,59.04092
2019-04-06,59.003036
2019-04-07,59.29301
2019-04-08,59.51936
2019-04-09,59.454132
2019-04-10,59.389797
2019-04-11,59.29482
2019-04-12,59.421825
2019-04-13,59.518394
2019-04-14,59.66312
2019-04-15,59.851913
2019-04-16,59.75735
2019-04-17,59.751316
2019-04-18,59.83364
2019-04-19,59.769127
2019-04-20,59.672516
2019-04-21,59.637077
2019-04-22,59.562237
2019-04-23,59.55784
2019-04-24,59.524525
2019-04-25,59.5546
2019-04-26,59.541134
2019-04-27,59.668205
2019-04-28,59.717064
2019-04-29,59.797516
2019-04-30,59.873135
2019-05-01,59.84679
2019-05-02,59.679855
2019-05-03,59.69139
2019-05-04,59.539536
2019-05-05,59.438026
2019-05-06,59.50942
2019-05-07,59.529503
2019-05-08,59.535683
2019-05-09,59.57305
2019-05-10,59.377148
2019-05-11,59.067165
2019-05-12,58.098648
2019-05-13,57.559616
2019-05-14,57.30421
2019-05-15,56.664608
2019-05-16,56.43472
2019-05-17,56.74754
2019-05-18,57.108475
2019-05-19,57.4109
2019-05-20,57.74231
2019-05-21,57.783443
2019-05-22,58.101196
2019-05-23,58.457333
2019-05-24,58.64961
2019-05-25,58.942703
2019-05-26,59.219
2019-05-27,59.530025
2019-05-28,58.93601
2019-05-29,58.74305
2019-05-30,58.87475
2019-05-31,59.201622
2019-06-01,59.648903
2019-06-02,59.95751
2019-06-03,60.095505
2019-06-04,60.046795
2019-06-05,59.825268
2019-06-06,59.729256
2019-06-07,59.805096
2019-06-08,59.72543
2019-06-09,59.301064
2019-06-10,59.317326
2019-06-11,59.55428
2019-06-12,59.701035
2019-06-13,59.66098
2019-06-14,59.474354
2019-06-15,59.51005
2019-06-16,59.592896
2019-06-17,59.72173
2019-06-18,59.795105
2019-06-19,59.726585
2019-06-20,59.686844
2019-06-21,59.42952
2019-06-22,59.291256
2019-06-23,59.465477
2019-06-24,59.585873
2019-06-25,59.588352
2019-06-26,59.57964
2019-06-27,59.545425
2019-06-28,59.60322
2019-06-29,59.529415
2019-06-30,59.541115
2019-07-01,59.510445
2019-07-02,59.35377
2019-07-03,59.464073
2019-07-04,59.474934
2019-07-05,59.4872
2019-07-06,59.539032
2019-07-07,59.790703
2019-07-08,59.99506
2019-07-09,59.8688
2019-07-10,59.521637
2019-07-11,59.320316
2019-07-12,59.2502
2019-07-13,59.273914
2019-07-14,59.30874
2019-07-15,59.371876
2019-07-16,59.292652
2019-07-17,59.39631
2019-07-18,59.442287
2019-07-19,59.525646
2019-07-20,59.7056
2019-07-21,59.79514
2019-07-22,59.762543
2019-07-23,59.622192
2019-07-24,59.723854
2019-07-25,59.876465
2019-07-26,60.090412
2019-07-27,60.21266
2019-07-28,60.166607
2019-07-29,60.085396
2019-07-30,60.073368
2019-07-31,59.94675
2019-08-01,59.646027
2019-08-02,59.79858
2019-08-03,60.064407
2019-08-04,60.228542
2019-08-05,60.28881
2019-08-06,59.80999
2019-08-07,59.75939
2019-08-08,59.829144
2019-08-09,59.84157
2019-08-10,59.790337
2019-08-11,59.872963
2019-08-12,59.991325
2019-08-13,60.041245
2019-08-14,59.980034
2019-08-15,59.974106
2019-08-16,60.01361
2019-08-17,60.099255
2019-08-18,60.023117
2019-08-19,59.94327
2019-08-20,59.968113
2019-08-21,59.74467
2019-08-22,59.777725
2019-08-23,59.843254
2019-08-24,59.900867
2019-08-25,59.957233
2019-08-26,59.928875
2019-08-27,59.798588
2019-08-28,59.54847
2019-08-29,59.578392
2019-08-30,59.682587
2019-08-31,59.51535
2019-09-01,59.136665
2019-09-02,58.72829
2019-09-03,58.603474
2019-09-04,58.627354
2019-09-05,58.815598
2019-09-06,59.095207
2019-09-07,59.262566
2019-09-08,59.498478
2019-09-09,59.73925
2019-09-10,59.806202
2019-09-11,59.8432
2019-09-12,60.09303
2019-09-13,60.155228
2019-09-14,60.086296
2019-09-15,60.15075
2019-09-16,60.19353
2019-09-17,60.224884
2019-09-18,60.236263
2019-09-19,60.344925
2019-09-20,60.470127
2019-09-21,60.5762
2019-09-22,60.55815
2019-09-23,60.449802
2019-09-24,60.363735
2019-09-25,60.05593
2019-09-26,60.090977
2019-09-27,60.245102
2019-09-28,60.06925
2019-09-29,60.044827
2019-09-30,60.05358
2019-10-01,60.036713
2019-10-02,60.01627
2019-10-03,60.002617
2019-10-04,60.133995
2019-10-05,60.122112
2019-10-06,60.11537
2019-10-07,60.084244
2019-10-08,60.087532
2019-10-09,60.143238
2019-10-10,59.968334
2019-10-11,59.91838
2019-10-12,60.137318
2019-10-13,60.426968
2019-10-14,60.653008
2019-10-15,60.56639
2019-10-16,60.356987
2019-10-17,60.220215
2019-10-18,60.290096
2019-10-19,60.255264
2019-10-20,60.369873
2019-10-21,60.463837
2019-10-22,60.518227
2019-10-23,60.569378
2019-10-24,60.644516
2019-10-25,60.4376
2019-10-26,60.268044
2019-10-27,60.024887
2019-10-28,59.98361
2019-10-29,60.041874
2019-10-30,60.11155
