bartels_rotation_number,rigidity_min GV,rigidity_max GV,antiproton_flux m^-2sr^-1s^-1GV^-1,antiproton_flux_error_statistical m^-2sr^-1s^-1GV^-1, antiproton_flux_error_systematic_timedependent m^-2sr^-1s^-1GV^-1,antiproton_flux_error_systematic_total m^-2sr^-1s^-1GV^-1
2426,1.00,1.92,1.35E-2,0.39E-2,0.06E-2,0.13E-2
2426,1.92,2.97,1.21E-2,0.26E-2,0.06E-2,0.10E-2
2426,2.97,4.02,2.01E-2,0.30E-2,0.04E-2,0.11E-2
2426,4.02,4.88,1.37E-2,0.09E-2,0.02E-2,0.06E-2
2426,4.88,5.90,1.29E-2,0.07E-2,0.01E-2,0.06E-2
2426,5.90,7.09,9.84E-3,0.50E-3,0.27E-3,0.49E-3
2426,7.09,8.48,7.93E-3,0.36E-3,0.26E-3,0.41E-3
2426,8.48,11.00,4.90E-3,0.19E-3,0.09E-3,0.20E-3
2426,11.00,16.60,2.37E-3,0.08E-3,0.04E-3,0.09E-3
2426,16.60,22.80,9.80E-4,0.44E-4,0.33E-4,0.46E-4
2426,22.80,41.90,2.98E-4,0.11E-4,0.08E-4,0.12E-4
2427,1.00,1.92,9.55E-3,1.38E-3,0.47E-3,0.90E-3
2427,1.92,2.97,1.59E-2,0.13E-2,0.07E-2,0.13E-2
2427,2.97,4.02,1.70E-2,0.13E-2,0.03E-2,0.09E-2
2427,4.02,4.88,1.40E-2,0.06E-2,0.01E-2,0.06E-2
2427,4.88,5.90,1.19E-2,0.05E-2,0.01E-2,0.05E-2
2427,5.90,7.09,9.74E-3,0.36E-3,0.15E-3,0.43E-3
2427,7.09,8.48,7.27E-3,0.28E-3,0.08E-3,0.30E-3
2427,8.48,11.00,4.35E-3,0.15E-3,0.06E-3,0.18E-3
2427,11.00,16.60,2.06E-3,0.07E-3,0.04E-3,0.08E-3
2427,16.60,22.80,9.47E-4,0.37E-4,0.25E-4,0.39E-4
2427,22.80,41.90,2.45E-4,0.09E-4,0.03E-4,0.08E-4
2428,1.00,1.92,1.18E-2,0.16E-2,0.06E-2,0.11E-2
2428,1.92,2.97,1.73E-2,0.13E-2,0.07E-2,0.14E-2
2428,2.97,4.02,1.84E-2,0.13E-2,0.03E-2,0.09E-2
2428,4.02,4.88,1.53E-2,0.07E-2,0.02E-2,0.07E-2
2428,4.88,5.90,1.31E-2,0.05E-2,0.01E-2,0.06E-2
2428,5.90,7.09,9.50E-3,0.36E-3,0.17E-3,0.43E-3
2428,7.09,8.48,7.51E-3,0.27E-3,0.27E-3,0.40E-3
2428,8.48,11.00,4.70E-3,0.14E-3,0.10E-3,0.20E-3
2428,11.00,16.60,2.29E-3,0.06E-3,0.04E-3,0.09E-3
2428,16.60,22.80,9.83E-4,0.34E-4,0.29E-4,0.43E-4
2428,22.80,41.90,3.09E-4,0.09E-4,0.07E-4,0.11E-4
2429,1.00,1.92,8.84E-3,1.28E-3,0.42E-3,0.82E-3
2429,1.92,2.97,1.46E-2,0.12E-2,0.06E-2,0.11E-2
2429,2.97,4.02,1.79E-2,0.13E-2,0.03E-2,0.09E-2
2429,4.02,4.88,1.38E-2,0.06E-2,0.01E-2,0.06E-2
2429,4.88,5.90,1.27E-2,0.05E-2,0.01E-2,0.06E-2
2429,5.90,7.09,1.01E-2,0.04E-2,0.01E-2,0.04E-2
2429,7.09,8.48,7.25E-3,0.26E-3,0.13E-3,0.31E-3
2429,8.48,11.00,4.99E-3,0.15E-3,0.05E-3,0.20E-3
2429,11.00,16.60,2.11E-3,0.06E-3,0.02E-3,0.08E-3
2429,16.60,22.80,8.58E-4,0.32E-4,0.10E-4,0.29E-4
2429,22.80,41.90,2.49E-4,0.08E-4,0.03E-4,0.08E-4
2430,1.00,1.92,9.14E-3,1.24E-3,0.44E-3,0.85E-3
2430,1.92,2.97,1.55E-2,0.12E-2,0.07E-2,0.12E-2
2430,2.97,4.02,1.64E-2,0.12E-2,0.02E-2,0.08E-2
2430,4.02,4.88,1.46E-2,0.06E-2,0.01E-2,0.07E-2
2430,4.88,5.90,1.32E-2,0.05E-2,0.01E-2,0.06E-2
2430,5.90,7.09,1.08E-2,0.04E-2,0.01E-2,0.05E-2
2430,7.09,8.48,7.25E-3,0.25E-3,0.11E-3,0.31E-3
2430,8.48,11.00,4.51E-3,0.13E-3,0.05E-3,0.18E-3
2430,11.00,16.60,2.15E-3,0.06E-3,0.03E-3,0.08E-3
2430,16.60,22.80,8.48E-4,0.31E-4,0.13E-4,0.30E-4
2430,22.80,41.90,2.63E-4,0.08E-4,0.04E-4,0.09E-4
2431,1.00,1.92,8.59E-3,1.19E-3,0.41E-3,0.80E-3
2431,1.92,2.97,1.55E-2,0.12E-2,0.07E-2,0.12E-2
2431,2.97,4.02,1.74E-2,0.12E-2,0.03E-2,0.09E-2
2431,4.02,4.88,1.41E-2,0.06E-2,0.01E-2,0.06E-2
2431,4.88,5.90,1.35E-2,0.05E-2,0.01E-2,0.06E-2
2431,5.90,7.09,9.74E-3,0.34E-3,0.16E-3,0.43E-3
2431,7.09,8.48,6.85E-3,0.24E-3,0.11E-3,0.29E-3
2431,8.48,11.00,4.62E-3,0.13E-3,0.05E-3,0.18E-3
2431,11.00,16.60,2.05E-3,0.06E-3,0.02E-3,0.08E-3
2431,16.60,22.80,9.18E-4,0.32E-4,0.21E-4,0.36E-4
2431,22.80,41.90,2.55E-4,0.08E-4,0.04E-4,0.08E-4
2432,1.00,1.92,1.11E-2,0.13E-2,0.05E-2,0.10E-2
2432,1.92,2.97,1.47E-2,0.11E-2,0.06E-2,0.12E-2
2432,2.97,4.02,1.49E-2,0.12E-2,0.03E-2,0.08E-2
2432,4.02,4.88,1.44E-2,0.06E-2,0.01E-2,0.07E-2
2432,4.88,5.90,1.24E-2,0.05E-2,0.01E-2,0.05E-2
2432,5.90,7.09,9.99E-3,0.35E-3,0.17E-3,0.45E-3
2432,7.09,8.48,7.18E-3,0.25E-3,0.08E-3,0.30E-3
2432,8.48,11.00,4.35E-3,0.14E-3,0.04E-3,0.17E-3
2432,11.00,16.60,2.12E-3,0.06E-3,0.02E-3,0.08E-3
2432,16.60,22.80,9.25E-4,0.33E-4,0.11E-4,0.32E-4
2432,22.80,41.90,2.51E-4,0.08E-4,0.05E-4,0.09E-4
2433,1.00,1.92,9.58E-3,1.29E-3,0.46E-3,0.89E-3
2433,1.92,2.97,1.55E-2,0.12E-2,0.07E-2,0.12E-2
2433,2.97,4.02,1.53E-2,0.12E-2,0.03E-2,0.08E-2
2433,4.02,4.88,1.49E-2,0.06E-2,0.01E-2,0.07E-2
2433,4.88,5.90,1.21E-2,0.05E-2,0.01E-2,0.05E-2
2433,5.90,7.09,9.92E-3,0.35E-3,0.17E-3,0.44E-3
2433,7.09,8.48,7.61E-3,0.27E-3,0.09E-3,0.31E-3
2433,8.48,11.00,4.79E-3,0.15E-3,0.05E-3,0.19E-3
2433,11.00,16.60,1.99E-3,0.06E-3,0.03E-3,0.07E-3
2433,16.60,22.80,8.93E-4,0.33E-4,0.18E-4,0.34E-4
2433,22.80,41.90,2.42E-4,0.08E-4,0.06E-4,0.09E-4
2434,1.00,1.92,9.70E-3,1.31E-3,0.46E-3,0.90E-3
2434,1.92,2.97,1.59E-2,0.13E-2,0.07E-2,0.13E-2
2434,2.97,4.02,1.87E-2,0.14E-2,0.03E-2,0.10E-2
2434,4.02,4.88,1.39E-2,0.06E-2,0.01E-2,0.06E-2
2434,4.88,5.90,1.38E-2,0.05E-2,0.01E-2,0.06E-2
2434,5.90,7.09,1.00E-2,0.04E-2,0.02E-2,0.05E-2
2434,7.09,8.48,7.01E-3,0.27E-3,0.11E-3,0.30E-3
2434,8.48,11.00,4.60E-3,0.15E-3,0.05E-3,0.18E-3
2434,11.00,16.60,2.19E-3,0.06E-3,0.03E-3,0.08E-3
2434,16.60,22.80,7.84E-4,0.32E-4,0.15E-4,0.29E-4
2434,22.80,41.90,2.59E-4,0.09E-4,0.04E-4,0.09E-4
2435,1.00,1.92,1.18E-2,0.14E-2,0.06E-2,0.11E-2
2435,1.92,2.97,1.50E-2,0.12E-2,0.06E-2,0.12E-2
2435,2.97,4.02,1.56E-2,0.12E-2,0.03E-2,0.08E-2
2435,4.02,4.88,1.43E-2,0.06E-2,0.02E-2,0.07E-2
2435,4.88,5.90,1.26E-2,0.05E-2,0.01E-2,0.06E-2
2435,5.90,7.09,1.03E-2,0.04E-2,0.02E-2,0.05E-2
2435,7.09,8.48,6.73E-3,0.24E-3,0.12E-3,0.29E-3
2435,8.48,11.00,4.41E-3,0.14E-3,0.04E-3,0.17E-3
2435,11.00,16.60,2.06E-3,0.06E-3,0.02E-3,0.07E-3
2435,16.60,22.80,8.12E-4,0.30E-4,0.15E-4,0.30E-4
2435,22.80,41.90,2.54E-4,0.08E-4,0.04E-4,0.08E-4
2436,1.00,1.92,9.64E-3,1.30E-3,0.46E-3,0.90E-3
2436,1.92,2.97,1.48E-2,0.12E-2,0.06E-2,0.12E-2
2436,2.97,4.02,1.60E-2,0.12E-2,0.02E-2,0.08E-2
2436,4.02,4.88,1.31E-2,0.06E-2,0.01E-2,0.06E-2
2436,4.88,5.90,1.27E-2,0.05E-2,0.01E-2,0.06E-2
2436,5.90,7.09,9.94E-3,0.35E-3,0.20E-3,0.45E-3
2436,7.09,8.48,6.51E-3,0.24E-3,0.08E-3,0.27E-3
2436,8.48,11.00,4.56E-3,0.14E-3,0.05E-3,0.18E-3
2436,11.00,16.60,2.09E-3,0.06E-3,0.02E-3,0.08E-3
2436,16.60,22.80,8.05E-4,0.30E-4,0.18E-4,0.32E-4
2436,22.80,41.90,2.67E-4,0.08E-4,0.04E-4,0.09E-4
2437,1.00,1.92,1.09E-2,0.16E-2,0.05E-2,0.10E-2
2437,1.92,2.97,1.39E-2,0.13E-2,0.06E-2,0.11E-2
2437,2.97,4.02,1.36E-2,0.12E-2,0.02E-2,0.07E-2
2437,4.02,4.88,1.30E-2,0.06E-2,0.02E-2,0.06E-2
2437,4.88,5.90,1.23E-2,0.05E-2,0.01E-2,0.05E-2
2437,5.90,7.09,8.64E-3,0.35E-3,0.17E-3,0.40E-3
2437,7.09,8.48,6.78E-3,0.26E-3,0.11E-3,0.29E-3
2437,8.48,11.00,4.37E-3,0.14E-3,0.05E-3,0.17E-3
2437,11.00,16.60,1.97E-3,0.06E-3,0.02E-3,0.07E-3
2437,16.60,22.80,8.34E-4,0.32E-4,0.13E-4,0.30E-4
2437,22.80,41.90,2.56E-4,0.08E-4,0.05E-4,0.09E-4
2438,1.00,1.92,1.07E-2,0.14E-2,0.05E-2,0.10E-2
2438,1.92,2.97,1.55E-2,0.13E-2,0.07E-2,0.12E-2
2438,2.97,4.02,1.69E-2,0.13E-2,0.03E-2,0.09E-2
2438,4.02,4.88,1.33E-2,0.06E-2,0.01E-2,0.06E-2
2438,4.88,5.90,1.32E-2,0.05E-2,0.01E-2,0.06E-2
2438,5.90,7.09,1.03E-2,0.04E-2,0.02E-2,0.05E-2
2438,7.09,8.48,7.42E-3,0.25E-3,0.08E-3,0.30E-3
2438,8.48,11.00,4.16E-3,0.13E-3,0.05E-3,0.16E-3
2438,11.00,16.60,2.05E-3,0.06E-3,0.02E-3,0.07E-3
2438,16.60,22.80,8.99E-4,0.32E-4,0.18E-4,0.34E-4
2438,22.80,41.90,2.62E-4,0.08E-4,0.04E-4,0.09E-4
2439,1.00,1.92,9.28E-3,1.37E-3,0.46E-3,0.87E-3
2439,1.92,2.97,1.43E-2,0.12E-2,0.06E-2,0.11E-2
2439,2.97,4.02,1.66E-2,0.13E-2,0.03E-2,0.09E-2
2439,4.02,4.88,1.48E-2,0.07E-2,0.01E-2,0.07E-2
2439,4.88,5.90,1.36E-2,0.05E-2,0.01E-2,0.06E-2
2439,5.90,7.09,1.00E-2,0.04E-2,0.02E-2,0.04E-2
2439,7.09,8.48,6.96E-3,0.24E-3,0.14E-3,0.31E-3
2439,8.48,11.00,4.51E-3,0.14E-3,0.05E-3,0.18E-3
2439,11.00,16.60,2.10E-3,0.06E-3,0.02E-3,0.08E-3
2439,16.60,22.80,8.15E-4,0.29E-4,0.15E-4,0.30E-4
2439,22.80,41.90,2.55E-4,0.08E-4,0.05E-4,0.09E-4
2440,1.00,1.92,9.09E-3,1.33E-3,0.44E-3,0.85E-3
2440,1.92,2.97,1.58E-2,0.12E-2,0.07E-2,0.12E-2
2440,2.97,4.02,1.60E-2,0.13E-2,0.03E-2,0.08E-2
2440,4.02,4.88,1.33E-2,0.06E-2,0.01E-2,0.06E-2
2440,4.88,5.90,1.30E-2,0.05E-2,0.01E-2,0.06E-2
2440,5.90,7.09,9.84E-3,0.36E-3,0.20E-3,0.45E-3
2440,7.09,8.48,7.03E-3,0.25E-3,0.09E-3,0.29E-3
2440,8.48,11.00,4.55E-3,0.14E-3,0.08E-3,0.19E-3
2440,11.00,16.60,2.06E-3,0.06E-3,0.03E-3,0.08E-3
2440,16.60,22.80,9.19E-4,0.33E-4,0.16E-4,0.33E-4
2440,22.80,41.90,2.45E-4,0.08E-4,0.04E-4,0.08E-4
2441,1.00,1.92,8.74E-3,1.28E-3,0.42E-3,0.82E-3
2441,1.92,2.97,1.56E-2,0.12E-2,0.07E-2,0.12E-2
2441,2.97,4.02,1.52E-2,0.12E-2,0.03E-2,0.08E-2
2441,4.02,4.88,1.39E-2,0.06E-2,0.01E-2,0.06E-2
2441,4.88,5.90,1.28E-2,0.05E-2,0.01E-2,0.06E-2
2441,5.90,7.09,1.04E-2,0.04E-2,0.02E-2,0.05E-2
2441,7.09,8.48,6.69E-3,0.24E-3,0.07E-3,0.27E-3
2441,8.48,11.00,4.42E-3,0.14E-3,0.05E-3,0.17E-3
2441,11.00,16.60,2.04E-3,0.06E-3,0.02E-3,0.07E-3
2441,16.60,22.80,8.41E-4,0.31E-4,0.14E-4,0.31E-4
2441,22.80,41.90,2.64E-4,0.08E-4,0.04E-4,0.09E-4
2442,1.00,1.92,7.37E-3,1.14E-3,0.36E-3,0.69E-3
2442,1.92,2.97,1.37E-2,0.12E-2,0.06E-2,0.11E-2
2442,2.97,4.02,1.25E-2,0.11E-2,0.03E-2,0.07E-2
2442,4.02,4.88,1.28E-2,0.06E-2,0.02E-2,0.06E-2
2442,4.88,5.90,1.16E-2,0.05E-2,0.01E-2,0.05E-2
2442,5.90,7.09,9.67E-3,0.36E-3,0.16E-3,0.43E-3
2442,7.09,8.48,7.03E-3,0.25E-3,0.08E-3,0.29E-3
2442,8.48,11.00,4.42E-3,0.14E-3,0.04E-3,0.17E-3
2442,11.00,16.60,2.05E-3,0.06E-3,0.02E-3,0.07E-3
2442,16.60,22.80,9.44E-4,0.34E-4,0.16E-4,0.34E-4
2442,22.80,41.90,2.47E-4,0.08E-4,0.05E-4,0.09E-4
2443,1.00,1.92,7.61E-3,1.05E-3,0.36E-3,0.71E-3
2443,1.92,2.97,1.44E-2,0.11E-2,0.06E-2,0.11E-2
2443,2.97,4.02,1.48E-2,0.12E-2,0.03E-2,0.08E-2
2443,4.02,4.88,1.33E-2,0.06E-2,0.01E-2,0.06E-2
2443,4.88,5.90,1.15E-2,0.05E-2,0.01E-2,0.05E-2
2443,5.90,7.09,8.99E-3,0.34E-3,0.20E-3,0.42E-3
2443,7.09,8.48,7.05E-3,0.25E-3,0.09E-3,0.29E-3
2443,8.48,11.00,4.55E-3,0.14E-3,0.05E-3,0.18E-3
2443,11.00,16.60,1.96E-3,0.06E-3,0.02E-3,0.07E-3
2443,16.60,22.80,9.31E-4,0.33E-4,0.17E-4,0.34E-4
2443,22.80,41.90,2.54E-4,0.08E-4,0.05E-4,0.09E-4
2444,1.00,1.92,7.74E-3,1.06E-3,0.37E-3,0.72E-3
2444,1.92,2.97,1.44E-2,0.11E-2,0.06E-2,0.11E-2
2444,2.97,4.02,1.40E-2,0.11E-2,0.02E-2,0.07E-2
2444,4.02,4.88,1.38E-2,0.06E-2,0.01E-2,0.06E-2
2444,4.88,5.90,1.25E-2,0.05E-2,0.01E-2,0.05E-2
2444,5.90,7.09,9.19E-3,0.34E-3,0.17E-3,0.42E-3
2444,7.09,8.48,6.99E-3,0.24E-3,0.08E-3,0.29E-3
2444,8.48,11.00,4.52E-3,0.13E-3,0.03E-3,0.17E-3
2444,11.00,16.60,2.17E-3,0.06E-3,0.02E-3,0.08E-3
2444,16.60,22.80,8.65E-4,0.30E-4,0.10E-4,0.29E-4
2444,22.80,41.90,2.54E-4,0.08E-4,0.05E-4,0.09E-4
2445,1.00,1.92,8.68E-3,1.35E-3,0.41E-3,0.81E-3
2445,1.92,2.97,1.68E-2,0.14E-2,0.07E-2,0.13E-2
2445,2.97,4.02,1.75E-2,0.14E-2,0.02E-2,0.09E-2
2445,4.02,4.88,1.44E-2,0.07E-2,0.01E-2,0.07E-2
2445,4.88,5.90,1.20E-2,0.05E-2,0.01E-2,0.05E-2
2445,5.90,7.09,1.00E-2,0.04E-2,0.02E-2,0.05E-2
2445,7.09,8.48,7.39E-3,0.26E-3,0.14E-3,0.32E-3
2445,8.48,11.00,4.36E-3,0.14E-3,0.04E-3,0.17E-3
2445,11.00,16.60,2.16E-3,0.06E-3,0.02E-3,0.08E-3
2445,16.60,22.80,9.02E-4,0.32E-4,0.12E-4,0.32E-4
2445,22.80,41.90,2.34E-4,0.08E-4,0.04E-4,0.08E-4
2446,1.00,1.92,7.28E-3,1.04E-3,0.35E-3,0.68E-3
2446,1.92,2.97,1.50E-2,0.11E-2,0.06E-2,0.12E-2
2446,2.97,4.02,1.57E-2,0.12E-2,0.03E-2,0.08E-2
2446,4.02,4.88,1.41E-2,0.06E-2,0.01E-2,0.07E-2
2446,4.88,5.90,1.20E-2,0.05E-2,0.01E-2,0.05E-2
2446,5.90,7.09,9.04E-3,0.33E-3,0.17E-3,0.41E-3
2446,7.09,8.48,7.25E-3,0.24E-3,0.11E-3,0.31E-3
2446,8.48,11.00,4.45E-3,0.13E-3,0.04E-3,0.17E-3
2446,11.00,16.60,2.01E-3,0.06E-3,0.02E-3,0.07E-3
2446,16.60,22.80,9.46E-4,0.32E-4,0.16E-4,0.34E-4
2446,22.80,41.90,2.56E-4,0.08E-4,0.03E-4,0.08E-4
2447,1.00,1.92,8.01E-3,1.01E-3,0.38E-3,0.74E-3
2447,1.92,2.97,1.23E-2,0.10E-2,0.05E-2,0.10E-2
2447,2.97,4.02,1.16E-2,0.11E-2,0.03E-2,0.07E-2
2447,4.02,4.88,1.38E-2,0.06E-2,0.01E-2,0.06E-2
2447,4.88,5.90,1.18E-2,0.05E-2,0.01E-2,0.05E-2
2447,5.90,7.09,9.49E-3,0.34E-3,0.18E-3,0.43E-3
2447,7.09,8.48,7.24E-3,0.24E-3,0.08E-3,0.30E-3
2447,8.48,11.00,4.33E-3,0.13E-3,0.05E-3,0.17E-3
2447,11.00,16.60,2.14E-3,0.06E-3,0.02E-3,0.08E-3
2447,16.60,22.80,8.67E-4,0.30E-4,0.14E-4,0.31E-4
2447,22.80,41.90,2.69E-4,0.08E-4,0.04E-4,0.09E-4
2448,1.00,1.92,8.40E-3,1.10E-3,0.40E-3,0.78E-3
2448,1.92,2.97,1.25E-2,0.11E-2,0.05E-2,0.10E-2
2448,2.97,4.02,1.54E-2,0.12E-2,0.03E-2,0.08E-2
2448,4.02,4.88,1.42E-2,0.06E-2,0.02E-2,0.07E-2
2448,4.88,5.90,1.20E-2,0.05E-2,0.01E-2,0.05E-2
2448,5.90,7.09,9.76E-3,0.35E-3,0.11E-3,0.42E-3
2448,7.09,8.48,6.96E-3,0.23E-3,0.07E-3,0.28E-3
2448,8.48,11.00,4.66E-3,0.13E-3,0.04E-3,0.18E-3
2448,11.00,16.60,2.07E-3,0.05E-3,0.01E-3,0.07E-3
2448,16.60,22.80,8.62E-4,0.30E-4,0.13E-4,0.31E-4
2448,22.80,41.90,2.46E-4,0.07E-4,0.04E-4,0.08E-4
2449,1.00,1.92,8.26E-3,1.03E-3,0.39E-3,0.77E-3
2449,1.92,2.97,1.38E-2,0.11E-2,0.06E-2,0.11E-2
2449,2.97,4.02,1.90E-2,0.11E-2,0.02E-2,0.10E-2
2449,4.02,4.88,1.50E-2,0.06E-2,0.01E-2,0.07E-2
2449,4.88,5.90,1.28E-2,0.05E-2,0.01E-2,0.06E-2
2449,5.90,7.09,9.95E-3,0.34E-3,0.16E-3,0.44E-3
2449,7.09,8.48,7.01E-3,0.23E-3,0.05E-3,0.28E-3
2449,8.48,11.00,4.37E-3,0.13E-3,0.05E-3,0.17E-3
2449,11.00,16.60,2.14E-3,0.06E-3,0.02E-3,0.08E-3
2449,16.60,22.80,8.84E-4,0.30E-4,0.15E-4,0.32E-4
2449,22.80,41.90,2.51E-4,0.08E-4,0.03E-4,0.08E-4
2450,1.00,1.92,8.86E-3,1.17E-3,0.41E-3,0.82E-3
2450,1.92,2.97,1.63E-2,0.12E-2,0.07E-2,0.13E-2
2450,2.97,4.02,1.40E-2,0.12E-2,0.03E-2,0.07E-2
2450,4.02,4.88,1.38E-2,0.06E-2,0.01E-2,0.06E-2
2450,4.88,5.90,1.22E-2,0.05E-2,0.01E-2,0.05E-2
2450,5.90,7.09,9.47E-3,0.35E-3,0.18E-3,0.43E-3
2450,7.09,8.48,6.58E-3,0.24E-3,0.10E-3,0.28E-3
2450,8.48,11.00,4.57E-3,0.14E-3,0.05E-3,0.18E-3
2450,11.00,16.60,2.26E-3,0.06E-3,0.02E-3,0.08E-3
2450,16.60,22.80,8.52E-4,0.32E-4,0.17E-4,0.32E-4
2450,22.80,41.90,2.41E-4,0.08E-4,0.03E-4,0.08E-4
2451,1.00,1.92,9.51E-3,1.37E-3,0.45E-3,0.88E-3
2451,1.92,2.97,1.51E-2,0.13E-2,0.06E-2,0.12E-2
2451,2.97,4.02,1.59E-2,0.13E-2,0.03E-2,0.08E-2
2451,4.02,4.88,1.28E-2,0.06E-2,0.02E-2,0.06E-2
2451,4.88,5.90,1.21E-2,0.05E-2,0.01E-2,0.05E-2
2451,5.90,7.09,9.67E-3,0.37E-3,0.18E-3,0.44E-3
2451,7.09,8.48,6.61E-3,0.24E-3,0.10E-3,0.28E-3
2451,8.48,11.00,4.44E-3,0.14E-3,0.05E-3,0.17E-3
2451,11.00,16.60,2.20E-3,0.06E-3,0.02E-3,0.08E-3
2451,16.60,22.80,9.05E-4,0.32E-4,0.11E-4,0.31E-4
2451,22.80,41.90,2.53E-4,0.08E-4,0.03E-4,0.08E-4
2452,1.00,1.92,7.17E-3,1.03E-3,0.35E-3,0.67E-3
2452,1.92,2.97,1.62E-2,0.12E-2,0.07E-2,0.13E-2
2452,2.97,4.02,1.59E-2,0.12E-2,0.03E-2,0.08E-2
2452,4.02,4.88,1.41E-2,0.06E-2,0.01E-2,0.06E-2
2452,4.88,5.90,1.23E-2,0.05E-2,0.01E-2,0.05E-2
2452,5.90,7.09,9.30E-3,0.34E-3,0.17E-3,0.42E-3
2452,7.09,8.48,6.78E-3,0.24E-3,0.06E-3,0.28E-3
2452,8.48,11.00,4.55E-3,0.13E-3,0.05E-3,0.18E-3
2452,11.00,16.60,2.17E-3,0.06E-3,0.02E-3,0.08E-3
2452,16.60,22.80,8.24E-4,0.29E-4,0.07E-4,0.27E-4
2452,22.80,41.90,2.54E-4,0.08E-4,0.04E-4,0.08E-4
2453,1.00,1.92,7.83E-3,1.20E-3,0.37E-3,0.73E-3
2453,1.92,2.97,1.41E-2,0.12E-2,0.06E-2,0.11E-2
2453,2.97,4.02,1.58E-2,0.11E-2,0.02E-2,0.08E-2
2453,4.02,4.88,1.28E-2,0.06E-2,0.01E-2,0.06E-2
2453,4.88,5.90,1.13E-2,0.05E-2,0.01E-2,0.05E-2
2453,5.90,7.09,8.20E-3,0.32E-3,0.17E-3,0.38E-3
2453,7.09,8.48,6.11E-3,0.22E-3,0.08E-3,0.25E-3
2453,8.48,11.00,4.24E-3,0.13E-3,0.03E-3,0.16E-3
2453,11.00,16.60,2.07E-3,0.06E-3,0.03E-3,0.08E-3
2453,16.60,22.80,8.04E-4,0.29E-4,0.12E-4,0.29E-4
2453,22.80,41.90,2.32E-4,0.07E-4,0.03E-4,0.07E-4
2454,1.00,1.92,5.51E-3,0.96E-3,0.28E-3,0.52E-3
2454,1.92,2.97,1.06E-2,0.10E-2,0.05E-2,0.08E-2
2454,2.97,4.02,1.30E-2,0.12E-2,0.03E-2,0.07E-2
2454,4.02,4.88,1.23E-2,0.06E-2,0.01E-2,0.06E-2
2454,4.88,5.90,1.18E-2,0.05E-2,0.01E-2,0.05E-2
2454,5.90,7.09,9.67E-3,0.35E-3,0.19E-3,0.44E-3
2454,7.09,8.48,6.61E-3,0.24E-3,0.12E-3,0.29E-3
2454,8.48,11.00,4.10E-3,0.13E-3,0.05E-3,0.16E-3
2454,11.00,16.60,2.09E-3,0.06E-3,0.02E-3,0.08E-3
2454,16.60,22.80,8.26E-4,0.30E-4,0.18E-4,0.32E-4
2454,22.80,41.90,2.57E-4,0.08E-4,0.04E-4,0.09E-4
2455,1.00,1.92,6.76E-3,1.14E-3,0.34E-3,0.64E-3
2455,1.92,2.97,1.25E-2,0.11E-2,0.05E-2,0.10E-2
2455,2.97,4.02,1.52E-2,0.11E-2,0.02E-2,0.08E-2
2455,4.02,4.88,1.38E-2,0.06E-2,0.01E-2,0.06E-2
2455,4.88,5.90,1.10E-2,0.05E-2,0.01E-2,0.05E-2
2455,5.90,7.09,9.22E-3,0.34E-3,0.15E-3,0.41E-3
2455,7.09,8.48,6.90E-3,0.24E-3,0.08E-3,0.29E-3
2455,8.48,11.00,3.95E-3,0.13E-3,0.04E-3,0.15E-3
2455,11.00,16.60,2.11E-3,0.06E-3,0.02E-3,0.08E-3
2455,16.60,22.80,8.83E-4,0.31E-4,0.15E-4,0.32E-4
2455,22.80,41.90,2.44E-4,0.08E-4,0.04E-4,0.08E-4
2456,1.00,1.92,6.51E-3,1.02E-3,0.33E-3,0.62E-3
2456,1.92,2.97,1.23E-2,0.10E-2,0.05E-2,0.10E-2
2456,2.97,4.02,1.49E-2,0.12E-2,0.03E-2,0.08E-2
2456,4.02,4.88,1.35E-2,0.06E-2,0.01E-2,0.06E-2
2456,4.88,5.90,1.18E-2,0.05E-2,0.01E-2,0.05E-2
2456,5.90,7.09,9.12E-3,0.34E-3,0.15E-3,0.40E-3
2456,7.09,8.48,6.74E-3,0.24E-3,0.08E-3,0.28E-3
2456,8.48,11.00,4.14E-3,0.13E-3,0.05E-3,0.16E-3
2456,11.00,16.60,2.10E-3,0.06E-3,0.02E-3,0.08E-3
2456,16.60,22.80,8.40E-4,0.31E-4,0.16E-4,0.31E-4
2456,22.80,41.90,2.37E-4,0.08E-4,0.03E-4,0.08E-4
2457,1.00,1.92,8.16E-3,1.08E-3,0.40E-3,0.77E-3
2457,1.92,2.97,1.42E-2,0.11E-2,0.06E-2,0.11E-2
2457,2.97,4.02,1.34E-2,0.11E-2,0.03E-2,0.07E-2
2457,4.02,4.88,1.29E-2,0.06E-2,0.01E-2,0.06E-2
2457,4.88,5.90,1.20E-2,0.05E-2,0.01E-2,0.05E-2
2457,5.90,7.09,8.92E-3,0.33E-3,0.17E-3,0.41E-3
2457,7.09,8.48,6.59E-3,0.24E-3,0.06E-3,0.27E-3
2457,8.48,11.00,4.47E-3,0.14E-3,0.05E-3,0.18E-3
2457,11.00,16.60,2.15E-3,0.06E-3,0.02E-3,0.08E-3
2457,16.60,22.80,8.40E-4,0.31E-4,0.09E-4,0.28E-4
2457,22.80,41.90,2.58E-4,0.08E-4,0.03E-4,0.08E-4
2458,1.00,1.92,6.66E-3,0.99E-3,0.32E-3,0.62E-3
2458,1.92,2.97,1.22E-2,0.10E-2,0.05E-2,0.10E-2
2458,2.97,4.02,1.38E-2,0.11E-2,0.02E-2,0.07E-2
2458,4.02,4.88,1.28E-2,0.06E-2,0.01E-2,0.06E-2
2458,4.88,5.90,1.17E-2,0.05E-2,0.01E-2,0.05E-2
2458,5.90,7.09,9.21E-3,0.34E-3,0.16E-3,0.41E-3
2458,7.09,8.48,7.00E-3,0.24E-3,0.08E-3,0.29E-3
2458,8.48,11.00,4.31E-3,0.13E-3,0.05E-3,0.17E-3
2458,11.00,16.60,2.18E-3,0.06E-3,0.03E-3,0.08E-3
2458,16.60,22.80,8.74E-4,0.31E-4,0.13E-4,0.31E-4
2458,22.80,41.90,2.55E-4,0.08E-4,0.06E-4,0.10E-4
2459,1.00,1.92,6.67E-3,1.03E-3,0.32E-3,0.62E-3
2459,1.92,2.97,1.18E-2,0.10E-2,0.05E-2,0.09E-2
2459,2.97,4.02,1.47E-2,0.12E-2,0.02E-2,0.08E-2
2459,4.02,4.88,1.31E-2,0.06E-2,0.02E-2,0.06E-2
2459,4.88,5.90,1.20E-2,0.05E-2,0.01E-2,0.05E-2
2459,5.90,7.09,8.76E-3,0.34E-3,0.13E-3,0.38E-3
2459,7.09,8.48,7.16E-3,0.27E-3,0.09E-3,0.30E-3
2459,8.48,11.00,4.17E-3,0.14E-3,0.04E-3,0.16E-3
2459,11.00,16.60,2.10E-3,0.06E-3,0.02E-3,0.08E-3
2459,16.60,22.80,8.50E-4,0.33E-4,0.13E-4,0.30E-4
2459,22.80,41.90,2.54E-4,0.09E-4,0.05E-4,0.09E-4
2460,1.00,1.92,6.65E-3,0.96E-3,0.33E-3,0.62E-3
2460,1.92,2.97,1.39E-2,0.10E-2,0.06E-2,0.11E-2
2460,2.97,4.02,1.54E-2,0.11E-2,0.02E-2,0.08E-2
2460,4.02,4.88,1.28E-2,0.06E-2,0.01E-2,0.06E-2
2460,4.88,5.90,1.16E-2,0.05E-2,0.01E-2,0.05E-2
2460,5.90,7.09,9.27E-3,0.35E-3,0.18E-3,0.42E-3
2460,7.09,8.48,6.36E-3,0.23E-3,0.08E-3,0.27E-3
2460,8.48,11.00,4.40E-3,0.13E-3,0.06E-3,0.18E-3
2460,11.00,16.60,2.12E-3,0.06E-3,0.01E-3,0.08E-3
2460,16.60,22.80,8.50E-4,0.31E-4,0.12E-4,0.30E-4
2460,22.80,41.90,2.57E-4,0.08E-4,0.04E-4,0.09E-4
2461,1.00,1.92,6.71E-3,0.96E-3,0.33E-3,0.63E-3
2461,1.92,2.97,1.42E-2,0.10E-2,0.06E-2,0.11E-2
2461,2.97,4.02,1.52E-2,0.11E-2,0.02E-2,0.08E-2
2461,4.02,4.88,1.31E-2,0.06E-2,0.01E-2,0.06E-2
2461,4.88,5.90,1.13E-2,0.04E-2,0.01E-2,0.05E-2
2461,5.90,7.09,9.63E-3,0.34E-3,0.18E-3,0.44E-3
2461,7.09,8.48,6.01E-3,0.22E-3,0.08E-3,0.25E-3
2461,8.48,11.00,4.48E-3,0.13E-3,0.05E-3,0.18E-3
2461,11.00,16.60,2.15E-3,0.06E-3,0.02E-3,0.08E-3
2461,16.60,22.80,8.70E-4,0.30E-4,0.08E-4,0.29E-4
2461,22.80,41.90,2.38E-4,0.07E-4,0.04E-4,0.08E-4
2462,1.00,1.92,5.99E-3,0.89E-3,0.29E-3,0.56E-3
2462,1.92,2.97,1.34E-2,0.10E-2,0.06E-2,0.11E-2
2462,2.97,4.02,1.46E-2,0.10E-2,0.02E-2,0.08E-2
2462,4.02,4.88,1.38E-2,0.06E-2,0.01E-2,0.06E-2
2462,4.88,5.90,1.16E-2,0.04E-2,0.01E-2,0.05E-2
2462,5.90,7.09,9.45E-3,0.33E-3,0.13E-3,0.41E-3
2462,7.09,8.48,6.47E-3,0.22E-3,0.08E-3,0.27E-3
2462,8.48,11.00,4.32E-3,0.13E-3,0.04E-3,0.17E-3
2462,11.00,16.60,1.96E-3,0.05E-3,0.02E-3,0.07E-3
2462,16.60,22.80,8.52E-4,0.29E-4,0.14E-4,0.31E-4
2462,22.80,41.90,2.48E-4,0.07E-4,0.04E-4,0.08E-4
2463,1.00,1.92,6.14E-3,0.97E-3,0.29E-3,0.57E-3
2463,1.92,2.97,1.36E-2,0.11E-2,0.06E-2,0.11E-2
2463,2.97,4.02,1.48E-2,0.11E-2,0.02E-2,0.08E-2
2463,4.02,4.88,1.25E-2,0.06E-2,0.01E-2,0.06E-2
2463,4.88,5.90,1.19E-2,0.05E-2,0.01E-2,0.05E-2
2463,5.90,7.09,8.71E-3,0.33E-3,0.15E-3,0.39E-3
2463,7.09,8.48,6.37E-3,0.23E-3,0.06E-3,0.26E-3
2463,8.48,11.00,4.25E-3,0.13E-3,0.04E-3,0.17E-3
2463,11.00,16.60,2.11E-3,0.06E-3,0.02E-3,0.08E-3
2463,16.60,22.80,8.31E-4,0.30E-4,0.17E-4,0.32E-4
2463,22.80,41.90,2.52E-4,0.08E-4,0.04E-4,0.08E-4
2464,1.00,1.92,6.40E-3,0.91E-3,0.31E-3,0.60E-3
2464,1.92,2.97,1.28E-2,0.10E-2,0.06E-2,0.10E-2
2464,2.97,4.02,1.07E-2,0.10E-2,0.03E-2,0.06E-2
2464,4.02,4.88,1.28E-2,0.05E-2,0.01E-2,0.06E-2
2464,4.88,5.90,1.14E-2,0.04E-2,0.01E-2,0.05E-2
2464,5.90,7.09,8.84E-3,0.33E-3,0.17E-3,0.40E-3
2464,7.09,8.48,6.31E-3,0.22E-3,0.05E-3,0.26E-3
2464,8.48,11.00,4.14E-3,0.12E-3,0.03E-3,0.16E-3
2464,11.00,16.60,2.05E-3,0.05E-3,0.01E-3,0.07E-3
2464,16.60,22.80,8.68E-4,0.30E-4,0.13E-4,0.31E-4
2464,22.80,41.90,2.48E-4,0.08E-4,0.04E-4,0.08E-4
2465,1.00,1.92,5.86E-3,0.94E-3,0.29E-3,0.55E-3
2465,1.92,2.97,1.18E-2,0.10E-2,0.05E-2,0.09E-2
2465,2.97,4.02,1.25E-2,0.10E-2,0.03E-2,0.07E-2
2465,4.02,4.88,1.24E-2,0.05E-2,0.01E-2,0.06E-2
2465,4.88,5.90,1.13E-2,0.04E-2,0.01E-2,0.05E-2
2465,5.90,7.09,8.81E-3,0.33E-3,0.16E-3,0.40E-3
2465,7.09,8.48,6.69E-3,0.22E-3,0.08E-3,0.28E-3
2465,8.48,11.00,4.21E-3,0.13E-3,0.05E-3,0.17E-3
2465,11.00,16.60,2.07E-3,0.06E-3,0.03E-3,0.08E-3
2465,16.60,22.80,8.96E-4,0.30E-4,0.10E-4,0.31E-4
2465,22.80,41.90,2.54E-4,0.07E-4,0.03E-4,0.08E-4
2466,1.00,1.92,5.52E-3,0.89E-3,0.27E-3,0.52E-3
2466,1.92,2.97,1.29E-2,0.11E-2,0.06E-2,0.10E-2
2466,2.97,4.02,1.41E-2,0.11E-2,0.03E-2,0.07E-2
2466,4.02,4.88,1.22E-2,0.06E-2,0.01E-2,0.06E-2
2466,4.88,5.90,1.12E-2,0.04E-2,0.01E-2,0.05E-2
2466,5.90,7.09,9.08E-3,0.33E-3,0.15E-3,0.40E-3
2466,7.09,8.48,7.37E-3,0.25E-3,0.10E-3,0.31E-3
2466,8.48,11.00,4.29E-3,0.13E-3,0.05E-3,0.17E-3
2466,11.00,16.60,2.05E-3,0.06E-3,0.02E-3,0.07E-3
2466,16.60,22.80,8.81E-4,0.31E-4,0.18E-4,0.34E-4
2466,22.80,41.90,2.53E-4,0.08E-4,0.04E-4,0.08E-4
2467,1.00,1.92,5.81E-3,0.87E-3,0.28E-3,0.54E-3
2467,1.92,2.97,1.36E-2,0.10E-2,0.06E-2,0.11E-2
2467,2.97,4.02,1.30E-2,0.10E-2,0.02E-2,0.07E-2
2467,4.02,4.88,1.20E-2,0.05E-2,0.01E-2,0.06E-2
2467,4.88,5.90,1.14E-2,0.04E-2,0.01E-2,0.05E-2
2467,5.90,7.09,9.45E-3,0.33E-3,0.16E-3,0.42E-3
2467,7.09,8.48,6.97E-3,0.24E-3,0.09E-3,0.29E-3
2467,8.48,11.00,4.22E-3,0.13E-3,0.03E-3,0.16E-3
2467,11.00,16.60,1.98E-3,0.06E-3,0.02E-3,0.07E-3
2467,16.60,22.80,8.77E-4,0.31E-4,0.12E-4,0.31E-4
2467,22.80,41.90,2.41E-4,0.08E-4,0.04E-4,0.08E-4
2468,1.00,1.92,7.21E-3,0.94E-3,0.35E-3,0.67E-3
2468,1.92,2.97,1.24E-2,0.10E-2,0.05E-2,0.10E-2
2468,2.97,4.02,1.45E-2,0.11E-2,0.02E-2,0.07E-2
2468,4.02,4.88,1.31E-2,0.05E-2,0.01E-2,0.06E-2
2468,4.88,5.90,1.15E-2,0.04E-2,0.01E-2,0.05E-2
2468,5.90,7.09,8.53E-3,0.31E-3,0.15E-3,0.38E-3
2468,7.09,8.48,6.22E-3,0.22E-3,0.08E-3,0.26E-3
2468,8.48,11.00,4.24E-3,0.13E-3,0.05E-3,0.17E-3
2468,11.00,16.60,2.11E-3,0.06E-3,0.03E-3,0.08E-3
2468,16.60,22.80,8.97E-4,0.30E-4,0.13E-4,0.32E-4
2468,22.80,41.90,2.46E-4,0.07E-4,0.03E-4,0.08E-4
2469,1.00,1.92,6.57E-3,0.94E-3,0.32E-3,0.61E-3
2469,1.92,2.97,1.25E-2,0.10E-2,0.05E-2,0.10E-2
2469,2.97,4.02,1.46E-2,0.11E-2,0.03E-2,0.08E-2
2469,4.02,4.88,1.31E-2,0.06E-2,0.01E-2,0.06E-2
2469,4.88,5.90,1.12E-2,0.04E-2,0.01E-2,0.05E-2
2469,5.90,7.09,8.98E-3,0.32E-3,0.14E-3,0.40E-3
2469,7.09,8.48,7.08E-3,0.24E-3,0.09E-3,0.29E-3
2469,8.48,11.00,4.21E-3,0.13E-3,0.04E-3,0.16E-3
2469,11.00,16.60,2.12E-3,0.06E-3,0.02E-3,0.08E-3
2469,16.60,22.80,8.46E-4,0.30E-4,0.15E-4,0.31E-4
2469,22.80,41.90,2.43E-4,0.08E-4,0.03E-4,0.08E-4
2470,1.00,1.92,6.50E-3,0.98E-3,0.32E-3,0.61E-3
2470,1.92,2.97,1.25E-2,0.11E-2,0.05E-2,0.10E-2
2470,2.97,4.02,1.45E-2,0.12E-2,0.03E-2,0.08E-2
2470,4.02,4.88,1.28E-2,0.06E-2,0.01E-2,0.06E-2
2470,4.88,5.90,1.14E-2,0.04E-2,0.01E-2,0.05E-2
2470,5.90,7.09,9.03E-3,0.33E-3,0.14E-3,0.40E-3
2470,7.09,8.48,7.12E-3,0.24E-3,0.10E-3,0.30E-3
2470,8.48,11.00,4.47E-3,0.13E-3,0.04E-3,0.17E-3
2470,11.00,16.60,2.16E-3,0.06E-3,0.02E-3,0.08E-3
2470,16.60,22.80,8.41E-4,0.30E-4,0.07E-4,0.28E-4
2470,22.80,41.90,2.35E-4,0.07E-4,0.04E-4,0.08E-4
2471,1.00,1.92,6.19E-3,1.17E-3,0.31E-3,0.58E-3
2471,1.92,2.97,1.23E-2,0.13E-2,0.05E-2,0.10E-2
2471,2.97,4.02,1.41E-2,0.14E-2,0.03E-2,0.07E-2
2471,4.02,4.88,1.34E-2,0.07E-2,0.02E-2,0.06E-2
2471,4.88,5.90,1.15E-2,0.05E-2,0.01E-2,0.05E-2
2471,5.90,7.09,9.08E-3,0.40E-3,0.19E-3,0.42E-3
2471,7.09,8.48,6.20E-3,0.28E-3,0.10E-3,0.27E-3
2471,8.48,11.00,4.25E-3,0.16E-3,0.05E-3,0.17E-3
2471,11.00,16.60,2.11E-3,0.07E-3,0.03E-3,0.08E-3
2471,16.60,22.80,7.89E-4,0.35E-4,0.10E-4,0.27E-4
2471,22.80,41.90,2.56E-4,0.09E-4,0.04E-4,0.09E-4
2474,1.00,1.92,6.55E-3,1.04E-3,0.35E-3,0.63E-3
2474,1.92,2.97,1.22E-2,0.10E-2,0.05E-2,0.10E-2
2474,2.97,4.02,1.45E-2,0.11E-2,0.02E-2,0.08E-2
2474,4.02,4.88,1.24E-2,0.05E-2,0.01E-2,0.06E-2
2474,4.88,5.90,1.13E-2,0.04E-2,0.01E-2,0.05E-2
2474,5.90,7.09,8.93E-3,0.32E-3,0.13E-3,0.39E-3
2474,7.09,8.48,6.10E-3,0.22E-3,0.09E-3,0.26E-3
2474,8.48,11.00,4.09E-3,0.13E-3,0.03E-3,0.16E-3
2474,11.00,16.60,1.95E-3,0.05E-3,0.02E-3,0.07E-3
2474,16.60,22.80,8.24E-4,0.30E-4,0.12E-4,0.29E-4
2474,22.80,41.90,2.48E-4,0.08E-4,0.04E-4,0.08E-4
2475,1.00,1.92,6.59E-3,1.02E-3,0.34E-3,0.63E-3
2475,1.92,2.97,1.35E-2,0.11E-2,0.06E-2,0.11E-2
2475,2.97,4.02,1.44E-2,0.11E-2,0.03E-2,0.08E-2
2475,4.02,4.88,1.21E-2,0.05E-2,0.01E-2,0.06E-2
2475,4.88,5.90,1.11E-2,0.04E-2,0.01E-2,0.05E-2
2475,5.90,7.09,8.33E-3,0.32E-3,0.16E-3,0.38E-3
2475,7.09,8.48,6.53E-3,0.23E-3,0.08E-3,0.27E-3
2475,8.48,11.00,4.11E-3,0.13E-3,0.06E-3,0.17E-3
2475,11.00,16.60,2.19E-3,0.06E-3,0.02E-3,0.08E-3
2475,16.60,22.80,8.20E-4,0.30E-4,0.13E-4,0.29E-4
2475,22.80,41.90,2.44E-4,0.08E-4,0.04E-4,0.08E-4
2476,1.00,1.92,8.30E-3,1.08E-3,0.40E-3,0.78E-3
2476,1.92,2.97,1.18E-2,0.10E-2,0.05E-2,0.09E-2
2476,2.97,4.02,1.24E-2,0.10E-2,0.02E-2,0.06E-2
2476,4.02,4.88,1.13E-2,0.05E-2,0.01E-2,0.05E-2
2476,4.88,5.90,1.08E-2,0.04E-2,0.01E-2,0.05E-2
2476,5.90,7.09,8.37E-3,0.32E-3,0.17E-3,0.38E-3
2476,7.09,8.48,6.06E-3,0.22E-3,0.07E-3,0.25E-3
2476,8.48,11.00,4.03E-3,0.13E-3,0.04E-3,0.16E-3
2476,11.00,16.60,1.94E-3,0.05E-3,0.02E-3,0.07E-3
2476,16.60,22.80,8.70E-4,0.31E-4,0.15E-4,0.32E-4
2476,22.80,41.90,2.48E-4,0.08E-4,0.05E-4,0.09E-4
2477,1.00,1.92,7.08E-3,1.05E-3,0.35E-3,0.66E-3
2477,1.92,2.97,1.10E-2,0.10E-2,0.05E-2,0.09E-2
2477,2.97,4.02,1.34E-2,0.10E-2,0.02E-2,0.07E-2
2477,4.02,4.88,1.12E-2,0.05E-2,0.01E-2,0.05E-2
2477,4.88,5.90,1.03E-2,0.04E-2,0.01E-2,0.05E-2
2477,5.90,7.09,8.60E-3,0.32E-3,0.13E-3,0.38E-3
2477,7.09,8.48,6.65E-3,0.24E-3,0.09E-3,0.28E-3
2477,8.48,11.00,3.98E-3,0.13E-3,0.04E-3,0.16E-3
2477,11.00,16.60,1.99E-3,0.06E-3,0.02E-3,0.07E-3
2477,16.60,22.80,8.91E-4,0.31E-4,0.13E-4,0.31E-4
2477,22.80,41.90,2.56E-4,0.08E-4,0.05E-4,0.09E-4
2478,1.00,1.92,5.33E-3,0.98E-3,0.27E-3,0.50E-3
2478,1.92,2.97,9.89E-3,1.09E-3,0.43E-3,0.79E-3
2478,2.97,4.02,1.11E-2,0.11E-2,0.02E-2,0.06E-2
2478,4.02,4.88,1.17E-2,0.06E-2,0.01E-2,0.05E-2
2478,4.88,5.90,1.09E-2,0.05E-2,0.01E-2,0.05E-2
2478,5.90,7.09,8.21E-3,0.34E-3,0.16E-3,0.37E-3
2478,7.09,8.48,6.34E-3,0.25E-3,0.11E-3,0.27E-3
2478,8.48,11.00,4.06E-3,0.13E-3,0.06E-3,0.16E-3
2478,11.00,16.60,2.06E-3,0.06E-3,0.02E-3,0.08E-3
2478,16.60,22.80,7.91E-4,0.30E-4,0.10E-4,0.27E-4
2478,22.80,41.90,2.32E-4,0.08E-4,0.03E-4,0.07E-4
2479,1.00,1.92,8.06E-3,1.09E-3,0.39E-3,0.76E-3
2479,1.92,2.97,1.07E-2,0.10E-2,0.05E-2,0.08E-2
2479,2.97,4.02,1.33E-2,0.11E-2,0.03E-2,0.07E-2
2479,4.02,4.88,1.21E-2,0.05E-2,0.01E-2,0.06E-2
2479,4.88,5.90,1.17E-2,0.05E-2,0.01E-2,0.05E-2
2479,5.90,7.09,7.93E-3,0.32E-3,0.15E-3,0.36E-3
2479,7.09,8.48,6.09E-3,0.22E-3,0.07E-3,0.25E-3
2479,8.48,11.00,4.24E-3,0.13E-3,0.05E-3,0.17E-3
2479,11.00,16.60,1.89E-3,0.05E-3,0.02E-3,0.07E-3
2479,16.60,22.80,8.13E-4,0.29E-4,0.14E-4,0.29E-4
2479,22.80,41.90,2.45E-4,0.07E-4,0.03E-4,0.08E-4
2480,1.00,1.92,5.47E-3,0.91E-3,0.27E-3,0.52E-3
2480,1.92,2.97,1.13E-2,0.10E-2,0.05E-2,0.09E-2
2480,2.97,4.02,1.22E-2,0.11E-2,0.02E-2,0.06E-2
2480,4.02,4.88,1.19E-2,0.05E-2,0.01E-2,0.05E-2
2480,4.88,5.90,1.14E-2,0.05E-2,0.01E-2,0.05E-2
2480,5.90,7.09,8.94E-3,0.33E-3,0.16E-3,0.40E-3
2480,7.09,8.48,6.34E-3,0.23E-3,0.09E-3,0.27E-3
2480,8.48,11.00,4.28E-3,0.13E-3,0.04E-3,0.17E-3
2480,11.00,16.60,2.05E-3,0.06E-3,0.02E-3,0.08E-3
2480,16.60,22.80,8.18E-4,0.30E-4,0.12E-4,0.29E-4
2480,22.80,41.90,2.51E-4,0.08E-4,0.03E-4,0.08E-4
2481,1.00,1.92,6.71E-3,1.06E-3,0.33E-3,0.63E-3
2481,1.92,2.97,1.08E-2,0.11E-2,0.05E-2,0.09E-2
2481,2.97,4.02,1.40E-2,0.11E-2,0.02E-2,0.07E-2
2481,4.02,4.88,1.14E-2,0.06E-2,0.01E-2,0.05E-2
2481,4.88,5.90,1.10E-2,0.05E-2,0.01E-2,0.05E-2
2481,5.90,7.09,8.62E-3,0.34E-3,0.13E-3,0.38E-3
2481,7.09,8.48,7.03E-3,0.26E-3,0.12E-3,0.30E-3
2481,8.48,11.00,3.80E-3,0.13E-3,0.04E-3,0.15E-3
2481,11.00,16.60,1.99E-3,0.06E-3,0.03E-3,0.07E-3
2481,16.60,22.80,8.61E-4,0.32E-4,0.14E-4,0.31E-4
2481,22.80,41.90,2.51E-4,0.08E-4,0.04E-4,0.08E-4
2482,1.00,1.92,6.83E-3,1.07E-3,0.34E-3,0.64E-3
2482,1.92,2.97,1.17E-2,0.11E-2,0.05E-2,0.09E-2
2482,2.97,4.02,1.50E-2,0.11E-2,0.02E-2,0.08E-2
2482,4.02,4.88,1.19E-2,0.06E-2,0.01E-2,0.06E-2
2482,4.88,5.90,1.02E-2,0.04E-2,0.01E-2,0.05E-2
2482,5.90,7.09,9.04E-3,0.34E-3,0.17E-3,0.41E-3
2482,7.09,8.48,6.79E-3,0.24E-3,0.09E-3,0.28E-3
2482,8.48,11.00,4.09E-3,0.13E-3,0.04E-3,0.16E-3
2482,11.00,16.60,2.02E-3,0.06E-3,0.02E-3,0.07E-3
2482,16.60,22.80,8.00E-4,0.29E-4,0.08E-4,0.27E-4
2482,22.80,41.90,2.48E-4,0.08E-4,0.03E-4,0.08E-4
2483,1.00,1.92,7.72E-3,1.16E-3,0.37E-3,0.72E-3
2483,1.92,2.97,1.19E-2,0.12E-2,0.05E-2,0.10E-2
2483,2.97,4.02,1.48E-2,0.12E-2,0.03E-2,0.08E-2
2483,4.02,4.88,1.25E-2,0.06E-2,0.02E-2,0.06E-2
2483,4.88,5.90,1.13E-2,0.05E-2,0.01E-2,0.05E-2
2483,5.90,7.09,9.67E-3,0.36E-3,0.18E-3,0.44E-3
2483,7.09,8.48,6.64E-3,0.24E-3,0.07E-3,0.27E-3
2483,8.48,11.00,4.36E-3,0.14E-3,0.04E-3,0.17E-3
2483,11.00,16.60,1.91E-3,0.06E-3,0.01E-3,0.07E-3
2483,16.60,22.80,8.48E-4,0.31E-4,0.11E-4,0.29E-4
2483,22.80,41.90,2.37E-4,0.08E-4,0.03E-4,0.08E-4
2484,1.00,1.92,6.63E-3,1.25E-3,0.34E-3,0.63E-3
2484,1.92,2.97,1.15E-2,0.13E-2,0.05E-2,0.09E-2
2484,2.97,4.02,1.58E-2,0.12E-2,0.02E-2,0.08E-2
2484,4.02,4.88,1.26E-2,0.06E-2,0.01E-2,0.06E-2
2484,4.88,5.90,1.10E-2,0.05E-2,0.01E-2,0.05E-2
2484,5.90,7.09,9.29E-3,0.36E-3,0.15E-3,0.41E-3
2484,7.09,8.48,6.25E-3,0.24E-3,0.10E-3,0.27E-3
2484,8.48,11.00,4.33E-3,0.14E-3,0.05E-3,0.17E-3
2484,11.00,16.60,2.04E-3,0.06E-3,0.03E-3,0.08E-3
2484,16.60,22.80,8.50E-4,0.32E-4,0.17E-4,0.32E-4
2484,22.80,41.90,2.47E-4,0.08E-4,0.05E-4,0.09E-4
2485,1.00,1.92,1.01E-2,0.15E-2,0.05E-2,0.09E-2
2485,1.92,2.97,1.22E-2,0.12E-2,0.05E-2,0.10E-2
2485,2.97,4.02,1.43E-2,0.11E-2,0.02E-2,0.07E-2
2485,4.02,4.88,1.18E-2,0.06E-2,0.01E-2,0.05E-2
2485,4.88,5.90,1.16E-2,0.05E-2,0.01E-2,0.05E-2
2485,5.90,7.09,9.35E-3,0.36E-3,0.18E-3,0.43E-3
2485,7.09,8.48,6.43E-3,0.24E-3,0.10E-3,0.27E-3
2485,8.48,11.00,4.34E-3,0.14E-3,0.04E-3,0.17E-3
2485,11.00,16.60,1.96E-3,0.06E-3,0.02E-3,0.07E-3
2485,16.60,22.80,9.03E-4,0.33E-4,0.18E-4,0.34E-4
2485,22.80,41.90,2.32E-4,0.08E-4,0.03E-4,0.07E-4
2486,1.00,1.92,5.21E-3,1.05E-3,0.27E-3,0.49E-3
2486,1.92,2.97,1.33E-2,0.12E-2,0.06E-2,0.11E-2
2486,2.97,4.02,1.36E-2,0.11E-2,0.03E-2,0.07E-2
2486,4.02,4.88,1.17E-2,0.06E-2,0.01E-2,0.05E-2
2486,4.88,5.90,1.15E-2,0.05E-2,0.01E-2,0.05E-2
2486,5.90,7.09,8.67E-3,0.34E-3,0.17E-3,0.40E-3
2486,7.09,8.48,6.56E-3,0.25E-3,0.13E-3,0.29E-3
2486,8.48,11.00,4.24E-3,0.14E-3,0.03E-3,0.16E-3
2486,11.00,16.60,2.05E-3,0.06E-3,0.03E-3,0.08E-3
2486,16.60,22.80,9.26E-4,0.34E-4,0.14E-4,0.33E-4
2486,22.80,41.90,2.47E-4,0.08E-4,0.04E-4,0.08E-4
2487,1.00,1.92,7.98E-3,1.13E-3,0.39E-3,0.75E-3
2487,1.92,2.97,1.28E-2,0.11E-2,0.05E-2,0.10E-2
2487,2.97,4.02,1.50E-2,0.11E-2,0.02E-2,0.08E-2
2487,4.02,4.88,1.32E-2,0.06E-2,0.01E-2,0.06E-2
2487,4.88,5.90,1.19E-2,0.05E-2,0.01E-2,0.05E-2
2487,5.90,7.09,8.87E-3,0.34E-3,0.18E-3,0.41E-3
2487,7.09,8.48,6.08E-3,0.22E-3,0.09E-3,0.26E-3
2487,8.48,11.00,4.62E-3,0.14E-3,0.03E-3,0.18E-3
2487,11.00,16.60,2.02E-3,0.05E-3,0.02E-3,0.07E-3
2487,16.60,22.80,8.85E-4,0.31E-4,0.13E-4,0.31E-4
2487,22.80,41.90,2.41E-4,0.07E-4,0.03E-4,0.08E-4
2488,1.00,1.92,7.62E-3,1.24E-3,0.39E-3,0.72E-3
2488,1.92,2.97,1.20E-2,0.12E-2,0.05E-2,0.10E-2
2488,2.97,4.02,1.39E-2,0.12E-2,0.03E-2,0.07E-2
2488,4.02,4.88,1.39E-2,0.06E-2,0.01E-2,0.06E-2
2488,4.88,5.90,1.28E-2,0.05E-2,0.01E-2,0.06E-2
2488,5.90,7.09,9.59E-3,0.36E-3,0.16E-3,0.43E-3
2488,7.09,8.48,6.40E-3,0.24E-3,0.08E-3,0.27E-3
2488,8.48,11.00,4.18E-3,0.14E-3,0.05E-3,0.16E-3
2488,11.00,16.60,2.07E-3,0.06E-3,0.02E-3,0.08E-3
2488,16.60,22.80,7.89E-4,0.30E-4,0.10E-4,0.27E-4
2488,22.80,41.90,2.42E-4,0.08E-4,0.03E-4,0.08E-4
2489,1.00,1.92,7.72E-3,1.18E-3,0.38E-3,0.72E-3
2489,1.92,2.97,1.36E-2,0.12E-2,0.06E-2,0.11E-2
2489,2.97,4.02,1.31E-2,0.11E-2,0.03E-2,0.07E-2
2489,4.02,4.88,1.29E-2,0.06E-2,0.01E-2,0.06E-2
2489,4.88,5.90,1.13E-2,0.05E-2,0.01E-2,0.05E-2
2489,5.90,7.09,1.04E-2,0.04E-2,0.01E-2,0.04E-2
2489,7.09,8.48,6.88E-3,0.25E-3,0.10E-3,0.29E-3
2489,8.48,11.00,4.20E-3,0.13E-3,0.05E-3,0.17E-3
2489,11.00,16.60,2.14E-3,0.06E-3,0.02E-3,0.08E-3
2489,16.60,22.80,7.90E-4,0.30E-4,0.09E-4,0.27E-4
2489,22.80,41.90,2.42E-4,0.08E-4,0.04E-4,0.08E-4
2490,1.00,1.92,8.53E-3,1.33E-3,0.42E-3,0.80E-3
2490,1.92,2.97,1.46E-2,0.12E-2,0.06E-2,0.12E-2
2490,2.97,4.02,1.39E-2,0.13E-2,0.03E-2,0.08E-2
2490,4.02,4.88,1.40E-2,0.06E-2,0.02E-2,0.07E-2
2490,4.88,5.90,1.19E-2,0.05E-2,0.01E-2,0.05E-2
2490,5.90,7.09,9.99E-3,0.38E-3,0.21E-3,0.46E-3
2490,7.09,8.48,6.95E-3,0.26E-3,0.09E-3,0.29E-3
2490,8.48,11.00,4.31E-3,0.14E-3,0.04E-3,0.17E-3
2490,11.00,16.60,2.10E-3,0.06E-3,0.03E-3,0.08E-3
2490,16.60,22.80,9.03E-4,0.33E-4,0.21E-4,0.36E-4
2490,22.80,41.90,2.47E-4,0.08E-4,0.03E-4,0.08E-4
2491,1.00,1.92,9.49E-3,1.41E-3,0.46E-3,0.89E-3
2491,1.92,2.97,1.38E-2,0.12E-2,0.06E-2,0.11E-2
2491,2.97,4.02,1.38E-2,0.12E-2,0.03E-2,0.07E-2
2491,4.02,4.88,1.31E-2,0.06E-2,0.01E-2,0.06E-2
2491,4.88,5.90,1.18E-2,0.05E-2,0.01E-2,0.05E-2
2491,5.90,7.09,9.82E-3,0.36E-3,0.18E-3,0.44E-3
2491,7.09,8.48,6.11E-3,0.24E-3,0.11E-3,0.26E-3
2491,8.48,11.00,4.09E-3,0.13E-3,0.04E-3,0.16E-3
2491,11.00,16.60,2.17E-3,0.06E-3,0.03E-3,0.08E-3
2491,16.60,22.80,8.35E-4,0.31E-4,0.07E-4,0.28E-4
2491,22.80,41.90,2.53E-4,0.08E-4,0.05E-4,0.09E-4
2492,1.00,1.92,6.96E-3,1.19E-3,0.35E-3,0.66E-3
2492,1.92,2.97,1.48E-2,0.12E-2,0.06E-2,0.12E-2
2492,2.97,4.02,1.39E-2,0.12E-2,0.03E-2,0.07E-2
2492,4.02,4.88,1.29E-2,0.06E-2,0.01E-2,0.06E-2
2492,4.88,5.90,1.18E-2,0.05E-2,0.01E-2,0.05E-2
2492,5.90,7.09,9.35E-3,0.35E-3,0.19E-3,0.43E-3
2492,7.09,8.48,6.57E-3,0.24E-3,0.07E-3,0.27E-3
2492,8.48,11.00,4.53E-3,0.14E-3,0.05E-3,0.18E-3
2492,11.00,16.60,1.93E-3,0.06E-3,0.02E-3,0.07E-3
2492,16.60,22.80,8.50E-4,0.32E-4,0.09E-4,0.29E-4
2492,22.80,41.90,2.42E-4,0.08E-4,0.04E-4,0.08E-4
2493,1.00,1.92,7.96E-3,1.38E-3,0.38E-3,0.74E-3
2493,1.92,2.97,1.41E-2,0.13E-2,0.06E-2,0.11E-2
2493,2.97,4.02,1.54E-2,0.14E-2,0.03E-2,0.08E-2
2493,4.02,4.88,1.30E-2,0.06E-2,0.01E-2,0.06E-2
2493,4.88,5.90,1.16E-2,0.05E-2,0.01E-2,0.05E-2
2493,5.90,7.09,8.96E-3,0.35E-3,0.19E-3,0.41E-3
2493,7.09,8.48,6.62E-3,0.25E-3,0.08E-3,0.27E-3
2493,8.48,11.00,4.38E-3,0.14E-3,0.07E-3,0.18E-3
2493,11.00,16.60,2.03E-3,0.06E-3,0.02E-3,0.07E-3
2493,16.60,22.80,8.44E-4,0.32E-4,0.18E-4,0.32E-4
2493,22.80,41.90,2.36E-4,0.08E-4,0.04E-4,0.08E-4
2494,1.00,1.92,1.14E-2,0.15E-2,0.06E-2,0.11E-2
2494,1.92,2.97,1.43E-2,0.12E-2,0.06E-2,0.11E-2
2494,2.97,4.02,1.55E-2,0.12E-2,0.03E-2,0.08E-2
2494,4.02,4.88,1.30E-2,0.06E-2,0.01E-2,0.06E-2
2494,4.88,5.90,1.30E-2,0.05E-2,0.01E-2,0.06E-2
2494,5.90,7.09,9.06E-3,0.35E-3,0.16E-3,0.41E-3
2494,7.09,8.48,6.70E-3,0.24E-3,0.09E-3,0.28E-3
2494,8.48,11.00,4.27E-3,0.13E-3,0.03E-3,0.16E-3
2494,11.00,16.60,2.16E-3,0.06E-3,0.03E-3,0.08E-3
2494,16.60,22.80,9.34E-4,0.33E-4,0.18E-4,0.35E-4
2494,22.80,41.90,2.48E-4,0.08E-4,0.04E-4,0.08E-4
2495,1.00,1.92,8.42E-3,1.32E-3,0.44E-3,0.81E-3
2495,1.92,2.97,1.44E-2,0.12E-2,0.06E-2,0.11E-2
2495,2.97,4.02,1.63E-2,0.12E-2,0.02E-2,0.08E-2
2495,4.02,4.88,1.34E-2,0.06E-2,0.01E-2,0.06E-2
2495,4.88,5.90,1.25E-2,0.05E-2,0.01E-2,0.05E-2
2495,5.90,7.09,9.65E-3,0.35E-3,0.16E-3,0.43E-3
2495,7.09,8.48,6.41E-3,0.24E-3,0.09E-3,0.27E-3
2495,8.48,11.00,4.18E-3,0.13E-3,0.06E-3,0.17E-3
2495,11.00,16.60,2.06E-3,0.06E-3,0.02E-3,0.08E-3
2495,16.60,22.80,8.68E-4,0.31E-4,0.13E-4,0.31E-4
2495,22.80,41.90,2.31E-4,0.07E-4,0.03E-4,0.07E-4
2496,1.00,1.92,8.63E-3,1.36E-3,0.41E-3,0.80E-3
2496,1.92,2.97,1.41E-2,0.13E-2,0.06E-2,0.11E-2
2496,2.97,4.02,1.53E-2,0.12E-2,0.03E-2,0.08E-2
2496,4.02,4.88,1.34E-2,0.06E-2,0.02E-2,0.06E-2
2496,4.88,5.90,1.14E-2,0.05E-2,0.01E-2,0.05E-2
2496,5.90,7.09,9.27E-3,0.35E-3,0.18E-3,0.42E-3
2496,7.09,8.48,6.53E-3,0.25E-3,0.09E-3,0.28E-3
2496,8.48,11.00,4.35E-3,0.14E-3,0.05E-3,0.17E-3
2496,11.00,16.60,1.98E-3,0.06E-3,0.02E-3,0.07E-3
2496,16.60,22.80,7.99E-4,0.31E-4,0.14E-4,0.29E-4
2496,22.80,41.90,2.46E-4,0.08E-4,0.04E-4,0.08E-4
2497,1.00,1.92,8.58E-3,1.32E-3,0.41E-3,0.80E-3
2497,1.92,2.97,1.54E-2,0.13E-2,0.07E-2,0.12E-2
2497,2.97,4.02,1.70E-2,0.12E-2,0.03E-2,0.09E-2
2497,4.02,4.88,1.31E-2,0.06E-2,0.01E-2,0.06E-2
2497,4.88,5.90,1.20E-2,0.05E-2,0.01E-2,0.05E-2
2497,5.90,7.09,1.01E-2,0.04E-2,0.02E-2,0.04E-2
2497,7.09,8.48,6.77E-3,0.25E-3,0.08E-3,0.28E-3
2497,8.48,11.00,4.23E-3,0.14E-3,0.04E-3,0.17E-3
2497,11.00,16.60,1.97E-3,0.06E-3,0.03E-3,0.07E-3
2497,16.60,22.80,8.55E-4,0.31E-4,0.10E-4,0.29E-4
2497,22.80,41.90,2.55E-4,0.08E-4,0.03E-4,0.08E-4
2498,1.00,1.92,1.06E-2,0.16E-2,0.05E-2,0.10E-2
2498,1.92,2.97,1.57E-2,0.14E-2,0.07E-2,0.12E-2
2498,2.97,4.02,1.38E-2,0.12E-2,0.02E-2,0.07E-2
2498,4.02,4.88,1.42E-2,0.06E-2,0.01E-2,0.07E-2
2498,4.88,5.90,1.25E-2,0.05E-2,0.01E-2,0.05E-2
2498,5.90,7.09,9.01E-3,0.35E-3,0.16E-3,0.41E-3
2498,7.09,8.48,7.18E-3,0.26E-3,0.10E-3,0.30E-3
2498,8.48,11.00,4.39E-3,0.14E-3,0.06E-3,0.18E-3
2498,11.00,16.60,2.10E-3,0.06E-3,0.02E-3,0.08E-3
2498,16.60,22.80,8.39E-4,0.31E-4,0.11E-4,0.29E-4
2498,22.80,41.90,2.44E-4,0.08E-4,0.03E-4,0.08E-4
2499,1.00,1.92,9.72E-3,1.63E-3,0.46E-3,0.91E-3
2499,1.92,2.97,1.74E-2,0.15E-2,0.07E-2,0.14E-2
2499,2.97,4.02,1.51E-2,0.14E-2,0.03E-2,0.08E-2
2499,4.02,4.88,1.22E-2,0.06E-2,0.02E-2,0.06E-2
2499,4.88,5.90,1.27E-2,0.05E-2,0.01E-2,0.06E-2
2499,5.90,7.09,8.77E-3,0.36E-3,0.19E-3,0.41E-3
2499,7.09,8.48,6.65E-3,0.25E-3,0.09E-3,0.28E-3
2499,8.48,11.00,4.61E-3,0.15E-3,0.06E-3,0.18E-3
2499,11.00,16.60,2.12E-3,0.06E-3,0.03E-3,0.08E-3
2499,16.60,22.80,8.32E-4,0.32E-4,0.19E-4,0.33E-4
2499,22.80,41.90,2.56E-4,0.08E-4,0.04E-4,0.09E-4
2500,1.00,1.92,7.46E-3,1.40E-3,0.40E-3,0.72E-3
2500,1.92,2.97,1.29E-2,0.12E-2,0.06E-2,0.10E-2
2500,2.97,4.02,1.73E-2,0.14E-2,0.03E-2,0.09E-2
2500,4.02,4.88,1.38E-2,0.06E-2,0.01E-2,0.06E-2
2500,4.88,5.90,1.29E-2,0.05E-2,0.01E-2,0.06E-2
2500,5.90,7.09,9.59E-3,0.36E-3,0.17E-3,0.43E-3
2500,7.09,8.48,7.15E-3,0.26E-3,0.08E-3,0.29E-3
2500,8.48,11.00,4.43E-3,0.14E-3,0.05E-3,0.17E-3
2500,11.00,16.60,2.13E-3,0.06E-3,0.03E-3,0.08E-3
2500,16.60,22.80,8.80E-4,0.33E-4,0.17E-4,0.33E-4
2500,22.80,41.90,2.43E-4,0.08E-4,0.03E-4,0.08E-4
2501,1.00,1.92,9.29E-3,1.48E-3,0.47E-3,0.88E-3
2501,1.92,2.97,1.43E-2,0.13E-2,0.06E-2,0.11E-2
2501,2.97,4.02,1.58E-2,0.15E-2,0.04E-2,0.09E-2
2501,4.02,4.88,1.48E-2,0.06E-2,0.01E-2,0.07E-2
2501,4.88,5.90,1.25E-2,0.05E-2,0.01E-2,0.05E-2
2501,5.90,7.09,9.64E-3,0.35E-3,0.13E-3,0.42E-3
2501,7.09,8.48,7.81E-3,0.27E-3,0.08E-3,0.32E-3
2501,8.48,11.00,4.28E-3,0.14E-3,0.04E-3,0.17E-3
2501,11.00,16.60,2.18E-3,0.06E-3,0.03E-3,0.08E-3
2501,16.60,22.80,8.50E-4,0.31E-4,0.09E-4,0.29E-4
2501,22.80,41.90,2.67E-4,0.08E-4,0.04E-4,0.09E-4
2502,1.00,1.92,7.49E-3,1.31E-3,0.37E-3,0.71E-3
2502,1.92,2.97,1.54E-2,0.13E-2,0.07E-2,0.12E-2
2502,2.97,4.02,1.81E-2,0.15E-2,0.03E-2,0.09E-2
2502,4.02,4.88,1.36E-2,0.06E-2,0.01E-2,0.06E-2
2502,4.88,5.90,1.23E-2,0.05E-2,0.01E-2,0.05E-2
2502,5.90,7.09,1.00E-2,0.04E-2,0.02E-2,0.04E-2
2502,7.09,8.48,7.13E-3,0.26E-3,0.15E-3,0.32E-3
2502,8.48,11.00,5.04E-3,0.15E-3,0.07E-3,0.20E-3
2502,11.00,16.60,2.14E-3,0.06E-3,0.02E-3,0.08E-3
2502,16.60,22.80,8.12E-4,0.30E-4,0.15E-4,0.30E-4
2502,22.80,41.90,2.40E-4,0.08E-4,0.04E-4,0.08E-4
2503,1.00,1.92,9.29E-3,1.42E-3,0.46E-3,0.87E-3
2503,1.92,2.97,1.49E-2,0.13E-2,0.07E-2,0.12E-2
2503,2.97,4.02,1.67E-2,0.14E-2,0.03E-2,0.09E-2
2503,4.02,4.88,1.32E-2,0.06E-2,0.01E-2,0.06E-2
2503,4.88,5.90,1.23E-2,0.05E-2,0.01E-2,0.05E-2
2503,5.90,7.09,1.08E-2,0.04E-2,0.01E-2,0.05E-2
2503,7.09,8.48,6.76E-3,0.25E-3,0.10E-3,0.29E-3
2503,8.48,11.00,4.27E-3,0.13E-3,0.04E-3,0.17E-3
2503,11.00,16.60,2.11E-3,0.06E-3,0.02E-3,0.08E-3
2503,16.60,22.80,9.10E-4,0.32E-4,0.13E-4,0.32E-4
2503,22.80,41.90,2.57E-4,0.08E-4,0.04E-4,0.09E-4
2504,1.00,1.92,6.53E-3,1.44E-3,0.33E-3,0.62E-3
2504,1.92,2.97,1.49E-2,0.15E-2,0.06E-2,0.12E-2
2504,2.97,4.02,1.73E-2,0.15E-2,0.03E-2,0.09E-2
2504,4.02,4.88,1.39E-2,0.07E-2,0.02E-2,0.06E-2
2504,4.88,5.90,1.19E-2,0.05E-2,0.01E-2,0.05E-2
2504,5.90,7.09,1.03E-2,0.04E-2,0.02E-2,0.05E-2
2504,7.09,8.48,7.26E-3,0.29E-3,0.12E-3,0.31E-3
2504,8.48,11.00,4.69E-3,0.16E-3,0.05E-3,0.18E-3
2504,11.00,16.60,2.22E-3,0.07E-3,0.02E-3,0.08E-3
2504,16.60,22.80,8.59E-4,0.34E-4,0.17E-4,0.32E-4
2504,22.80,41.90,2.37E-4,0.08E-4,0.04E-4,0.08E-4
2505,1.00,1.92,9.14E-3,1.63E-3,0.45E-3,0.86E-3
2505,1.92,2.97,1.45E-2,0.14E-2,0.06E-2,0.12E-2
2505,2.97,4.02,1.51E-2,0.14E-2,0.03E-2,0.08E-2
2505,4.02,4.88,1.52E-2,0.07E-2,0.01E-2,0.07E-2
2505,4.88,5.90,1.29E-2,0.05E-2,0.01E-2,0.06E-2
2505,5.90,7.09,1.04E-2,0.04E-2,0.01E-2,0.04E-2
2505,7.09,8.48,6.55E-3,0.25E-3,0.09E-3,0.28E-3
2505,8.48,11.00,4.52E-3,0.14E-3,0.04E-3,0.18E-3
2505,11.00,16.60,2.16E-3,0.06E-3,0.03E-3,0.08E-3
2505,16.60,22.80,8.42E-4,0.31E-4,0.18E-4,0.32E-4
2505,22.80,41.90,2.47E-4,0.08E-4,0.04E-4,0.08E-4
2506,1.00,1.92,8.10E-3,1.48E-3,0.39E-3,0.76E-3
2506,1.92,2.97,1.47E-2,0.14E-2,0.06E-2,0.12E-2
2506,2.97,4.02,1.36E-2,0.14E-2,0.03E-2,0.07E-2
2506,4.02,4.88,1.43E-2,0.07E-2,0.02E-2,0.07E-2
2506,4.88,5.90,1.27E-2,0.05E-2,0.01E-2,0.06E-2
2506,5.90,7.09,1.02E-2,0.04E-2,0.01E-2,0.04E-2
2506,7.09,8.48,7.14E-3,0.26E-3,0.10E-3,0.30E-3
2506,8.48,11.00,4.47E-3,0.14E-3,0.06E-3,0.18E-3
2506,11.00,16.60,2.09E-3,0.06E-3,0.02E-3,0.08E-3
2506,16.60,22.80,8.90E-4,0.33E-4,0.14E-4,0.32E-4
2506,22.80,41.90,2.55E-4,0.08E-4,0.03E-4,0.08E-4
2507,1.00,1.92,1.07E-2,0.18E-2,0.05E-2,0.10E-2
2507,1.92,2.97,1.51E-2,0.15E-2,0.07E-2,0.12E-2
2507,2.97,4.02,1.53E-2,0.15E-2,0.04E-2,0.09E-2
2507,4.02,4.88,1.44E-2,0.07E-2,0.01E-2,0.07E-2
2507,4.88,5.90,1.31E-2,0.05E-2,0.01E-2,0.06E-2
2507,5.90,7.09,9.97E-3,0.39E-3,0.19E-3,0.45E-3
2507,7.09,8.48,6.74E-3,0.26E-3,0.08E-3,0.28E-3
2507,8.48,11.00,4.91E-3,0.15E-3,0.06E-3,0.19E-3
2507,11.00,16.60,2.19E-3,0.06E-3,0.02E-3,0.08E-3
2507,16.60,22.80,8.95E-4,0.34E-4,0.16E-4,0.33E-4
2507,22.80,41.90,2.48E-4,0.08E-4,0.06E-4,0.10E-4
2508,1.00,1.92,8.29E-3,1.35E-3,0.42E-3,0.79E-3
2508,1.92,2.97,1.51E-2,0.13E-2,0.07E-2,0.12E-2
2508,2.97,4.02,1.59E-2,0.13E-2,0.03E-2,0.08E-2
2508,4.02,4.88,1.47E-2,0.07E-2,0.01E-2,0.07E-2
2508,4.88,5.90,1.29E-2,0.05E-2,0.01E-2,0.06E-2
2508,5.90,7.09,1.03E-2,0.04E-2,0.01E-2,0.04E-2
2508,7.09,8.48,6.91E-3,0.25E-3,0.09E-3,0.29E-3
2508,8.48,11.00,4.70E-3,0.15E-3,0.05E-3,0.18E-3
2508,11.00,16.60,2.15E-3,0.06E-3,0.01E-3,0.08E-3
2508,16.60,22.80,8.32E-4,0.31E-4,0.12E-4,0.29E-4
2508,22.80,41.90,2.43E-4,0.08E-4,0.04E-4,0.08E-4
2509,1.00,1.92,1.03E-2,0.17E-2,0.05E-2,0.10E-2
2509,1.92,2.97,1.77E-2,0.15E-2,0.08E-2,0.14E-2
2509,2.97,4.02,1.72E-2,0.13E-2,0.03E-2,0.09E-2
2509,4.02,4.88,1.46E-2,0.07E-2,0.01E-2,0.07E-2
2509,4.88,5.90,1.23E-2,0.05E-2,0.01E-2,0.05E-2
2509,5.90,7.09,9.43E-3,0.37E-3,0.18E-3,0.43E-3
2509,7.09,8.48,7.86E-3,0.27E-3,0.10E-3,0.33E-3
2509,8.48,11.00,4.62E-3,0.15E-3,0.06E-3,0.19E-3
2509,11.00,16.60,2.10E-3,0.06E-3,0.02E-3,0.08E-3
2509,16.60,22.80,8.67E-4,0.32E-4,0.10E-4,0.30E-4
2509,22.80,41.90,2.59E-4,0.08E-4,0.05E-4,0.09E-4
2510,1.00,1.92,1.04E-2,0.15E-2,0.05E-2,0.10E-2
2510,1.92,2.97,1.51E-2,0.13E-2,0.07E-2,0.12E-2
2510,2.97,4.02,1.66E-2,0.13E-2,0.03E-2,0.09E-2
2510,4.02,4.88,1.43E-2,0.06E-2,0.02E-2,0.07E-2
2510,4.88,5.90,1.20E-2,0.05E-2,0.01E-2,0.05E-2
2510,5.90,7.09,9.75E-3,0.37E-3,0.18E-3,0.44E-3
2510,7.09,8.48,7.24E-3,0.26E-3,0.08E-3,0.30E-3
2510,8.48,11.00,4.08E-3,0.13E-3,0.03E-3,0.16E-3
2510,11.00,16.60,2.05E-3,0.06E-3,0.02E-3,0.07E-3
2510,16.60,22.80,9.33E-4,0.34E-4,0.14E-4,0.33E-4
2510,22.80,41.90,2.45E-4,0.08E-4,0.05E-4,0.09E-4
2511,1.00,1.92,7.82E-3,1.69E-3,0.39E-3,0.74E-3
2511,1.92,2.97,1.35E-2,0.16E-2,0.06E-2,0.11E-2
2511,2.97,4.02,1.41E-2,0.15E-2,0.04E-2,0.08E-2
2511,4.02,4.88,1.29E-2,0.07E-2,0.01E-2,0.06E-2
2511,4.88,5.90,1.20E-2,0.05E-2,0.01E-2,0.05E-2
2511,5.90,7.09,1.01E-2,0.04E-2,0.01E-2,0.04E-2
2511,7.09,8.48,7.19E-3,0.27E-3,0.11E-3,0.30E-3
2511,8.48,11.00,4.38E-3,0.15E-3,0.07E-3,0.18E-3
2511,11.00,16.60,2.03E-3,0.06E-3,0.02E-3,0.08E-3
2511,16.60,22.80,8.57E-4,0.33E-4,0.13E-4,0.30E-4
2511,22.80,41.90,2.62E-4,0.08E-4,0.03E-4,0.08E-4
2512,1.00,1.92,1.12E-2,0.18E-2,0.05E-2,0.10E-2
2512,1.92,2.97,1.58E-2,0.15E-2,0.07E-2,0.12E-2
2512,2.97,4.02,1.32E-2,0.14E-2,0.03E-2,0.07E-2
2512,4.02,4.88,1.39E-2,0.07E-2,0.02E-2,0.06E-2
2512,4.88,5.90,1.20E-2,0.05E-2,0.01E-2,0.05E-2
2512,5.90,7.09,9.64E-3,0.39E-3,0.23E-3,0.46E-3
2512,7.09,8.48,7.07E-3,0.27E-3,0.07E-3,0.29E-3
2512,8.48,11.00,4.53E-3,0.15E-3,0.06E-3,0.18E-3
2512,11.00,16.60,1.99E-3,0.06E-3,0.02E-3,0.07E-3
2512,16.60,22.80,9.09E-4,0.33E-4,0.10E-4,0.31E-4
2512,22.80,41.90,2.54E-4,0.08E-4,0.02E-4,0.08E-4
2513,1.00,1.92,1.06E-2,0.16E-2,0.05E-2,0.10E-2
2513,1.92,2.97,1.31E-2,0.13E-2,0.06E-2,0.10E-2
2513,2.97,4.02,1.46E-2,0.14E-2,0.04E-2,0.08E-2
2513,4.02,4.88,1.39E-2,0.07E-2,0.02E-2,0.06E-2
2513,4.88,5.90,1.23E-2,0.05E-2,0.01E-2,0.05E-2
2513,5.90,7.09,9.63E-3,0.37E-3,0.18E-3,0.43E-3
2513,7.09,8.48,6.70E-3,0.26E-3,0.11E-3,0.29E-3
2513,8.48,11.00,4.43E-3,0.14E-3,0.05E-3,0.17E-3
2513,11.00,16.60,2.13E-3,0.06E-3,0.03E-3,0.08E-3
2513,16.60,22.80,7.92E-4,0.30E-4,0.15E-4,0.30E-4
2513,22.80,41.90,2.32E-4,0.08E-4,0.04E-4,0.08E-4
2514,1.00,1.92,1.04E-2,0.15E-2,0.05E-2,0.10E-2
2514,1.92,2.97,1.52E-2,0.13E-2,0.07E-2,0.12E-2
2514,2.97,4.02,1.54E-2,0.13E-2,0.03E-2,0.08E-2
2514,4.02,4.88,1.37E-2,0.06E-2,0.01E-2,0.06E-2
2514,4.88,5.90,1.23E-2,0.05E-2,0.01E-2,0.05E-2
2514,5.90,7.09,9.54E-3,0.36E-3,0.14E-3,0.42E-3
2514,7.09,8.48,7.23E-3,0.26E-3,0.09E-3,0.30E-3
2514,8.48,11.00,4.15E-3,0.14E-3,0.05E-3,0.16E-3
2514,11.00,16.60,2.18E-3,0.06E-3,0.02E-3,0.08E-3
2514,16.60,22.80,9.13E-4,0.33E-4,0.13E-4,0.32E-4
2514,22.80,41.90,2.39E-4,0.08E-4,0.02E-4,0.07E-4
2515,1.00,1.92,7.80E-3,1.33E-3,0.39E-3,0.74E-3
2515,1.92,2.97,1.40E-2,0.13E-2,0.06E-2,0.11E-2
2515,2.97,4.02,1.55E-2,0.13E-2,0.03E-2,0.08E-2
2515,4.02,4.88,1.53E-2,0.07E-2,0.02E-2,0.07E-2
2515,4.88,5.90,1.27E-2,0.05E-2,0.01E-2,0.06E-2
2515,5.90,7.09,9.66E-3,0.36E-3,0.15E-3,0.43E-3
2515,7.09,8.48,7.49E-3,0.27E-3,0.12E-3,0.32E-3
2515,8.48,11.00,4.36E-3,0.14E-3,0.05E-3,0.17E-3
2515,11.00,16.60,2.17E-3,0.06E-3,0.02E-3,0.08E-3
2515,16.60,22.80,8.75E-4,0.32E-4,0.18E-4,0.33E-4
2515,22.80,41.90,2.39E-4,0.08E-4,0.04E-4,0.08E-4
2516,1.00,1.92,1.00E-2,0.14E-2,0.05E-2,0.09E-2
2516,1.92,2.97,1.33E-2,0.12E-2,0.06E-2,0.10E-2
2516,2.97,4.02,1.42E-2,0.12E-2,0.03E-2,0.08E-2
2516,4.02,4.88,1.53E-2,0.07E-2,0.02E-2,0.07E-2
2516,4.88,5.90,1.30E-2,0.05E-2,0.01E-2,0.06E-2
2516,5.90,7.09,1.03E-2,0.04E-2,0.02E-2,0.05E-2
2516,7.09,8.48,7.33E-3,0.26E-3,0.11E-3,0.31E-3
2516,8.48,11.00,4.70E-3,0.14E-3,0.04E-3,0.18E-3
2516,11.00,16.60,2.05E-3,0.06E-3,0.02E-3,0.07E-3
2516,16.60,22.80,8.79E-4,0.32E-4,0.11E-4,0.30E-4
2516,22.80,41.90,2.64E-4,0.08E-4,0.04E-4,0.09E-4
2517,1.00,1.92,1.08E-2,0.15E-2,0.05E-2,0.10E-2
2517,1.92,2.97,1.65E-2,0.14E-2,0.07E-2,0.13E-2
2517,2.97,4.02,1.74E-2,0.13E-2,0.03E-2,0.09E-2
2517,4.02,4.88,1.45E-2,0.06E-2,0.01E-2,0.07E-2
2517,4.88,5.90,1.26E-2,0.05E-2,0.01E-2,0.06E-2
2517,5.90,7.09,1.01E-2,0.04E-2,0.02E-2,0.05E-2
2517,7.09,8.48,7.34E-3,0.26E-3,0.14E-3,0.32E-3
2517,8.48,11.00,4.54E-3,0.14E-3,0.04E-3,0.18E-3
2517,11.00,16.60,2.05E-3,0.06E-3,0.02E-3,0.08E-3
2517,16.60,22.80,8.71E-4,0.31E-4,0.18E-4,0.34E-4
2517,22.80,41.90,2.52E-4,0.08E-4,0.04E-4,0.08E-4
2518,1.00,1.92,1.03E-2,0.17E-2,0.05E-2,0.10E-2
2518,1.92,2.97,1.64E-2,0.15E-2,0.07E-2,0.13E-2
2518,2.97,4.02,1.44E-2,0.13E-2,0.03E-2,0.08E-2
2518,4.02,4.88,1.51E-2,0.07E-2,0.01E-2,0.07E-2
2518,4.88,5.90,1.29E-2,0.05E-2,0.01E-2,0.06E-2
2518,5.90,7.09,1.03E-2,0.04E-2,0.02E-2,0.05E-2
2518,7.09,8.48,7.06E-3,0.26E-3,0.09E-3,0.29E-3
2518,8.48,11.00,4.74E-3,0.15E-3,0.06E-3,0.19E-3
2518,11.00,16.60,2.03E-3,0.06E-3,0.02E-3,0.08E-3
2518,16.60,22.80,8.46E-4,0.32E-4,0.13E-4,0.30E-4
2518,22.80,41.90,2.48E-4,0.08E-4,0.04E-4,0.08E-4
2519,1.00,1.92,8.49E-3,1.53E-3,0.41E-3,0.79E-3
2519,1.92,2.97,1.96E-2,0.16E-2,0.08E-2,0.15E-2
2519,2.97,4.02,1.52E-2,0.15E-2,0.03E-2,0.08E-2
2519,4.02,4.88,1.56E-2,0.07E-2,0.04E-2,0.08E-2
2519,4.88,5.90,1.25E-2,0.05E-2,0.01E-2,0.06E-2
2519,5.90,7.09,1.01E-2,0.04E-2,0.02E-2,0.05E-2
2519,7.09,8.48,6.88E-3,0.26E-3,0.11E-3,0.29E-3
2519,8.48,11.00,4.73E-3,0.16E-3,0.06E-3,0.19E-3
2519,11.00,16.60,2.16E-3,0.07E-3,0.03E-3,0.08E-3
2519,16.60,22.80,8.87E-4,0.34E-4,0.25E-4,0.38E-4
2519,22.80,41.90,2.50E-4,0.09E-4,0.04E-4,0.08E-4
2520,1.00,1.92,1.24E-2,0.18E-2,0.06E-2,0.12E-2
2520,1.92,2.97,1.70E-2,0.14E-2,0.07E-2,0.13E-2
2520,2.97,4.02,1.77E-2,0.14E-2,0.03E-2,0.09E-2
2520,4.02,4.88,1.41E-2,0.07E-2,0.02E-2,0.07E-2
2520,4.88,5.90,1.37E-2,0.05E-2,0.01E-2,0.06E-2
2520,5.90,7.09,1.03E-2,0.04E-2,0.02E-2,0.05E-2
2520,7.09,8.48,7.24E-3,0.26E-3,0.08E-3,0.30E-3
2520,8.48,11.00,4.61E-3,0.14E-3,0.04E-3,0.18E-3
2520,11.00,16.60,2.10E-3,0.06E-3,0.02E-3,0.08E-3
2520,16.60,22.80,8.37E-4,0.31E-4,0.10E-4,0.29E-4
2520,22.80,41.90,2.49E-4,0.08E-4,0.05E-4,0.09E-4
2521,1.00,1.92,1.05E-2,0.15E-2,0.05E-2,0.10E-2
2521,1.92,2.97,1.78E-2,0.14E-2,0.08E-2,0.14E-2
2521,2.97,4.02,1.67E-2,0.14E-2,0.04E-2,0.09E-2
2521,4.02,4.88,1.57E-2,0.07E-2,0.02E-2,0.07E-2
2521,4.88,5.90,1.28E-2,0.05E-2,0.01E-2,0.06E-2
2521,5.90,7.09,9.61E-3,0.37E-3,0.21E-3,0.45E-3
2521,7.09,8.48,7.00E-3,0.26E-3,0.11E-3,0.30E-3
2521,8.48,11.00,4.49E-3,0.14E-3,0.04E-3,0.17E-3
2521,11.00,16.60,2.21E-3,0.06E-3,0.03E-3,0.08E-3
2521,16.60,22.80,8.89E-4,0.33E-4,0.16E-4,0.33E-4
2521,22.80,41.90,2.40E-4,0.08E-4,0.04E-4,0.08E-4
2522,1.00,1.92,8.75E-3,1.47E-3,0.45E-3,0.83E-3
2522,1.92,2.97,1.94E-2,0.15E-2,0.08E-2,0.15E-2
2522,2.97,4.02,1.77E-2,0.14E-2,0.03E-2,0.09E-2
2522,4.02,4.88,1.55E-2,0.07E-2,0.02E-2,0.07E-2
2522,4.88,5.90,1.37E-2,0.05E-2,0.01E-2,0.06E-2
2522,5.90,7.09,9.45E-3,0.36E-3,0.17E-3,0.43E-3
2522,7.09,8.48,7.38E-3,0.27E-3,0.10E-3,0.31E-3
2522,8.48,11.00,5.09E-3,0.15E-3,0.04E-3,0.20E-3
2522,11.00,16.60,2.20E-3,0.06E-3,0.02E-3,0.08E-3
2522,16.60,22.80,8.14E-4,0.31E-4,0.13E-4,0.29E-4
2522,22.80,41.90,2.35E-4,0.08E-4,0.03E-4,0.08E-4
2523,1.00,1.92,1.25E-2,0.21E-2,0.06E-2,0.12E-2
2523,1.92,2.97,1.70E-2,0.18E-2,0.07E-2,0.14E-2
2523,2.97,4.02,1.91E-2,0.19E-2,0.04E-2,0.10E-2
2523,4.02,4.88,1.53E-2,0.09E-2,0.02E-2,0.07E-2
2523,4.88,5.90,1.30E-2,0.07E-2,0.01E-2,0.06E-2
2523,5.90,7.09,1.10E-2,0.05E-2,0.02E-2,0.05E-2
2523,7.09,8.48,7.82E-3,0.36E-3,0.18E-3,0.36E-3
2523,8.48,11.00,4.78E-3,0.19E-3,0.06E-3,0.19E-3
2523,11.00,16.60,2.16E-3,0.08E-3,0.03E-3,0.08E-3
2523,16.60,22.80,8.59E-4,0.43E-4,0.16E-4,0.32E-4
2523,22.80,41.90,2.67E-4,0.11E-4,0.05E-4,0.09E-4
2524,1.00,1.92,8.68E-3,2.88E-3,0.44E-3,0.82E-3
2524,1.92,2.97,1.65E-2,0.27E-2,0.07E-2,0.13E-2
2524,2.97,4.02,1.94E-2,0.28E-2,0.04E-2,0.10E-2
2524,4.02,4.88,1.67E-2,0.14E-2,0.04E-2,0.09E-2
2524,4.88,5.90,1.22E-2,0.10E-2,0.02E-2,0.06E-2
2524,5.90,7.09,1.07E-2,0.08E-2,0.04E-2,0.06E-2
2524,7.09,8.48,6.90E-3,0.47E-3,0.12E-3,0.30E-3
2524,8.48,11.00,5.40E-3,0.30E-3,0.14E-3,0.25E-3
2524,11.00,16.60,2.27E-3,0.12E-3,0.04E-3,0.09E-3
2524,16.60,22.80,8.44E-4,0.60E-4,0.16E-4,0.32E-4
2524,22.80,41.90,2.82E-4,0.16E-4,0.09E-4,0.12E-4
2525,1.00,1.92,9.70E-3,1.70E-3,0.51E-3,0.93E-3
2525,1.92,2.97,1.97E-2,0.16E-2,0.09E-2,0.16E-2
2525,2.97,4.02,1.51E-2,0.14E-2,0.03E-2,0.08E-2
2525,4.02,4.88,1.50E-2,0.07E-2,0.01E-2,0.07E-2
2525,4.88,5.90,1.36E-2,0.05E-2,0.01E-2,0.06E-2
2525,5.90,7.09,9.79E-3,0.38E-3,0.18E-3,0.44E-3
2525,7.09,8.48,7.46E-3,0.27E-3,0.07E-3,0.30E-3
2525,8.48,11.00,4.73E-3,0.15E-3,0.03E-3,0.18E-3
2525,11.00,16.60,2.22E-3,0.06E-3,0.02E-3,0.08E-3
2525,16.60,22.80,8.62E-4,0.32E-4,0.09E-4,0.29E-4
2525,22.80,41.90,2.54E-4,0.08E-4,0.04E-4,0.08E-4
2527,1.00,1.92,9.21E-3,1.72E-3,0.50E-3,0.89E-3
2527,1.92,2.97,1.50E-2,0.15E-2,0.07E-2,0.12E-2
2527,2.97,4.02,1.76E-2,0.15E-2,0.03E-2,0.09E-2
2527,4.02,4.88,1.41E-2,0.07E-2,0.01E-2,0.06E-2
2527,4.88,5.90,1.48E-2,0.06E-2,0.01E-2,0.06E-2
2527,5.90,7.09,9.84E-3,0.40E-3,0.19E-3,0.45E-3
2527,7.09,8.48,7.28E-3,0.28E-3,0.08E-3,0.30E-3
2527,8.48,11.00,4.47E-3,0.16E-3,0.05E-3,0.18E-3
2527,11.00,16.60,2.21E-3,0.07E-3,0.03E-3,0.08E-3
2527,16.60,22.80,8.45E-4,0.35E-4,0.13E-4,0.30E-4
2527,22.80,41.90,2.38E-4,0.09E-4,0.04E-4,0.08E-4
2528,1.00,1.92,1.27E-2,0.17E-2,0.06E-2,0.12E-2
2528,1.92,2.97,1.58E-2,0.13E-2,0.07E-2,0.13E-2
2528,2.97,4.02,1.88E-2,0.13E-2,0.03E-2,0.10E-2
2528,4.02,4.88,1.62E-2,0.07E-2,0.02E-2,0.07E-2
2528,4.88,5.90,1.28E-2,0.05E-2,0.01E-2,0.06E-2
2528,5.90,7.09,1.07E-2,0.04E-2,0.01E-2,0.05E-2
2528,7.09,8.48,7.72E-3,0.27E-3,0.10E-3,0.32E-3
2528,8.48,11.00,4.82E-3,0.15E-3,0.05E-3,0.19E-3
2528,11.00,16.60,2.15E-3,0.06E-3,0.02E-3,0.08E-3
2528,16.60,22.80,9.20E-4,0.34E-4,0.10E-4,0.31E-4
2528,22.80,41.90,2.40E-4,0.08E-4,0.03E-4,0.08E-4
2529,1.00,1.92,1.04E-2,0.16E-2,0.05E-2,0.10E-2
2529,1.92,2.97,1.62E-2,0.15E-2,0.07E-2,0.13E-2
2529,2.97,4.02,1.64E-2,0.13E-2,0.03E-2,0.09E-2
2529,4.02,4.88,1.50E-2,0.07E-2,0.02E-2,0.07E-2
2529,4.88,5.90,1.40E-2,0.06E-2,0.01E-2,0.06E-2
2529,5.90,7.09,1.04E-2,0.04E-2,0.02E-2,0.05E-2
2529,7.09,8.48,7.08E-3,0.27E-3,0.12E-3,0.30E-3
2529,8.48,11.00,4.66E-3,0.15E-3,0.04E-3,0.18E-3
2529,11.00,16.60,2.18E-3,0.06E-3,0.03E-3,0.08E-3
2529,16.60,22.80,8.74E-4,0.33E-4,0.14E-4,0.31E-4
2529,22.80,41.90,2.45E-4,0.08E-4,0.04E-4,0.08E-4
2530,1.00,1.92,1.31E-2,0.27E-2,0.06E-2,0.12E-2
2530,1.92,2.97,1.79E-2,0.23E-2,0.08E-2,0.14E-2
2530,2.97,4.02,2.39E-2,0.24E-2,0.04E-2,0.12E-2
2530,4.02,4.88,1.64E-2,0.11E-2,0.03E-2,0.08E-2
2530,4.88,5.90,1.25E-2,0.08E-2,0.02E-2,0.06E-2
2530,5.90,7.09,1.07E-2,0.06E-2,0.03E-2,0.05E-2
2530,7.09,8.48,7.38E-3,0.43E-3,0.15E-3,0.33E-3
2530,8.48,11.00,4.63E-3,0.24E-3,0.08E-3,0.19E-3
2530,11.00,16.60,2.40E-3,0.11E-3,0.09E-3,0.13E-3
2530,16.60,22.80,8.80E-4,0.54E-4,0.12E-4,0.31E-4
2530,22.80,41.90,2.26E-4,0.12E-4,0.04E-4,0.08E-4
2531,1.00,1.92,1.28E-2,0.29E-2,0.06E-2,0.12E-2
2531,1.92,2.97,1.73E-2,0.24E-2,0.08E-2,0.14E-2
2531,2.97,4.02,1.56E-2,0.21E-2,0.04E-2,0.09E-2
2531,4.02,4.88,1.46E-2,0.11E-2,0.02E-2,0.07E-2
2531,4.88,5.90,1.26E-2,0.08E-2,0.01E-2,0.06E-2
2531,5.90,7.09,1.08E-2,0.06E-2,0.03E-2,0.05E-2
2531,7.09,8.48,8.38E-3,0.44E-3,0.17E-3,0.37E-3
2531,8.48,11.00,4.83E-3,0.24E-3,0.15E-3,0.24E-3
2531,11.00,16.60,2.59E-3,0.11E-3,0.04E-3,0.10E-3
2531,16.60,22.80,8.42E-4,0.51E-4,0.27E-4,0.38E-4
2531,22.80,41.90,2.52E-4,0.13E-4,0.03E-4,0.08E-4
2532,1.00,1.92,1.34E-2,0.21E-2,0.07E-2,0.13E-2
2532,1.92,2.97,1.93E-2,0.17E-2,0.08E-2,0.15E-2
2532,2.97,4.02,2.12E-2,0.16E-2,0.04E-2,0.11E-2
2532,4.02,4.88,1.71E-2,0.08E-2,0.02E-2,0.08E-2
2532,4.88,5.90,1.44E-2,0.06E-2,0.01E-2,0.06E-2
2532,5.90,7.09,9.80E-3,0.42E-3,0.21E-3,0.45E-3
2532,7.09,8.48,7.61E-3,0.32E-3,0.16E-3,0.34E-3
2532,8.48,11.00,4.81E-3,0.17E-3,0.05E-3,0.19E-3
2532,11.00,16.60,2.18E-3,0.07E-3,0.04E-3,0.09E-3
2532,16.60,22.80,8.91E-4,0.38E-4,0.12E-4,0.31E-4
2532,22.80,41.90,2.46E-4,0.09E-4,0.04E-4,0.08E-4
2534,1.00,1.92,8.30E-3,1.47E-3,0.46E-3,0.81E-3
2534,1.92,2.97,1.66E-2,0.15E-2,0.07E-2,0.13E-2
2534,2.97,4.02,1.89E-2,0.14E-2,0.04E-2,0.10E-2
2534,4.02,4.88,1.50E-2,0.07E-2,0.02E-2,0.07E-2
2534,4.88,5.90,1.32E-2,0.05E-2,0.01E-2,0.06E-2
2534,5.90,7.09,1.04E-2,0.04E-2,0.02E-2,0.05E-2
2534,7.09,8.48,7.48E-3,0.27E-3,0.08E-3,0.31E-3
2534,8.48,11.00,4.46E-3,0.14E-3,0.04E-3,0.17E-3
2534,11.00,16.60,2.15E-3,0.06E-3,0.02E-3,0.08E-3
2534,16.60,22.80,8.96E-4,0.33E-4,0.14E-4,0.32E-4
2534,22.80,41.90,2.68E-4,0.08E-4,0.04E-4,0.09E-4
2536,1.00,1.92,8.05E-3,1.68E-3,0.41E-3,0.76E-3
2536,1.92,2.97,1.94E-2,0.18E-2,0.08E-2,0.15E-2
2536,2.97,4.02,1.80E-2,0.17E-2,0.04E-2,0.10E-2
2536,4.02,4.88,1.77E-2,0.09E-2,0.02E-2,0.08E-2
2536,4.88,5.90,1.35E-2,0.06E-2,0.01E-2,0.06E-2
2536,5.90,7.09,1.08E-2,0.05E-2,0.02E-2,0.05E-2
2536,7.09,8.48,7.53E-3,0.32E-3,0.06E-3,0.30E-3
2536,8.48,11.00,4.60E-3,0.17E-3,0.06E-3,0.18E-3
2536,11.00,16.60,2.16E-3,0.07E-3,0.02E-3,0.08E-3
2536,16.60,22.80,8.76E-4,0.39E-4,0.17E-4,0.33E-4
2536,22.80,41.90,2.78E-4,0.10E-4,0.03E-4,0.09E-4
2538,1.00,1.92,1.14E-2,0.24E-2,0.05E-2,0.11E-2
2538,1.92,2.97,1.88E-2,0.20E-2,0.08E-2,0.15E-2
2538,2.97,4.02,1.70E-2,0.18E-2,0.05E-2,0.10E-2
2538,4.02,4.88,1.41E-2,0.08E-2,0.02E-2,0.07E-2
2538,4.88,5.90,1.37E-2,0.07E-2,0.01E-2,0.06E-2
2538,5.90,7.09,1.12E-2,0.05E-2,0.03E-2,0.05E-2
2538,7.09,8.48,7.82E-3,0.34E-3,0.10E-3,0.32E-3
2538,8.48,11.00,4.65E-3,0.18E-3,0.06E-3,0.18E-3
2538,11.00,16.60,2.21E-3,0.08E-3,0.03E-3,0.08E-3
2538,16.60,22.80,9.02E-4,0.40E-4,0.13E-4,0.32E-4
2538,22.80,41.90,2.60E-4,0.10E-4,0.02E-4,0.08E-4
2539,1.00,1.92,1.09E-2,0.17E-2,0.06E-2,0.10E-2
2539,1.92,2.97,1.68E-2,0.15E-2,0.08E-2,0.14E-2
2539,2.97,4.02,1.92E-2,0.15E-2,0.04E-2,0.10E-2
2539,4.02,4.88,1.58E-2,0.07E-2,0.02E-2,0.07E-2
2539,4.88,5.90,1.34E-2,0.05E-2,0.01E-2,0.06E-2
2539,5.90,7.09,9.95E-3,0.39E-3,0.20E-3,0.45E-3
2539,7.09,8.48,7.15E-3,0.27E-3,0.10E-3,0.30E-3
2539,8.48,11.00,4.98E-3,0.15E-3,0.04E-3,0.19E-3
2539,11.00,16.60,2.15E-3,0.06E-3,0.03E-3,0.08E-3
2539,16.60,22.80,8.66E-4,0.33E-4,0.08E-4,0.29E-4
2539,22.80,41.90,2.37E-4,0.08E-4,0.04E-4,0.08E-4
2540,1.00,1.92,1.16E-2,0.29E-2,0.06E-2,0.11E-2
2540,1.92,2.97,2.02E-2,0.25E-2,0.09E-2,0.16E-2
2540,2.97,4.02,1.44E-2,0.23E-2,0.10E-2,0.12E-2
2540,4.02,4.88,1.55E-2,0.11E-2,0.02E-2,0.07E-2
2540,4.88,5.90,1.45E-2,0.09E-2,0.01E-2,0.06E-2
2540,5.90,7.09,1.08E-2,0.06E-2,0.02E-2,0.05E-2
2540,7.09,8.48,7.47E-3,0.41E-3,0.18E-3,0.35E-3
2540,8.48,11.00,4.96E-3,0.24E-3,0.11E-3,0.22E-3
2540,11.00,16.60,2.01E-3,0.09E-3,0.04E-3,0.08E-3
2540,16.60,22.80,9.07E-4,0.52E-4,0.10E-4,0.31E-4
2540,22.80,41.90,2.51E-4,0.13E-4,0.04E-4,0.08E-4
2543,1.00,1.92,1.06E-2,0.33E-2,0.06E-2,0.10E-2
2543,1.92,2.97,1.82E-2,0.33E-2,0.09E-2,0.15E-2
2543,2.97,4.02,1.96E-2,0.29E-2,0.05E-2,0.11E-2
2543,4.02,4.88,1.89E-2,0.15E-2,0.05E-2,0.10E-2
2543,4.88,5.90,1.53E-2,0.11E-2,0.02E-2,0.07E-2
2543,5.90,7.09,1.16E-2,0.08E-2,0.04E-2,0.07E-2
2543,7.09,8.48,8.43E-3,0.65E-3,0.40E-3,0.52E-3
2543,8.48,11.00,4.97E-3,0.32E-3,0.15E-3,0.24E-3
2543,11.00,16.60,2.37E-3,0.14E-3,0.04E-3,0.09E-3
2543,16.60,22.80,8.91E-4,0.70E-4,0.10E-4,0.30E-4
2543,22.80,41.90,2.58E-4,0.18E-4,0.04E-4,0.09E-4
2544,1.00,1.92,1.08E-2,0.17E-2,0.06E-2,0.10E-2
2544,1.92,2.97,2.07E-2,0.16E-2,0.09E-2,0.17E-2
2544,2.97,4.02,1.62E-2,0.14E-2,0.05E-2,0.09E-2
2544,4.02,4.88,1.50E-2,0.07E-2,0.02E-2,0.07E-2
2544,4.88,5.90,1.32E-2,0.05E-2,0.01E-2,0.06E-2
2544,5.90,7.09,1.12E-2,0.04E-2,0.02E-2,0.05E-2
2544,7.09,8.48,7.62E-3,0.27E-3,0.12E-3,0.32E-3
2544,8.48,11.00,4.70E-3,0.15E-3,0.05E-3,0.18E-3
2544,11.00,16.60,2.21E-3,0.06E-3,0.02E-3,0.08E-3
2544,16.60,22.80,8.91E-4,0.33E-4,0.12E-4,0.31E-4
2544,22.80,41.90,2.50E-4,0.08E-4,0.03E-4,0.08E-4
2545,1.00,1.92,1.12E-2,0.20E-2,0.06E-2,0.11E-2
2545,1.92,2.97,1.84E-2,0.17E-2,0.08E-2,0.15E-2
2545,2.97,4.02,2.14E-2,0.16E-2,0.03E-2,0.11E-2
2545,4.02,4.88,1.62E-2,0.08E-2,0.02E-2,0.07E-2
2545,4.88,5.90,1.48E-2,0.06E-2,0.01E-2,0.07E-2
2545,5.90,7.09,1.11E-2,0.04E-2,0.02E-2,0.05E-2
2545,7.09,8.48,6.96E-3,0.28E-3,0.13E-3,0.30E-3
2545,8.48,11.00,4.85E-3,0.16E-3,0.05E-3,0.19E-3
2545,11.00,16.60,2.25E-3,0.07E-3,0.02E-3,0.08E-3
2545,16.60,22.80,9.00E-4,0.35E-4,0.17E-4,0.34E-4
2545,22.80,41.90,2.59E-4,0.09E-4,0.05E-4,0.09E-4
2546,1.00,1.92,9.76E-3,1.91E-3,0.50E-3,0.93E-3
2546,1.92,2.97,1.69E-2,0.17E-2,0.07E-2,0.13E-2
2546,2.97,4.02,1.74E-2,0.17E-2,0.05E-2,0.10E-2
2546,4.02,4.88,1.58E-2,0.07E-2,0.01E-2,0.07E-2
2546,4.88,5.90,1.39E-2,0.06E-2,0.01E-2,0.06E-2
2546,5.90,7.09,1.09E-2,0.04E-2,0.04E-2,0.06E-2
2546,7.09,8.48,7.64E-3,0.29E-3,0.11E-3,0.32E-3
2546,8.48,11.00,4.83E-3,0.16E-3,0.08E-3,0.20E-3
2546,11.00,16.60,2.18E-3,0.07E-3,0.02E-3,0.08E-3
2546,16.60,22.80,9.61E-4,0.36E-4,0.15E-4,0.34E-4
2546,22.80,41.90,2.50E-4,0.08E-4,0.04E-4,0.08E-4
2547,1.00,1.92,1.47E-2,0.25E-2,0.08E-2,0.14E-2
2547,1.92,2.97,1.77E-2,0.18E-2,0.08E-2,0.14E-2
2547,2.97,4.02,1.57E-2,0.16E-2,0.05E-2,0.09E-2
2547,4.02,4.88,1.65E-2,0.08E-2,0.02E-2,0.08E-2
2547,4.88,5.90,1.39E-2,0.06E-2,0.01E-2,0.06E-2
2547,5.90,7.09,1.10E-2,0.04E-2,0.02E-2,0.05E-2
2547,7.09,8.48,7.70E-3,0.29E-3,0.07E-3,0.31E-3
2547,8.48,11.00,4.83E-3,0.16E-3,0.05E-3,0.19E-3
2547,11.00,16.60,2.15E-3,0.07E-3,0.03E-3,0.08E-3
2547,16.60,22.80,9.37E-4,0.36E-4,0.16E-4,0.34E-4
2547,22.80,41.90,2.46E-4,0.08E-4,0.05E-4,0.09E-4
2548,1.00,1.92,9.50E-3,2.45E-3,0.59E-3,0.96E-3
2548,1.92,2.97,1.72E-2,0.21E-2,0.08E-2,0.14E-2
2548,2.97,4.02,2.01E-2,0.22E-2,0.05E-2,0.11E-2
2548,4.02,4.88,1.65E-2,0.10E-2,0.02E-2,0.08E-2
2548,4.88,5.90,1.40E-2,0.07E-2,0.01E-2,0.06E-2
2548,5.90,7.09,1.11E-2,0.05E-2,0.02E-2,0.05E-2
2548,7.09,8.48,7.58E-3,0.37E-3,0.12E-3,0.32E-3
2548,8.48,11.00,5.17E-3,0.21E-3,0.07E-3,0.21E-3
2548,11.00,16.60,2.12E-3,0.08E-3,0.02E-3,0.08E-3
2548,16.60,22.80,8.89E-4,0.44E-4,0.22E-4,0.36E-4
2548,22.80,41.90,2.72E-4,0.12E-4,0.05E-4,0.09E-4
2552,1.00,1.92,1.06E-2,0.25E-2,0.06E-2,0.10E-2
2552,1.92,2.97,1.70E-2,0.21E-2,0.08E-2,0.14E-2
2552,2.97,4.02,1.83E-2,0.21E-2,0.05E-2,0.10E-2
2552,4.02,4.88,1.57E-2,0.10E-2,0.02E-2,0.07E-2
2552,4.88,5.90,1.38E-2,0.08E-2,0.02E-2,0.06E-2
2552,5.90,7.09,1.17E-2,0.06E-2,0.03E-2,0.05E-2
2552,7.09,8.48,8.16E-3,0.41E-3,0.17E-3,0.36E-3
2552,8.48,11.00,4.70E-3,0.21E-3,0.07E-3,0.19E-3
2552,11.00,16.60,2.33E-3,0.10E-3,0.04E-3,0.09E-3
2552,16.60,22.80,8.97E-4,0.49E-4,0.18E-4,0.34E-4
2552,22.80,41.90,2.57E-4,0.12E-4,0.04E-4,0.09E-4
2553,1.00,1.92,1.23E-2,0.22E-2,0.06E-2,0.12E-2
2553,1.92,2.97,1.58E-2,0.18E-2,0.07E-2,0.13E-2
2553,2.97,4.02,1.51E-2,0.19E-2,0.07E-2,0.10E-2
2553,4.02,4.88,1.61E-2,0.08E-2,0.02E-2,0.08E-2
2553,4.88,5.90,1.42E-2,0.07E-2,0.01E-2,0.06E-2
2553,5.90,7.09,1.02E-2,0.05E-2,0.03E-2,0.05E-2
2553,7.09,8.48,8.27E-3,0.34E-3,0.20E-3,0.38E-3
2553,8.48,11.00,4.82E-3,0.18E-3,0.06E-3,0.19E-3
2553,11.00,16.60,2.28E-3,0.08E-3,0.03E-3,0.08E-3
2553,16.60,22.80,8.96E-4,0.40E-4,0.21E-4,0.36E-4
2553,22.80,41.90,2.58E-4,0.10E-4,0.04E-4,0.09E-4
2554,1.00,1.92,1.18E-2,0.20E-2,0.06E-2,0.11E-2
2554,1.92,2.97,1.97E-2,0.18E-2,0.09E-2,0.16E-2
2554,2.97,4.02,1.93E-2,0.18E-2,0.05E-2,0.11E-2
2554,4.02,4.88,1.56E-2,0.08E-2,0.02E-2,0.07E-2
2554,4.88,5.90,1.48E-2,0.07E-2,0.01E-2,0.07E-2
2554,5.90,7.09,1.10E-2,0.05E-2,0.02E-2,0.05E-2
2554,7.09,8.48,7.89E-3,0.32E-3,0.12E-3,0.34E-3
2554,8.48,11.00,4.90E-3,0.17E-3,0.05E-3,0.19E-3
2554,11.00,16.60,2.22E-3,0.07E-3,0.03E-3,0.08E-3
2554,16.60,22.80,9.62E-4,0.39E-4,0.14E-4,0.34E-4
2554,22.80,41.90,2.52E-4,0.09E-4,0.05E-4,0.09E-4
2555,1.00,1.92,1.10E-2,0.18E-2,0.06E-2,0.10E-2
2555,1.92,2.97,1.43E-2,0.16E-2,0.07E-2,0.12E-2
2555,2.97,4.02,1.48E-2,0.16E-2,0.05E-2,0.08E-2
2555,4.02,4.88,1.48E-2,0.08E-2,0.02E-2,0.07E-2
2555,4.88,5.90,1.36E-2,0.06E-2,0.01E-2,0.06E-2
2555,5.90,7.09,1.01E-2,0.04E-2,0.02E-2,0.05E-2
2555,7.09,8.48,7.89E-3,0.31E-3,0.14E-3,0.34E-3
2555,8.48,11.00,4.77E-3,0.17E-3,0.07E-3,0.19E-3
2555,11.00,16.60,2.19E-3,0.07E-3,0.02E-3,0.08E-3
2555,16.60,22.80,8.12E-4,0.35E-4,0.16E-4,0.31E-4
2555,22.80,41.90,2.40E-4,0.09E-4,0.04E-4,0.08E-4
2556,1.00,1.92,1.12E-2,0.18E-2,0.06E-2,0.11E-2
2556,1.92,2.97,1.62E-2,0.15E-2,0.07E-2,0.13E-2
2556,2.97,4.02,1.65E-2,0.15E-2,0.04E-2,0.09E-2
2556,4.02,4.88,1.61E-2,0.07E-2,0.02E-2,0.07E-2
2556,4.88,5.90,1.31E-2,0.06E-2,0.01E-2,0.06E-2
2556,5.90,7.09,1.08E-2,0.04E-2,0.02E-2,0.05E-2
2556,7.09,8.48,7.35E-3,0.28E-3,0.10E-3,0.31E-3
2556,8.48,11.00,4.58E-3,0.15E-3,0.06E-3,0.18E-3
2556,11.00,16.60,2.08E-3,0.06E-3,0.02E-3,0.08E-3
2556,16.60,22.80,8.68E-4,0.33E-4,0.15E-4,0.32E-4
2556,22.80,41.90,2.54E-4,0.09E-4,0.04E-4,0.09E-4
2557,1.00,1.92,9.43E-3,1.59E-3,0.46E-3,0.89E-3
2557,1.92,2.97,1.53E-2,0.15E-2,0.07E-2,0.12E-2
2557,2.97,4.02,1.72E-2,0.16E-2,0.04E-2,0.09E-2
2557,4.02,4.88,1.55E-2,0.07E-2,0.02E-2,0.07E-2
2557,4.88,5.90,1.30E-2,0.06E-2,0.01E-2,0.06E-2
2557,5.90,7.09,9.95E-3,0.40E-3,0.22E-3,0.47E-3
2557,7.09,8.48,7.40E-3,0.28E-3,0.12E-3,0.32E-3
2557,8.48,11.00,4.35E-3,0.15E-3,0.05E-3,0.17E-3
2557,11.00,16.60,2.15E-3,0.06E-3,0.02E-3,0.08E-3
2557,16.60,22.80,8.64E-4,0.34E-4,0.12E-4,0.30E-4
2557,22.80,41.90,2.55E-4,0.09E-4,0.03E-4,0.08E-4
2558,1.00,1.92,1.11E-2,0.22E-2,0.05E-2,0.10E-2
2558,1.92,2.97,1.62E-2,0.18E-2,0.07E-2,0.13E-2
2558,2.97,4.02,1.53E-2,0.18E-2,0.04E-2,0.09E-2
2558,4.02,4.88,1.56E-2,0.08E-2,0.02E-2,0.07E-2
2558,4.88,5.90,1.27E-2,0.06E-2,0.01E-2,0.06E-2
2558,5.90,7.09,1.11E-2,0.05E-2,0.03E-2,0.05E-2
2558,7.09,8.48,7.57E-3,0.32E-3,0.20E-3,0.36E-3
2558,8.48,11.00,4.25E-3,0.17E-3,0.07E-3,0.18E-3
2558,11.00,16.60,2.18E-3,0.07E-3,0.03E-3,0.08E-3
2558,16.60,22.80,9.15E-4,0.39E-4,0.14E-4,0.33E-4
2558,22.80,41.90,2.54E-4,0.10E-4,0.04E-4,0.09E-4
2559,1.00,1.92,1.22E-2,0.23E-2,0.06E-2,0.12E-2
2559,1.92,2.97,1.47E-2,0.17E-2,0.07E-2,0.12E-2
2559,2.97,4.02,1.65E-2,0.17E-2,0.04E-2,0.09E-2
2559,4.02,4.88,1.44E-2,0.08E-2,0.02E-2,0.07E-2
2559,4.88,5.90,1.36E-2,0.06E-2,0.01E-2,0.06E-2
2559,5.90,7.09,1.08E-2,0.05E-2,0.02E-2,0.05E-2
2559,7.09,8.48,7.32E-3,0.31E-3,0.10E-3,0.31E-3
2559,8.48,11.00,4.69E-3,0.18E-3,0.07E-3,0.19E-3
2559,11.00,16.60,2.21E-3,0.08E-3,0.03E-3,0.08E-3
2559,16.60,22.80,8.13E-4,0.37E-4,0.11E-4,0.28E-4
2559,22.80,41.90,2.76E-4,0.10E-4,0.02E-4,0.08E-4
2560,1.00,1.92,1.17E-2,0.21E-2,0.06E-2,0.11E-2
2560,1.92,2.97,1.83E-2,0.19E-2,0.08E-2,0.15E-2
2560,2.97,4.02,1.74E-2,0.18E-2,0.05E-2,0.10E-2
2560,4.02,4.88,1.52E-2,0.08E-2,0.02E-2,0.07E-2
2560,4.88,5.90,1.45E-2,0.07E-2,0.01E-2,0.06E-2
2560,5.90,7.09,1.08E-2,0.05E-2,0.02E-2,0.05E-2
2560,7.09,8.48,8.76E-3,0.35E-3,0.12E-3,0.37E-3
2560,8.48,11.00,4.72E-3,0.17E-3,0.07E-3,0.19E-3
2560,11.00,16.60,2.26E-3,0.08E-3,0.04E-3,0.09E-3
2560,16.60,22.80,9.78E-4,0.41E-4,0.18E-4,0.36E-4
2560,22.80,41.90,2.54E-4,0.10E-4,0.04E-4,0.08E-4
2561,1.00,1.92,6.17E-3,1.76E-3,0.35E-3,0.61E-3
2561,1.92,2.97,1.86E-2,0.21E-2,0.08E-2,0.15E-2
2561,2.97,4.02,1.66E-2,0.19E-2,0.05E-2,0.09E-2
2561,4.02,4.88,1.50E-2,0.09E-2,0.03E-2,0.07E-2
2561,4.88,5.90,1.24E-2,0.07E-2,0.01E-2,0.05E-2
2561,5.90,7.09,1.07E-2,0.05E-2,0.03E-2,0.05E-2
2561,7.09,8.48,7.02E-3,0.34E-3,0.15E-3,0.32E-3
2561,8.48,11.00,4.56E-3,0.19E-3,0.05E-3,0.18E-3
2561,11.00,16.60,2.15E-3,0.08E-3,0.03E-3,0.08E-3
2561,16.60,22.80,9.73E-4,0.44E-4,0.16E-4,0.35E-4
2561,22.80,41.90,2.59E-4,0.11E-4,0.05E-4,0.09E-4
2562,1.00,1.92,1.10E-2,0.22E-2,0.05E-2,0.10E-2
2562,1.92,2.97,1.81E-2,0.20E-2,0.08E-2,0.14E-2
2562,2.97,4.02,1.68E-2,0.19E-2,0.05E-2,0.10E-2
2562,4.02,4.88,1.51E-2,0.09E-2,0.02E-2,0.07E-2
2562,4.88,5.90,1.48E-2,0.08E-2,0.02E-2,0.07E-2
2562,5.90,7.09,1.01E-2,0.05E-2,0.02E-2,0.05E-2
2562,7.09,8.48,8.17E-3,0.39E-3,0.20E-3,0.38E-3
2562,8.48,11.00,4.94E-3,0.21E-3,0.08E-3,0.20E-3
2562,11.00,16.60,2.26E-3,0.09E-3,0.04E-3,0.09E-3
2562,16.60,22.80,8.61E-4,0.43E-4,0.18E-4,0.33E-4
2562,22.80,41.90,2.55E-4,0.11E-4,0.05E-4,0.09E-4
2563,1.00,1.92,1.24E-2,0.29E-2,0.06E-2,0.12E-2
2563,1.92,2.97,1.47E-2,0.21E-2,0.07E-2,0.12E-2
2563,2.97,4.02,1.74E-2,0.19E-2,0.03E-2,0.09E-2
2563,4.02,4.88,1.67E-2,0.10E-2,0.02E-2,0.08E-2
2563,4.88,5.90,1.27E-2,0.08E-2,0.02E-2,0.06E-2
2563,5.90,7.09,1.04E-2,0.06E-2,0.02E-2,0.05E-2
2563,7.09,8.48,8.26E-3,0.42E-3,0.16E-3,0.36E-3
2563,8.48,11.00,4.92E-3,0.23E-3,0.08E-3,0.20E-3
2563,11.00,16.60,2.07E-3,0.09E-3,0.04E-3,0.08E-3
2563,16.60,22.80,9.04E-4,0.49E-4,0.15E-4,0.33E-4
2563,22.80,41.90,2.58E-4,0.12E-4,0.06E-4,0.10E-4
2564,1.00,1.92,8.76E-3,1.76E-3,0.43E-3,0.82E-3
2564,1.92,2.97,1.70E-2,0.17E-2,0.08E-2,0.14E-2
2564,2.97,4.02,1.66E-2,0.17E-2,0.04E-2,0.09E-2
2564,4.02,4.88,1.39E-2,0.08E-2,0.02E-2,0.07E-2
2564,4.88,5.90,1.29E-2,0.06E-2,0.01E-2,0.06E-2
2564,5.90,7.09,9.05E-3,0.45E-3,0.24E-3,0.44E-3
2564,7.09,8.48,6.81E-3,0.32E-3,0.10E-3,0.29E-3
2564,8.48,11.00,4.70E-3,0.18E-3,0.04E-3,0.18E-3
2564,11.00,16.60,2.17E-3,0.08E-3,0.03E-3,0.08E-3
2564,16.60,22.80,8.16E-4,0.39E-4,0.20E-4,0.33E-4
2564,22.80,41.90,2.57E-4,0.10E-4,0.05E-4,0.09E-4
2565,1.00,1.92,9.00E-3,2.03E-3,0.48E-3,0.86E-3
2565,1.92,2.97,1.58E-2,0.18E-2,0.07E-2,0.13E-2
2565,2.97,4.02,1.71E-2,0.18E-2,0.04E-2,0.09E-2
2565,4.02,4.88,1.58E-2,0.08E-2,0.02E-2,0.07E-2
2565,4.88,5.90,1.36E-2,0.07E-2,0.01E-2,0.06E-2
2565,5.90,7.09,1.05E-2,0.05E-2,0.02E-2,0.05E-2
2565,7.09,8.48,7.26E-3,0.33E-3,0.09E-3,0.30E-3
2565,8.48,11.00,4.81E-3,0.18E-3,0.07E-3,0.20E-3
2565,11.00,16.60,2.14E-3,0.08E-3,0.03E-3,0.08E-3
2565,16.60,22.80,8.22E-4,0.38E-4,0.11E-4,0.29E-4
2565,22.80,41.90,2.52E-4,0.10E-4,0.03E-4,0.08E-4
2566,1.00,1.92,1.19E-2,0.25E-2,0.06E-2,0.12E-2
2566,1.92,2.97,1.55E-2,0.19E-2,0.07E-2,0.12E-2
2566,2.97,4.02,1.85E-2,0.20E-2,0.04E-2,0.10E-2
2566,4.02,4.88,1.39E-2,0.09E-2,0.02E-2,0.06E-2
2566,4.88,5.90,1.21E-2,0.07E-2,0.02E-2,0.05E-2
2566,5.90,7.09,1.18E-2,0.06E-2,0.03E-2,0.06E-2
2566,7.09,8.48,7.28E-3,0.37E-3,0.18E-3,0.34E-3
2566,8.48,11.00,4.87E-3,0.21E-3,0.07E-3,0.20E-3
2566,11.00,16.60,2.16E-3,0.09E-3,0.03E-3,0.08E-3
2566,16.60,22.80,8.59E-4,0.45E-4,0.13E-4,0.31E-4
2566,22.80,41.90,2.58E-4,0.11E-4,0.03E-4,0.08E-4
2567,1.00,1.92,1.09E-2,0.27E-2,0.06E-2,0.10E-2
2567,1.92,2.97,2.09E-2,0.24E-2,0.09E-2,0.16E-2
2567,2.97,4.02,1.49E-2,0.23E-2,0.06E-2,0.10E-2
2567,4.02,4.88,1.33E-2,0.10E-2,0.02E-2,0.06E-2
2567,4.88,5.90,1.32E-2,0.08E-2,0.01E-2,0.06E-2
2567,5.90,7.09,1.04E-2,0.06E-2,0.03E-2,0.05E-2
2567,7.09,8.48,6.62E-3,0.40E-3,0.24E-3,0.35E-3
2567,8.48,11.00,4.66E-3,0.23E-3,0.07E-3,0.19E-3
2567,11.00,16.60,2.06E-3,0.09E-3,0.05E-3,0.09E-3
2567,16.60,22.80,8.99E-4,0.52E-4,0.13E-4,0.32E-4
2567,22.80,41.90,2.63E-4,0.13E-4,0.06E-4,0.10E-4
2568,1.00,1.92,1.48E-2,0.30E-2,0.08E-2,0.14E-2
2568,1.92,2.97,1.78E-2,0.20E-2,0.08E-2,0.14E-2
2568,2.97,4.02,1.86E-2,0.20E-2,0.04E-2,0.10E-2
2568,4.02,4.88,1.54E-2,0.09E-2,0.02E-2,0.07E-2
2568,4.88,5.90,1.23E-2,0.07E-2,0.02E-2,0.06E-2
2568,5.90,7.09,1.02E-2,0.05E-2,0.03E-2,0.05E-2
2568,7.09,8.48,7.82E-3,0.35E-3,0.12E-3,0.33E-3
2568,8.48,11.00,4.49E-3,0.18E-3,0.05E-3,0.18E-3
2568,11.00,16.60,2.13E-3,0.08E-3,0.04E-3,0.08E-3
2568,16.60,22.80,8.53E-4,0.41E-4,0.18E-4,0.33E-4
2568,22.80,41.90,2.98E-4,0.12E-4,0.03E-4,0.09E-4
2569,1.00,1.92,1.29E-2,0.25E-2,0.07E-2,0.12E-2
2569,1.92,2.97,1.75E-2,0.19E-2,0.08E-2,0.14E-2
2569,2.97,4.02,1.85E-2,0.18E-2,0.04E-2,0.10E-2
2569,4.02,4.88,1.41E-2,0.08E-2,0.02E-2,0.07E-2
2569,4.88,5.90,1.39E-2,0.06E-2,0.01E-2,0.06E-2
2569,5.90,7.09,9.64E-3,0.44E-3,0.20E-3,0.44E-3
2569,7.09,8.48,7.26E-3,0.31E-3,0.10E-3,0.30E-3
2569,8.48,11.00,4.80E-3,0.18E-3,0.11E-3,0.21E-3
2569,11.00,16.60,2.36E-3,0.08E-3,0.02E-3,0.09E-3
2569,16.60,22.80,9.09E-4,0.40E-4,0.28E-4,0.41E-4
2569,22.80,41.90,2.32E-4,0.09E-4,0.04E-4,0.08E-4
2570,1.00,1.92,1.16E-2,0.23E-2,0.06E-2,0.11E-2
2570,1.92,2.97,2.13E-2,0.19E-2,0.09E-2,0.17E-2
2570,2.97,4.02,1.64E-2,0.16E-2,0.04E-2,0.09E-2
2570,4.02,4.88,1.75E-2,0.08E-2,0.02E-2,0.08E-2
2570,4.88,5.90,1.36E-2,0.06E-2,0.01E-2,0.06E-2
2570,5.90,7.09,1.05E-2,0.04E-2,0.02E-2,0.05E-2
2570,7.09,8.48,7.07E-3,0.28E-3,0.09E-3,0.30E-3
2570,8.48,11.00,4.39E-3,0.15E-3,0.04E-3,0.17E-3
2570,11.00,16.60,2.07E-3,0.06E-3,0.02E-3,0.08E-3
2570,16.60,22.80,8.33E-4,0.35E-4,0.15E-4,0.31E-4
2570,22.80,41.90,2.64E-4,0.09E-4,0.03E-4,0.08E-4
2571,1.00,1.92,8.88E-3,2.32E-3,0.49E-3,0.86E-3
2571,1.92,2.97,1.82E-2,0.20E-2,0.08E-2,0.14E-2
2571,2.97,4.02,1.61E-2,0.18E-2,0.04E-2,0.09E-2
2571,4.02,4.88,1.45E-2,0.08E-2,0.02E-2,0.07E-2
2571,4.88,5.90,1.33E-2,0.06E-2,0.01E-2,0.06E-2
2571,5.90,7.09,1.03E-2,0.04E-2,0.02E-2,0.05E-2
2571,7.09,8.48,7.60E-3,0.32E-3,0.15E-3,0.34E-3
2571,8.48,11.00,4.57E-3,0.17E-3,0.06E-3,0.18E-3
2571,11.00,16.60,2.29E-3,0.07E-3,0.03E-3,0.09E-3
2571,16.60,22.80,9.79E-4,0.42E-4,0.29E-4,0.43E-4
2571,22.80,41.90,2.55E-4,0.10E-4,0.05E-4,0.09E-4
2572,1.00,1.92,8.36E-3,2.02E-3,0.40E-3,0.78E-3
2572,1.92,2.97,1.75E-2,0.20E-2,0.08E-2,0.14E-2
2572,2.97,4.02,1.47E-2,0.18E-2,0.04E-2,0.08E-2
2572,4.02,4.88,1.49E-2,0.08E-2,0.02E-2,0.07E-2
2572,4.88,5.90,1.09E-2,0.06E-2,0.01E-2,0.05E-2
2572,5.90,7.09,9.63E-3,0.45E-3,0.21E-3,0.45E-3
2572,7.09,8.48,7.68E-3,0.34E-3,0.11E-3,0.32E-3
2572,8.48,11.00,4.59E-3,0.18E-3,0.08E-3,0.19E-3
2572,11.00,16.60,2.15E-3,0.08E-3,0.03E-3,0.08E-3
2572,16.60,22.80,9.28E-4,0.42E-4,0.10E-4,0.32E-4
2572,22.80,41.90,2.62E-4,0.11E-4,0.04E-4,0.09E-4
2573,1.00,1.92,9.98E-3,2.05E-3,0.50E-3,0.94E-3
2573,1.92,2.97,1.35E-2,0.16E-2,0.06E-2,0.11E-2
2573,2.97,4.02,1.51E-2,0.16E-2,0.04E-2,0.08E-2
2573,4.02,4.88,1.44E-2,0.07E-2,0.02E-2,0.07E-2
2573,4.88,5.90,1.22E-2,0.06E-2,0.01E-2,0.05E-2
2573,5.90,7.09,9.35E-3,0.40E-3,0.19E-3,0.43E-3
2573,7.09,8.48,6.95E-3,0.29E-3,0.11E-3,0.29E-3
2573,8.48,11.00,4.49E-3,0.16E-3,0.07E-3,0.18E-3
2573,11.00,16.60,2.22E-3,0.07E-3,0.03E-3,0.08E-3
2573,16.60,22.80,8.48E-4,0.35E-4,0.12E-4,0.30E-4
2573,22.80,41.90,2.41E-4,0.09E-4,0.04E-4,0.08E-4
2574,1.00,1.92,1.02E-2,0.19E-2,0.05E-2,0.10E-2
2574,1.92,2.97,1.51E-2,0.15E-2,0.07E-2,0.12E-2
2574,2.97,4.02,1.48E-2,0.15E-2,0.03E-2,0.08E-2
2574,4.02,4.88,1.36E-2,0.07E-2,0.02E-2,0.06E-2
2574,4.88,5.90,1.25E-2,0.05E-2,0.01E-2,0.06E-2
2574,5.90,7.09,9.66E-3,0.38E-3,0.16E-3,0.43E-3
2574,7.09,8.48,6.78E-3,0.26E-3,0.08E-3,0.28E-3
2574,8.48,11.00,4.36E-3,0.15E-3,0.05E-3,0.17E-3
2574,11.00,16.60,2.23E-3,0.07E-3,0.02E-3,0.08E-3
2574,16.60,22.80,8.81E-4,0.34E-4,0.09E-4,0.30E-4
2574,22.80,41.90,2.66E-4,0.09E-4,0.04E-4,0.09E-4
2575,1.00,1.92,1.35E-2,0.22E-2,0.07E-2,0.13E-2
2575,1.92,2.97,1.71E-2,0.16E-2,0.08E-2,0.14E-2
2575,2.97,4.02,1.47E-2,0.14E-2,0.04E-2,0.08E-2
2575,4.02,4.88,1.42E-2,0.07E-2,0.02E-2,0.07E-2
2575,4.88,5.90,1.30E-2,0.06E-2,0.01E-2,0.06E-2
2575,5.90,7.09,9.03E-3,0.38E-3,0.18E-3,0.42E-3
2575,7.09,8.48,7.13E-3,0.28E-3,0.10E-3,0.30E-3
2575,8.48,11.00,4.50E-3,0.16E-3,0.05E-3,0.18E-3
2575,11.00,16.60,2.15E-3,0.07E-3,0.02E-3,0.08E-3
2575,16.60,22.80,8.70E-4,0.36E-4,0.18E-4,0.33E-4
2575,22.80,41.90,2.67E-4,0.10E-4,0.05E-4,0.09E-4
