bartels_rotation_number,rigidity_min GV,rigidity_max GV,proton_flux m^-2sr^-1s^-1GV^-1,proton_flux_error_statistical m^-2sr^-1s^-1GV^-1,proton_flux_error_timedependent m^-2sr^-1s^-1GV^-1,proton_flux_error_systematic_total m^-2sr^-1s^-1GV^-1,center_date
2426,1.0,1.92,844.3,0.5,1.8,16.2,2011-05-28
2426,1.92,2.97,482.0,0.3,0.8,5.8,2011-05-28
2426,2.97,4.02,262.8,0.2,0.5,2.8,2011-05-28
2426,4.02,4.88,162.2,0.1,0.4,1.7,2011-05-28
2426,4.88,5.9,107.8,0.1,0.3,1.1,2011-05-28
2426,5.9,7.09,70.61,0.05,0.17,0.75,2011-05-28
2426,7.09,8.48,46.02,0.03,0.11,0.49,2011-05-28
2426,8.48,11.0,26.86,0.02,0.05,0.29,2011-05-28
2426,11.0,16.6,11.39,0.01,0.02,0.13,2011-05-28
2426,16.6,22.8,4.306,0.004,0.007,0.05,2011-05-28
2426,22.8,41.9,1.24,0.001,0.002,0.015,2011-05-28
2427,1.0,1.92,775.8,0.3,2.5,15.0,2011-06-24
2427,1.92,2.97,453.8,0.2,1.3,5.6,2011-06-24
2427,2.97,4.02,250.1,0.1,0.8,2.8,2011-06-24
2427,4.02,4.88,155.7,0.1,0.6,1.7,2011-06-24
2427,4.88,5.9,104.1,0.1,0.4,1.1,2011-06-24
2427,5.9,7.09,68.59,0.04,0.25,0.75,2011-06-24
2427,7.09,8.48,44.9,0.03,0.16,0.5,2011-06-24
2427,8.48,11.0,26.32,0.01,0.08,0.29,2011-06-24
2427,11.0,16.6,11.25,0.01,0.03,0.13,2011-06-24
2427,16.6,22.8,4.263,0.003,0.011,0.05,2011-06-24
2427,22.8,41.9,1.234,0.001,0.002,0.015,2011-06-24
2428,1.0,1.92,794.3,0.3,3.0,15.4,2011-07-21
2428,1.92,2.97,469.5,0.2,1.3,5.8,2011-07-21
2428,2.97,4.02,259.4,0.1,0.7,2.8,2011-07-21
2428,4.02,4.88,161.7,0.1,0.5,1.7,2011-07-21
2428,4.88,5.9,107.8,0.1,0.3,1.2,2011-07-21
2428,5.9,7.09,70.93,0.04,0.21,0.76,2011-07-21
2428,7.09,8.48,46.29,0.03,0.14,0.5,2011-07-21
2428,8.48,11.0,27.04,0.01,0.07,0.29,2011-07-21
2428,11.0,16.6,11.48,0.01,0.02,0.13,2011-07-21
2428,16.6,22.8,4.332,0.003,0.009,0.05,2011-07-21
2428,22.8,41.9,1.25,0.001,0.002,0.015,2011-07-21
2429,1.0,1.92,793.0,0.3,3.3,15.4,2011-08-17
2429,1.92,2.97,469.1,0.2,1.6,5.8,2011-08-17
2429,2.97,4.02,260.0,0.1,0.9,2.9,2011-08-17
2429,4.02,4.88,161.8,0.1,0.7,1.8,2011-08-17
2429,4.88,5.9,108.1,0.1,0.4,1.2,2011-08-17
2429,5.9,7.09,71.12,0.04,0.29,0.79,2011-08-17
2429,7.09,8.48,46.47,0.02,0.19,0.52,2011-08-17
2429,8.48,11.0,27.15,0.01,0.09,0.3,2011-08-17
2429,11.0,16.6,11.52,0.01,0.03,0.13,2011-08-17
2429,16.6,22.8,4.364,0.002,0.013,0.051,2011-08-17
2429,22.8,41.9,1.257,0.001,0.003,0.015,2011-08-17
2430,1.0,1.92,805.0,0.3,3.1,15.6,2011-09-13
2430,1.92,2.97,474.0,0.2,1.4,5.8,2011-09-13
2430,2.97,4.02,261.7,0.1,0.7,2.9,2011-09-13
2430,4.02,4.88,162.9,0.1,0.5,1.8,2011-09-13
2430,4.88,5.9,108.8,0.1,0.4,1.2,2011-09-13
2430,5.9,7.09,71.47,0.03,0.23,0.78,2011-09-13
2430,7.09,8.48,46.58,0.02,0.15,0.51,2011-09-13
2430,8.48,11.0,27.22,0.01,0.07,0.3,2011-09-13
2430,11.0,16.6,11.58,0.01,0.02,0.13,2011-09-13
2430,16.6,22.8,4.373,0.002,0.01,0.051,2011-09-13
2430,22.8,41.9,1.257,0.001,0.002,0.015,2011-09-13
2431,1.0,1.92,723.7,0.3,2.6,13.9,2011-10-10
2431,1.92,2.97,441.0,0.2,1.1,5.4,2011-10-10
2431,2.97,4.02,248.4,0.1,0.6,2.7,2011-10-10
2431,4.02,4.88,156.0,0.1,0.4,1.7,2011-10-10
2431,4.88,5.9,104.8,0.0,0.3,1.1,2011-10-10
2431,5.9,7.09,69.28,0.03,0.18,0.74,2011-10-10
2431,7.09,8.48,45.43,0.02,0.12,0.49,2011-10-10
2431,8.48,11.0,26.68,0.01,0.06,0.29,2011-10-10
2431,11.0,16.6,11.39,0.01,0.02,0.13,2011-10-10
2431,16.6,22.8,4.325,0.002,0.008,0.05,2011-10-10
2431,22.8,41.9,1.252,0.001,0.002,0.015,2011-10-10
2432,1.0,1.92,776.9,0.3,2.9,15.0,2011-11-06
2432,1.92,2.97,465.2,0.2,1.3,5.7,2011-11-06
2432,2.97,4.02,258.3,0.1,0.7,2.8,2011-11-06
2432,4.02,4.88,161.0,0.1,0.5,1.7,2011-11-06
2432,4.88,5.9,107.7,0.1,0.3,1.2,2011-11-06
2432,5.9,7.09,70.89,0.03,0.22,0.77,2011-11-06
2432,7.09,8.48,46.27,0.02,0.14,0.5,2011-11-06
2432,8.48,11.0,27.02,0.01,0.07,0.29,2011-11-06
2432,11.0,16.6,11.5,0.01,0.02,0.13,2011-11-06
2432,16.6,22.8,4.352,0.002,0.009,0.05,2011-11-06
2432,22.8,41.9,1.253,0.001,0.002,0.015,2011-11-06
2433,1.0,1.92,808.1,0.3,2.7,15.5,2011-12-03
2433,1.92,2.97,484.5,0.2,1.1,5.9,2011-12-03
2433,2.97,4.02,267.7,0.1,0.5,2.9,2011-12-03
2433,4.02,4.88,165.8,0.1,0.4,1.8,2011-12-03
2433,4.88,5.9,110.5,0.1,0.2,1.2,2011-12-03
2433,5.9,7.09,72.44,0.04,0.16,0.77,2011-12-03
2433,7.09,8.48,47.06,0.02,0.1,0.5,2011-12-03
2433,8.48,11.0,27.46,0.01,0.05,0.3,2011-12-03
2433,11.0,16.6,11.61,0.01,0.02,0.13,2011-12-03
2433,16.6,22.8,4.379,0.002,0.006,0.05,2011-12-03
2433,22.8,41.9,1.257,0.001,0.001,0.015,2011-12-03
2434,1.0,1.92,818.9,0.3,2.7,15.7,2011-12-30
2434,1.92,2.97,487.5,0.2,1.1,5.9,2011-12-30
2434,2.97,4.02,268.6,0.1,0.5,2.9,2011-12-30
2434,4.02,4.88,166.3,0.1,0.3,1.8,2011-12-30
2434,4.88,5.9,110.7,0.1,0.2,1.2,2011-12-30
2434,5.9,7.09,72.65,0.04,0.14,0.77,2011-12-30
2434,7.09,8.48,47.24,0.02,0.09,0.5,2011-12-30
2434,8.48,11.0,27.54,0.01,0.04,0.3,2011-12-30
2434,11.0,16.6,11.65,0.01,0.01,0.13,2011-12-30
2434,16.6,22.8,4.378,0.002,0.006,0.05,2011-12-30
2434,22.8,41.9,1.253,0.001,0.001,0.015,2011-12-30
2435,1.0,1.92,787.4,0.3,2.6,15.2,2012-01-26
2435,1.92,2.97,467.7,0.2,1.0,5.7,2012-01-26
2435,2.97,4.02,259.0,0.1,0.5,2.8,2012-01-26
2435,4.02,4.88,161.1,0.1,0.3,1.7,2012-01-26
2435,4.88,5.9,107.4,0.1,0.2,1.1,2012-01-26
2435,5.9,7.09,70.58,0.03,0.13,0.74,2012-01-26
2435,7.09,8.48,46.04,0.02,0.09,0.49,2012-01-26
2435,8.48,11.0,26.9,0.01,0.04,0.29,2012-01-26
2435,11.0,16.6,11.43,0.01,0.01,0.13,2012-01-26
2435,16.6,22.8,4.324,0.002,0.005,0.05,2012-01-26
2435,22.8,41.9,1.245,0.001,0.001,0.015,2012-01-26
2436,1.0,1.92,772.0,0.3,2.6,14.9,2012-02-22
2436,1.92,2.97,460.3,0.2,1.0,5.6,2012-02-22
2436,2.97,4.02,255.7,0.1,0.5,2.8,2012-02-22
2436,4.02,4.88,159.1,0.1,0.3,1.7,2012-02-22
2436,4.88,5.9,106.2,0.1,0.2,1.1,2012-02-22
2436,5.9,7.09,69.98,0.03,0.14,0.74,2012-02-22
2436,7.09,8.48,45.67,0.02,0.09,0.48,2012-02-22
2436,8.48,11.0,26.77,0.01,0.04,0.29,2012-02-22
2436,11.0,16.6,11.39,0.0,0.01,0.13,2012-02-22
2436,16.6,22.8,4.318,0.002,0.006,0.05,2012-02-22
2436,22.8,41.9,1.245,0.001,0.001,0.015,2012-02-22
2437,1.0,1.92,630.4,0.3,2.1,12.1,2012-03-20
2437,1.92,2.97,392.4,0.2,0.8,4.8,2012-03-20
2437,2.97,4.02,225.9,0.1,0.4,2.4,2012-03-20
2437,4.02,4.88,144.3,0.1,0.3,1.5,2012-03-20
2437,4.88,5.9,98.03,0.05,0.2,1.03,2012-03-20
2437,5.9,7.09,65.33,0.03,0.13,0.69,2012-03-20
2437,7.09,8.48,43.15,0.02,0.09,0.46,2012-03-20
2437,8.48,11.0,25.6,0.01,0.04,0.27,2012-03-20
2437,11.0,16.6,11.06,0.0,0.01,0.12,2012-03-20
2437,16.6,22.8,4.233,0.002,0.006,0.049,2012-03-20
2437,22.8,41.9,1.235,0.001,0.001,0.015,2012-03-20
2438,1.0,1.92,709.3,0.3,2.5,13.6,2012-04-16
2438,1.92,2.97,444.2,0.2,1.0,5.4,2012-04-16
2438,2.97,4.02,252.9,0.1,0.6,2.7,2012-04-16
2438,4.02,4.88,159.1,0.1,0.4,1.7,2012-04-16
2438,4.88,5.9,107.0,0.1,0.3,1.1,2012-04-16
2438,5.9,7.09,70.67,0.03,0.18,0.75,2012-04-16
2438,7.09,8.48,46.22,0.02,0.12,0.5,2012-04-16
2438,8.48,11.0,27.07,0.01,0.06,0.29,2012-04-16
2438,11.0,16.6,11.5,0.01,0.02,0.13,2012-04-16
2438,16.6,22.8,4.343,0.002,0.008,0.05,2012-04-16
2438,22.8,41.9,1.25,0.001,0.002,0.015,2012-04-16
2439,1.0,1.92,745.0,0.3,2.6,14.3,2012-05-13
2439,1.92,2.97,456.5,0.2,1.0,5.5,2012-05-13
2439,2.97,4.02,257.5,0.1,0.5,2.8,2012-05-13
2439,4.02,4.88,161.4,0.1,0.4,1.7,2012-05-13
2439,4.88,5.9,108.3,0.1,0.2,1.1,2012-05-13
2439,5.9,7.09,71.35,0.03,0.16,0.76,2012-05-13
2439,7.09,8.48,46.48,0.02,0.11,0.5,2012-05-13
2439,8.48,11.0,27.19,0.01,0.05,0.29,2012-05-13
2439,11.0,16.6,11.52,0.01,0.02,0.13,2012-05-13
2439,16.6,22.8,4.342,0.002,0.007,0.05,2012-05-13
2439,22.8,41.9,1.25,0.001,0.001,0.015,2012-05-13
2440,1.0,1.92,692.7,0.3,2.4,13.3,2012-06-09
2440,1.92,2.97,429.9,0.2,0.9,5.2,2012-06-09
2440,2.97,4.02,245.0,0.1,0.5,2.6,2012-06-09
2440,4.02,4.88,154.7,0.1,0.3,1.6,2012-06-09
2440,4.88,5.9,104.1,0.1,0.2,1.1,2012-06-09
2440,5.9,7.09,68.94,0.03,0.15,0.73,2012-06-09
2440,7.09,8.48,45.22,0.02,0.1,0.48,2012-06-09
2440,8.48,11.0,26.59,0.01,0.05,0.29,2012-06-09
2440,11.0,16.6,11.35,0.01,0.02,0.13,2012-06-09
2440,16.6,22.8,4.296,0.002,0.006,0.049,2012-06-09
2440,22.8,41.9,1.241,0.001,0.001,0.015,2012-06-09
2441,1.0,1.92,674.1,0.3,2.7,13.0,2012-07-06
2441,1.92,2.97,420.3,0.2,1.3,5.2,2012-07-06
2441,2.97,4.02,240.2,0.1,0.7,2.7,2012-07-06
2441,4.02,4.88,151.7,0.1,0.6,1.7,2012-07-06
2441,4.88,5.9,102.4,0.0,0.4,1.1,2012-07-06
2441,5.9,7.09,67.87,0.03,0.25,0.74,2012-07-06
2441,7.09,8.48,44.54,0.02,0.16,0.49,2012-07-06
2441,8.48,11.0,26.17,0.01,0.08,0.29,2012-07-06
2441,11.0,16.6,11.21,0.0,0.03,0.13,2012-07-06
2441,16.6,22.8,4.267,0.002,0.011,0.05,2012-07-06
2441,22.8,41.9,1.236,0.001,0.002,0.015,2012-07-06
2442,1.0,1.92,569.9,0.3,2.0,10.9,2012-08-02
2442,1.92,2.97,367.7,0.1,0.7,4.4,2012-08-02
2442,2.97,4.02,216.4,0.1,0.4,2.3,2012-08-02
2442,4.02,4.88,139.9,0.1,0.3,1.5,2012-08-02
2442,4.88,5.9,95.78,0.05,0.17,1.0,2012-08-02
2442,5.9,7.09,64.38,0.03,0.12,0.68,2012-08-02
2442,7.09,8.48,42.75,0.02,0.08,0.45,2012-08-02
2442,8.48,11.0,25.47,0.01,0.04,0.27,2012-08-02
2442,11.0,16.6,11.03,0.0,0.01,0.12,2012-08-02
2442,16.6,22.8,4.229,0.002,0.005,0.048,2012-08-02
2442,22.8,41.9,1.23,0.001,0.001,0.014,2012-08-02
2443,1.0,1.92,554.2,0.3,2.2,10.6,2012-08-29
2443,1.92,2.97,370.1,0.1,1.0,4.5,2012-08-29
2443,2.97,4.02,221.9,0.1,0.6,2.4,2012-08-29
2443,4.02,4.88,144.4,0.1,0.5,1.6,2012-08-29
2443,4.88,5.9,98.94,0.05,0.35,1.07,2012-08-29
2443,5.9,7.09,66.49,0.03,0.23,0.73,2012-08-29
2443,7.09,8.48,44.1,0.02,0.15,0.49,2012-08-29
2443,8.48,11.0,26.15,0.01,0.07,0.29,2012-08-29
2443,11.0,16.6,11.26,0.0,0.03,0.13,2012-08-29
2443,16.6,22.8,4.297,0.002,0.011,0.05,2012-08-29
2443,22.8,41.9,1.244,0.001,0.002,0.015,2012-08-29
2444,1.0,1.92,583.1,0.3,2.1,11.1,2012-09-25
2444,1.92,2.97,391.0,0.2,0.9,4.7,2012-09-25
2444,2.97,4.02,233.3,0.1,0.5,2.5,2012-09-25
2444,4.02,4.88,150.5,0.1,0.4,1.6,2012-09-25
2444,4.88,5.9,102.4,0.0,0.3,1.1,2012-09-25
2444,5.9,7.09,68.47,0.03,0.18,0.73,2012-09-25
2444,7.09,8.48,45.13,0.02,0.12,0.49,2012-09-25
2444,8.48,11.0,26.61,0.01,0.06,0.29,2012-09-25
2444,11.0,16.6,11.39,0.0,0.02,0.13,2012-09-25
2444,16.6,22.8,4.313,0.002,0.008,0.05,2012-09-25
2444,22.8,41.9,1.246,0.001,0.002,0.015,2012-09-25
2445,1.0,1.92,554.4,0.3,2.3,10.7,2012-10-22
2445,1.92,2.97,378.5,0.2,1.2,4.7,2012-10-22
2445,2.97,4.02,227.5,0.1,0.8,2.5,2012-10-22
2445,4.02,4.88,147.4,0.1,0.6,1.6,2012-10-22
2445,4.88,5.9,100.7,0.1,0.4,1.1,2012-10-22
2445,5.9,7.09,67.47,0.03,0.27,0.75,2012-10-22
2445,7.09,8.48,44.61,0.02,0.18,0.5,2012-10-22
2445,8.48,11.0,26.37,0.01,0.09,0.29,2012-10-22
2445,11.0,16.6,11.32,0.01,0.03,0.13,2012-10-22
2445,16.6,22.8,4.299,0.002,0.012,0.051,2012-10-22
2445,22.8,41.9,1.24,0.001,0.003,0.015,2012-10-22
2446,1.0,1.92,555.7,0.3,2.0,10.6,2012-11-18
2446,1.92,2.97,381.5,0.1,0.7,4.6,2012-11-18
2446,2.97,4.02,229.4,0.1,0.4,2.5,2012-11-18
2446,4.02,4.88,148.7,0.1,0.3,1.6,2012-11-18
2446,4.88,5.9,101.4,0.0,0.2,1.1,2012-11-18
2446,5.9,7.09,67.77,0.03,0.13,0.71,2012-11-18
2446,7.09,8.48,44.79,0.02,0.08,0.47,2012-11-18
2446,8.48,11.0,26.47,0.01,0.04,0.28,2012-11-18
2446,11.0,16.6,11.34,0.0,0.01,0.13,2012-11-18
2446,16.6,22.8,4.303,0.002,0.006,0.049,2012-11-18
2446,22.8,41.9,1.245,0.001,0.001,0.015,2012-11-18
2447,1.0,1.92,561.1,0.2,2.0,10.7,2012-12-15
2447,1.92,2.97,390.2,0.1,0.7,4.7,2012-12-15
2447,2.97,4.02,234.8,0.1,0.4,2.5,2012-12-15
2447,4.02,4.88,151.7,0.1,0.3,1.6,2012-12-15
2447,4.88,5.9,103.2,0.0,0.2,1.1,2012-12-15
2447,5.9,7.09,68.85,0.03,0.13,0.72,2012-12-15
2447,7.09,8.48,45.33,0.02,0.09,0.48,2012-12-15
2447,8.48,11.0,26.71,0.01,0.04,0.29,2012-12-15
2447,11.0,16.6,11.41,0.0,0.01,0.13,2012-12-15
2447,16.6,22.8,4.321,0.002,0.006,0.05,2012-12-15
2447,22.8,41.9,1.247,0.001,0.001,0.015,2012-12-15
2448,1.0,1.92,592.9,0.3,2.2,11.3,2013-01-11
2448,1.92,2.97,406.8,0.2,0.8,4.9,2013-01-11
2448,2.97,4.02,242.1,0.1,0.4,2.6,2013-01-11
2448,4.02,4.88,155.6,0.1,0.3,1.6,2013-01-11
2448,4.88,5.9,105.6,0.0,0.2,1.1,2013-01-11
2448,5.9,7.09,70.23,0.03,0.14,0.74,2013-01-11
2448,7.09,8.48,46.06,0.02,0.09,0.49,2013-01-11
2448,8.48,11.0,27.07,0.01,0.04,0.29,2013-01-11
2448,11.0,16.6,11.51,0.01,0.01,0.13,2013-01-11
2448,16.6,22.8,4.343,0.002,0.006,0.05,2013-01-11
2448,22.8,41.9,1.25,0.001,0.001,0.015,2013-01-11
2449,1.0,1.92,617.1,0.3,2.4,11.8,2013-02-07
2449,1.92,2.97,418.8,0.2,0.8,5.0,2013-02-07
2449,2.97,4.02,247.0,0.1,0.4,2.7,2013-02-07
2449,4.02,4.88,157.7,0.1,0.3,1.7,2013-02-07
2449,4.88,5.9,106.3,0.0,0.2,1.1,2013-02-07
2449,5.9,7.09,70.47,0.03,0.13,0.74,2013-02-07
2449,7.09,8.48,46.11,0.02,0.08,0.49,2013-02-07
2449,8.48,11.0,27.01,0.01,0.04,0.29,2013-02-07
2449,11.0,16.6,11.48,0.01,0.01,0.13,2013-02-07
2449,16.6,22.8,4.33,0.002,0.005,0.05,2013-02-07
2449,22.8,41.9,1.248,0.001,0.001,0.015,2013-02-07
2450,1.0,1.92,621.9,0.3,2.5,11.9,2013-03-06
2450,1.92,2.97,415.6,0.2,0.8,5.0,2013-03-06
2450,2.97,4.02,243.3,0.1,0.4,2.6,2013-03-06
2450,4.02,4.88,154.8,0.1,0.3,1.6,2013-03-06
2450,4.88,5.9,104.5,0.0,0.2,1.1,2013-03-06
2450,5.9,7.09,69.32,0.03,0.13,0.73,2013-03-06
2450,7.09,8.48,45.44,0.02,0.09,0.48,2013-03-06
2450,8.48,11.0,26.7,0.01,0.04,0.29,2013-03-06
2450,11.0,16.6,11.38,0.0,0.01,0.13,2013-03-06
2450,16.6,22.8,4.31,0.002,0.006,0.049,2013-03-06
2450,22.8,41.9,1.246,0.001,0.001,0.015,2013-03-06
2451,1.0,1.92,585.5,0.3,2.3,11.2,2013-04-02
2451,1.92,2.97,396.6,0.2,0.7,4.8,2013-04-02
2451,2.97,4.02,235.0,0.1,0.3,2.5,2013-04-02
2451,4.02,4.88,150.6,0.1,0.2,1.6,2013-04-02
2451,4.88,5.9,102.3,0.0,0.2,1.1,2013-04-02
2451,5.9,7.09,68.19,0.03,0.11,0.71,2013-04-02
2451,7.09,8.48,44.87,0.02,0.07,0.47,2013-04-02
2451,8.48,11.0,26.48,0.01,0.03,0.28,2013-04-02
2451,11.0,16.6,11.33,0.01,0.01,0.12,2013-04-02
2451,16.6,22.8,4.3,0.002,0.005,0.049,2013-04-02
2451,22.8,41.9,1.243,0.001,0.001,0.015,2013-04-02
2452,1.0,1.92,584.4,0.3,2.4,11.2,2013-04-29
2452,1.92,2.97,393.6,0.2,0.8,4.8,2013-04-29
2452,2.97,4.02,233.0,0.1,0.4,2.5,2013-04-29
2452,4.02,4.88,149.6,0.1,0.3,1.6,2013-04-29
2452,4.88,5.9,101.8,0.0,0.2,1.1,2013-04-29
2452,5.9,7.09,67.81,0.03,0.13,0.71,2013-04-29
2452,7.09,8.48,44.61,0.02,0.08,0.47,2013-04-29
2452,8.48,11.0,26.27,0.01,0.04,0.28,2013-04-29
2452,11.0,16.6,11.24,0.0,0.01,0.12,2013-04-29
2452,16.6,22.8,4.276,0.002,0.006,0.049,2013-04-29
2452,22.8,41.9,1.237,0.001,0.001,0.015,2013-04-29
2453,1.0,1.92,490.6,0.2,2.1,9.4,2013-05-26
2453,1.92,2.97,336.8,0.1,0.6,4.1,2013-05-26
2453,2.97,4.02,205.3,0.1,0.3,2.2,2013-05-26
2453,4.02,4.88,134.7,0.1,0.2,1.4,2013-05-26
2453,4.88,5.9,93.0,0.05,0.15,0.97,2013-05-26
2453,5.9,7.09,62.86,0.03,0.1,0.66,2013-05-26
2453,7.09,8.48,41.97,0.02,0.07,0.44,2013-05-26
2453,8.48,11.0,25.14,0.01,0.03,0.27,2013-05-26
2453,11.0,16.6,10.95,0.0,0.01,0.12,2013-05-26
2453,16.6,22.8,4.225,0.002,0.005,0.048,2013-05-26
2453,22.8,41.9,1.235,0.001,0.001,0.015,2013-05-26
2454,1.0,1.92,475.7,0.2,2.4,9.2,2013-06-22
2454,1.92,2.97,338.6,0.1,1.2,4.2,2013-06-22
2454,2.97,4.02,209.8,0.1,0.8,2.4,2013-06-22
2454,4.02,4.88,138.7,0.1,0.6,1.6,2013-06-22
2454,4.88,5.9,95.78,0.05,0.45,1.08,2013-06-22
2454,5.9,7.09,64.78,0.03,0.3,0.74,2013-06-22
2454,7.09,8.48,43.16,0.02,0.2,0.49,2013-06-22
2454,8.48,11.0,25.71,0.01,0.1,0.29,2013-06-22
2454,11.0,16.6,11.14,0.0,0.03,0.13,2013-06-22
2454,16.6,22.8,4.27,0.002,0.014,0.051,2013-06-22
2454,22.8,41.9,1.239,0.001,0.003,0.015,2013-06-22
2455,1.0,1.92,474.5,0.2,2.1,9.1,2013-07-19
2455,1.92,2.97,342.2,0.1,0.7,4.1,2013-07-19
2455,2.97,4.02,212.8,0.1,0.4,2.3,2013-07-19
2455,4.02,4.88,140.5,0.1,0.3,1.5,2013-07-19
2455,4.88,5.9,97.17,0.05,0.21,1.02,2013-07-19
2455,5.9,7.09,65.72,0.03,0.14,0.69,2013-07-19
2455,7.09,8.48,43.76,0.02,0.09,0.47,2013-07-19
2455,8.48,11.0,26.0,0.01,0.04,0.28,2013-07-19
2455,11.0,16.6,11.19,0.0,0.02,0.12,2013-07-19
2455,16.6,22.8,4.273,0.002,0.006,0.049,2013-07-19
2455,22.8,41.9,1.24,0.001,0.001,0.015,2013-07-19
2456,1.0,1.92,469.7,0.2,2.3,9.0,2013-08-15
2456,1.92,2.97,342.2,0.1,0.9,4.2,2013-08-15
2456,2.97,4.02,214.0,0.1,0.6,2.4,2013-08-15
2456,4.02,4.88,141.5,0.1,0.5,1.5,2013-08-15
2456,4.88,5.9,97.84,0.05,0.32,1.05,2013-08-15
2456,5.9,7.09,66.18,0.03,0.21,0.72,2013-08-15
2456,7.09,8.48,44.0,0.02,0.14,0.48,2013-08-15
2456,8.48,11.0,26.14,0.01,0.07,0.29,2013-08-15
2456,11.0,16.6,11.27,0.0,0.02,0.13,2013-08-15
2456,16.6,22.8,4.307,0.002,0.01,0.05,2013-08-15
2456,22.8,41.9,1.245,0.001,0.002,0.015,2013-08-15
2457,1.0,1.92,437.1,0.2,2.0,8.4,2013-09-11
2457,1.92,2.97,328.7,0.1,0.8,4.0,2013-09-11
2457,2.97,4.02,209.9,0.1,0.4,2.3,2013-09-11
2457,4.02,4.88,140.3,0.1,0.3,1.5,2013-09-11
2457,4.88,5.9,97.59,0.05,0.23,1.03,2013-09-11
2457,5.9,7.09,66.32,0.03,0.15,0.7,2013-09-11
2457,7.09,8.48,44.21,0.02,0.1,0.47,2013-09-11
2457,8.48,11.0,26.32,0.01,0.05,0.28,2013-09-11
2457,11.0,16.6,11.35,0.01,0.02,0.13,2013-09-11
2457,16.6,22.8,4.33,0.003,0.007,0.05,2013-09-11
2457,22.8,41.9,1.253,0.001,0.002,0.015,2013-09-11
2458,1.0,1.92,447.2,0.2,2.1,8.6,2013-10-08
2458,1.92,2.97,340.1,0.1,0.8,4.1,2013-10-08
2458,2.97,4.02,218.0,0.1,0.5,2.4,2013-10-08
2458,4.02,4.88,145.5,0.1,0.4,1.6,2013-10-08
2458,4.88,5.9,101.1,0.0,0.3,1.1,2013-10-08
2458,5.9,7.09,68.17,0.03,0.17,0.73,2013-10-08
2458,7.09,8.48,45.23,0.02,0.11,0.49,2013-10-08
2458,8.48,11.0,26.84,0.01,0.05,0.29,2013-10-08
2458,11.0,16.6,11.49,0.01,0.02,0.13,2013-10-08
2458,16.6,22.8,4.359,0.002,0.008,0.05,2013-10-08
2458,22.8,41.9,1.256,0.001,0.002,0.015,2013-10-08
2459,1.0,1.92,443.1,0.2,2.1,8.5,2013-11-04
2459,1.92,2.97,339.7,0.1,0.7,4.1,2013-11-04
2459,2.97,4.02,217.6,0.1,0.4,2.3,2013-11-04
2459,4.02,4.88,145.1,0.1,0.3,1.5,2013-11-04
2459,4.88,5.9,100.4,0.1,0.2,1.0,2013-11-04
2459,5.9,7.09,67.7,0.04,0.13,0.71,2013-11-04
2459,7.09,8.48,44.91,0.03,0.09,0.48,2013-11-04
2459,8.48,11.0,26.61,0.01,0.04,0.29,2013-11-04
2459,11.0,16.6,11.43,0.01,0.01,0.13,2013-11-04
2459,16.6,22.8,4.346,0.003,0.006,0.05,2013-11-04
2459,22.8,41.9,1.254,0.001,0.001,0.015,2013-11-04
2460,1.0,1.92,431.5,0.2,2.1,8.3,2013-12-01
2460,1.92,2.97,335.6,0.1,0.8,4.1,2013-12-01
2460,2.97,4.02,214.9,0.1,0.5,2.3,2013-12-01
2460,4.02,4.88,143.2,0.1,0.3,1.5,2013-12-01
2460,4.88,5.9,99.3,0.05,0.24,1.05,2013-12-01
2460,5.9,7.09,67.12,0.03,0.16,0.71,2013-12-01
2460,7.09,8.48,44.6,0.02,0.11,0.48,2013-12-01
2460,8.48,11.0,26.47,0.01,0.05,0.29,2013-12-01
2460,11.0,16.6,11.38,0.0,0.02,0.13,2013-12-01
2460,16.6,22.8,4.332,0.002,0.007,0.05,2013-12-01
2460,22.8,41.9,1.25,0.001,0.002,0.015,2013-12-01
2461,1.0,1.92,427.2,0.2,2.3,8.2,2013-12-28
2461,1.92,2.97,332.3,0.1,1.0,4.1,2013-12-28
2461,2.97,4.02,214.1,0.1,0.6,2.4,2013-12-28
2461,4.02,4.88,142.7,0.1,0.5,1.6,2013-12-28
2461,4.88,5.9,98.94,0.05,0.35,1.08,2013-12-28
2461,5.9,7.09,66.75,0.03,0.24,0.73,2013-12-28
2461,7.09,8.48,44.39,0.02,0.16,0.49,2013-12-28
2461,8.48,11.0,26.33,0.01,0.08,0.29,2013-12-28
2461,11.0,16.6,11.33,0.0,0.03,0.13,2013-12-28
2461,16.6,22.8,4.308,0.002,0.011,0.05,2013-12-28
2461,22.8,41.9,1.244,0.001,0.002,0.015,2013-12-28
2462,1.0,1.92,426.9,0.2,2.2,8.2,2014-01-24
2462,1.92,2.97,337.6,0.1,0.9,4.1,2014-01-24
2462,2.97,4.02,216.0,0.1,0.6,2.4,2014-01-24
2462,4.02,4.88,143.2,0.1,0.4,1.5,2014-01-24
2462,4.88,5.9,98.98,0.05,0.3,1.06,2014-01-24
2462,5.9,7.09,66.72,0.03,0.2,0.72,2014-01-24
2462,7.09,8.48,44.28,0.02,0.14,0.48,2014-01-24
2462,8.48,11.0,26.26,0.01,0.07,0.29,2014-01-24
2462,11.0,16.6,11.28,0.0,0.02,0.13,2014-01-24
2462,16.6,22.8,4.285,0.002,0.009,0.05,2014-01-24
2462,22.8,41.9,1.24,0.001,0.002,0.015,2014-01-24
2463,1.0,1.92,408.0,0.2,2.1,7.9,2014-02-20
2463,1.92,2.97,312.8,0.1,0.8,3.8,2014-02-20
2463,2.97,4.02,200.3,0.1,0.4,2.2,2014-02-20
2463,4.02,4.88,133.7,0.1,0.3,1.4,2014-02-20
2463,4.88,5.9,93.17,0.05,0.23,0.98,2014-02-20
2463,5.9,7.09,63.27,0.03,0.15,0.67,2014-02-20
2463,7.09,8.48,42.35,0.02,0.1,0.45,2014-02-20
2463,8.48,11.0,25.34,0.01,0.05,0.27,2014-02-20
2463,11.0,16.6,11.02,0.0,0.02,0.12,2014-02-20
2463,16.6,22.8,4.238,0.002,0.007,0.049,2014-02-20
2463,22.8,41.9,1.23,0.001,0.002,0.015,2014-02-20
2464,1.0,1.92,409.9,0.2,2.2,7.9,2014-03-19
2464,1.92,2.97,323.2,0.1,0.8,3.9,2014-03-19
2464,2.97,4.02,207.8,0.1,0.5,2.3,2014-03-19
2464,4.02,4.88,138.9,0.1,0.4,1.5,2014-03-19
2464,4.88,5.9,96.67,0.05,0.25,1.02,2014-03-19
2464,5.9,7.09,65.56,0.03,0.17,0.7,2014-03-19
2464,7.09,8.48,43.78,0.02,0.11,0.47,2014-03-19
2464,8.48,11.0,26.09,0.01,0.06,0.28,2014-03-19
2464,11.0,16.6,11.27,0.0,0.02,0.13,2014-03-19
2464,16.6,22.8,4.301,0.002,0.008,0.05,2014-03-19
2464,22.8,41.9,1.244,0.001,0.002,0.015,2014-03-19
2465,1.0,1.92,420.9,0.2,2.3,8.1,2014-04-15
2465,1.92,2.97,328.2,0.1,0.9,4.0,2014-04-15
2465,2.97,4.02,209.5,0.1,0.5,2.3,2014-04-15
2465,4.02,4.88,139.4,0.1,0.4,1.5,2014-04-15
2465,4.88,5.9,96.78,0.05,0.27,1.03,2014-04-15
2465,5.9,7.09,65.53,0.03,0.18,0.7,2014-04-15
2465,7.09,8.48,43.62,0.02,0.12,0.47,2014-04-15
2465,8.48,11.0,25.96,0.01,0.06,0.28,2014-04-15
2465,11.0,16.6,11.21,0.0,0.02,0.12,2014-04-15
2465,16.6,22.8,4.28,0.002,0.008,0.05,2014-04-15
2465,22.8,41.9,1.239,0.001,0.002,0.015,2014-04-15
2466,1.0,1.92,453.1,0.2,2.5,8.8,2014-05-12
2466,1.92,2.97,349.9,0.1,1.0,4.3,2014-05-12
2466,2.97,4.02,221.0,0.1,0.6,2.4,2014-05-12
2466,4.02,4.88,146.0,0.1,0.4,1.6,2014-05-12
2466,4.88,5.9,100.8,0.0,0.3,1.1,2014-05-12
2466,5.9,7.09,67.82,0.03,0.2,0.73,2014-05-12
2466,7.09,8.48,44.86,0.02,0.13,0.49,2014-05-12
2466,8.48,11.0,26.53,0.01,0.06,0.29,2014-05-12
2466,11.0,16.6,11.36,0.0,0.02,0.13,2014-05-12
2466,16.6,22.8,4.304,0.002,0.009,0.05,2014-05-12
2466,22.8,41.9,1.242,0.001,0.002,0.015,2014-05-12
2467,1.0,1.92,449.8,0.2,2.6,8.7,2014-06-08
2467,1.92,2.97,343.3,0.1,1.2,4.3,2014-06-08
2467,2.97,4.02,215.9,0.1,0.8,2.4,2014-06-08
2467,4.02,4.88,142.7,0.1,0.6,1.6,2014-06-08
2467,4.88,5.9,98.33,0.05,0.42,1.09,2014-06-08
2467,5.9,7.09,66.25,0.03,0.29,0.74,2014-06-08
2467,7.09,8.48,43.93,0.02,0.19,0.5,2014-06-08
2467,8.48,11.0,26.06,0.01,0.09,0.29,2014-06-08
2467,11.0,16.6,11.2,0.0,0.03,0.13,2014-06-08
2467,16.6,22.8,4.261,0.002,0.013,0.05,2014-06-08
2467,22.8,41.9,1.235,0.001,0.003,0.015,2014-06-08
2468,1.0,1.92,431.5,0.2,2.3,8.3,2014-07-05
2468,1.92,2.97,330.2,0.1,0.8,4.0,2014-07-05
2468,2.97,4.02,209.5,0.1,0.4,2.3,2014-07-05
2468,4.02,4.88,139.1,0.1,0.3,1.5,2014-07-05
2468,4.88,5.9,96.49,0.05,0.23,1.02,2014-07-05
2468,5.9,7.09,65.38,0.03,0.16,0.69,2014-07-05
2468,7.09,8.48,43.51,0.02,0.1,0.47,2014-07-05
2468,8.48,11.0,25.9,0.01,0.05,0.28,2014-07-05
2468,11.0,16.6,11.18,0.0,0.02,0.12,2014-07-05
2468,16.6,22.8,4.269,0.002,0.007,0.049,2014-07-05
2468,22.8,41.9,1.234,0.001,0.002,0.015,2014-07-05
2469,1.0,1.92,471.6,0.2,2.5,9.1,2014-08-01
2469,1.92,2.97,358.1,0.1,1.0,4.4,2014-08-01
2469,2.97,4.02,223.5,0.1,0.6,2.5,2014-08-01
2469,4.02,4.88,147.0,0.1,0.5,1.6,2014-08-01
2469,4.88,5.9,101.1,0.0,0.3,1.1,2014-08-01
2469,5.9,7.09,67.94,0.03,0.21,0.73,2014-08-01
2469,7.09,8.48,44.96,0.02,0.14,0.49,2014-08-01
2469,8.48,11.0,26.6,0.01,0.07,0.29,2014-08-01
2469,11.0,16.6,11.37,0.0,0.02,0.13,2014-08-01
2469,16.6,22.8,4.297,0.002,0.009,0.05,2014-08-01
2469,22.8,41.9,1.237,0.001,0.002,0.015,2014-08-01
2470,1.0,1.92,531.8,0.2,2.8,10.3,2014-08-28
2470,1.92,2.97,379.7,0.1,0.9,4.6,2014-08-28
2470,2.97,4.02,231.4,0.1,0.5,2.5,2014-08-28
2470,4.02,4.88,150.2,0.1,0.4,1.6,2014-08-28
2470,4.88,5.9,102.4,0.0,0.2,1.1,2014-08-28
2470,5.9,7.09,68.43,0.03,0.17,0.73,2014-08-28
2470,7.09,8.48,45.04,0.02,0.11,0.48,2014-08-28
2470,8.48,11.0,26.5,0.01,0.05,0.29,2014-08-28
2470,11.0,16.6,11.29,0.0,0.02,0.13,2014-08-28
2470,16.6,22.8,4.276,0.002,0.007,0.049,2014-08-28
2470,22.8,41.9,1.232,0.001,0.002,0.015,2014-08-28
2471,1.0,1.92,522.3,0.3,2.7,10.1,2014-09-24
2471,1.92,2.97,377.2,0.2,1.1,4.6,2014-09-24
2471,2.97,4.02,229.0,0.1,0.6,2.5,2014-09-24
2471,4.02,4.88,148.1,0.1,0.5,1.6,2014-09-24
2471,4.88,5.9,100.8,0.1,0.3,1.1,2014-09-24
2471,5.9,7.09,67.12,0.04,0.21,0.73,2014-09-24
2471,7.09,8.48,44.14,0.03,0.14,0.48,2014-09-24
2471,8.48,11.0,26.0,0.01,0.07,0.28,2014-09-24
2471,11.0,16.6,11.11,0.01,0.02,0.12,2014-09-24
2471,16.6,22.8,4.213,0.003,0.009,0.049,2014-09-24
2471,22.8,41.9,1.223,0.001,0.002,0.014,2014-09-24
2474,1.0,1.92,548.8,0.2,2.6,10.6,2014-12-14
2474,1.92,2.97,371.1,0.1,0.7,4.5,2014-12-14
2474,2.97,4.02,219.1,0.1,0.3,2.4,2014-12-14
2474,4.02,4.88,140.6,0.1,0.2,1.5,2014-12-14
2474,4.88,5.9,95.62,0.05,0.15,0.99,2014-12-14
2474,5.9,7.09,63.92,0.03,0.1,0.67,2014-12-14
2474,7.09,8.48,42.21,0.02,0.06,0.45,2014-12-14
2474,8.48,11.0,25.01,0.01,0.03,0.27,2014-12-14
2474,11.0,16.6,10.79,0.0,0.01,0.12,2014-12-14
2474,16.6,22.8,4.138,0.002,0.004,0.047,2014-12-14
2474,22.8,41.9,1.204,0.001,0.001,0.014,2014-12-14
2475,1.0,1.92,536.6,0.3,2.5,10.3,2015-01-10
2475,1.92,2.97,366.9,0.1,0.7,4.4,2015-01-10
2475,2.97,4.02,219.6,0.1,0.4,2.4,2015-01-10
2475,4.02,4.88,142.3,0.1,0.3,1.5,2015-01-10
2475,4.88,5.9,97.43,0.05,0.17,1.01,2015-01-10
2475,5.9,7.09,65.29,0.03,0.12,0.69,2015-01-10
2475,7.09,8.48,43.14,0.02,0.08,0.46,2015-01-10
2475,8.48,11.0,25.53,0.01,0.04,0.27,2015-01-10
2475,11.0,16.6,10.96,0.0,0.01,0.12,2015-01-10
2475,16.6,22.8,4.164,0.002,0.005,0.048,2015-01-10
2475,22.8,41.9,1.212,0.001,0.001,0.014,2015-01-10
2476,1.0,1.92,536.3,0.2,2.4,10.3,2015-02-06
2476,1.92,2.97,366.8,0.1,0.7,4.4,2015-02-06
2476,2.97,4.02,219.9,0.1,0.3,2.4,2015-02-06
2476,4.02,4.88,142.2,0.1,0.2,1.5,2015-02-06
2476,4.88,5.9,97.11,0.05,0.15,1.01,2015-02-06
2476,5.9,7.09,65.05,0.03,0.1,0.68,2015-02-06
2476,7.09,8.48,42.99,0.02,0.07,0.45,2015-02-06
2476,8.48,11.0,25.42,0.01,0.03,0.27,2015-02-06
2476,11.0,16.6,10.94,0.0,0.01,0.12,2015-02-06
2476,16.6,22.8,4.173,0.002,0.004,0.048,2015-02-06
2476,22.8,41.9,1.212,0.001,0.001,0.014,2015-02-06
2477,1.0,1.92,503.1,0.2,2.2,9.7,2015-03-05
2477,1.92,2.97,351.1,0.1,0.6,4.2,2015-03-05
2477,2.97,4.02,213.1,0.1,0.3,2.3,2015-03-05
2477,4.02,4.88,139.0,0.1,0.2,1.5,2015-03-05
2477,4.88,5.9,95.29,0.05,0.14,0.99,2015-03-05
2477,5.9,7.09,64.08,0.03,0.1,0.67,2015-03-05
2477,7.09,8.48,42.49,0.02,0.06,0.45,2015-03-05
2477,8.48,11.0,25.24,0.01,0.03,0.27,2015-03-05
2477,11.0,16.6,10.91,0.0,0.01,0.12,2015-03-05
2477,16.6,22.8,4.184,0.002,0.004,0.048,2015-03-05
2477,22.8,41.9,1.218,0.001,0.001,0.014,2015-03-05
2478,1.0,1.92,459.2,0.2,1.9,8.8,2015-04-01
2478,1.92,2.97,327.9,0.1,0.6,4.0,2015-04-01
2478,2.97,4.02,202.7,0.1,0.3,2.2,2015-04-01
2478,4.02,4.88,133.6,0.1,0.2,1.4,2015-04-01
2478,4.88,5.9,92.47,0.05,0.16,0.96,2015-04-01
2478,5.9,7.09,62.7,0.03,0.11,0.66,2015-04-01
2478,7.09,8.48,41.82,0.02,0.07,0.44,2015-04-01
2478,8.48,11.0,24.98,0.01,0.03,0.27,2015-04-01
2478,11.0,16.6,10.86,0.0,0.01,0.12,2015-04-01
2478,16.6,22.8,4.168,0.002,0.005,0.048,2015-04-01
2478,22.8,41.9,1.217,0.001,0.001,0.014,2015-04-01
2479,1.0,1.92,460.0,0.2,1.9,8.8,2015-04-28
2479,1.92,2.97,335.5,0.1,0.7,4.0,2015-04-28
2479,2.97,4.02,209.3,0.1,0.3,2.3,2015-04-28
2479,4.02,4.88,138.2,0.1,0.3,1.5,2015-04-28
2479,4.88,5.9,95.53,0.05,0.18,1.0,2015-04-28
2479,5.9,7.09,64.5,0.03,0.12,0.68,2015-04-28
2479,7.09,8.48,42.87,0.02,0.08,0.45,2015-04-28
2479,8.48,11.0,25.53,0.01,0.04,0.27,2015-04-28
2479,11.0,16.6,11.03,0.0,0.01,0.12,2015-04-28
2479,16.6,22.8,4.217,0.002,0.005,0.048,2015-04-28
2479,22.8,41.9,1.225,0.001,0.001,0.014,2015-04-28
2480,1.0,1.92,513.0,0.2,2.1,9.8,2015-05-25
2480,1.92,2.97,372.1,0.1,0.7,4.5,2015-05-25
2480,2.97,4.02,227.5,0.1,0.4,2.5,2015-05-25
2480,4.02,4.88,147.7,0.1,0.3,1.6,2015-05-25
2480,4.88,5.9,100.9,0.0,0.2,1.1,2015-05-25
2480,5.9,7.09,67.41,0.03,0.13,0.71,2015-05-25
2480,7.09,8.48,44.45,0.02,0.09,0.47,2015-05-25
2480,8.48,11.0,26.21,0.01,0.04,0.28,2015-05-25
2480,11.0,16.6,11.19,0.0,0.01,0.12,2015-05-25
2480,16.6,22.8,4.246,0.002,0.006,0.049,2015-05-25
2480,22.8,41.9,1.227,0.001,0.001,0.014,2015-05-25
2481,1.0,1.92,533.1,0.3,2.1,10.2,2015-06-21
2481,1.92,2.97,374.5,0.1,0.8,4.5,2015-06-21
2481,2.97,4.02,225.2,0.1,0.4,2.4,2015-06-21
2481,4.02,4.88,145.6,0.1,0.3,1.5,2015-06-21
2481,4.88,5.9,99.04,0.05,0.21,1.04,2015-06-21
2481,5.9,7.09,66.05,0.03,0.14,0.7,2015-06-21
2481,7.09,8.48,43.51,0.02,0.09,0.46,2015-06-21
2481,8.48,11.0,25.65,0.01,0.04,0.28,2015-06-21
2481,11.0,16.6,10.97,0.0,0.01,0.12,2015-06-21
2481,16.6,22.8,4.187,0.002,0.006,0.048,2015-06-21
2481,22.8,41.9,1.218,0.001,0.001,0.014,2015-06-21
2482,1.0,1.92,572.1,0.3,2.2,10.9,2015-07-18
2482,1.92,2.97,393.1,0.2,0.8,4.7,2015-07-18
2482,2.97,4.02,233.9,0.1,0.4,2.5,2015-07-18
2482,4.02,4.88,150.7,0.1,0.3,1.6,2015-07-18
2482,4.88,5.9,102.2,0.0,0.2,1.1,2015-07-18
2482,5.9,7.09,67.93,0.03,0.14,0.72,2015-07-18
2482,7.09,8.48,44.62,0.02,0.09,0.47,2015-07-18
2482,8.48,11.0,26.22,0.01,0.04,0.28,2015-07-18
2482,11.0,16.6,11.19,0.0,0.01,0.12,2015-07-18
2482,16.6,22.8,4.248,0.002,0.006,0.049,2015-07-18
2482,22.8,41.9,1.229,0.001,0.001,0.014,2015-07-18
2483,1.0,1.92,598.1,0.3,2.4,11.5,2015-08-14
2483,1.92,2.97,406.5,0.2,0.9,4.9,2015-08-14
2483,2.97,4.02,240.5,0.1,0.5,2.6,2015-08-14
2483,4.02,4.88,153.4,0.1,0.4,1.6,2015-08-14
2483,4.88,5.9,103.7,0.0,0.3,1.1,2015-08-14
2483,5.9,7.09,68.61,0.03,0.18,0.73,2015-08-14
2483,7.09,8.48,44.88,0.02,0.12,0.48,2015-08-14
2483,8.48,11.0,26.28,0.01,0.06,0.28,2015-08-14
2483,11.0,16.6,11.16,0.0,0.02,0.12,2015-08-14
2483,16.6,22.8,4.23,0.002,0.008,0.049,2015-08-14
2483,22.8,41.9,1.223,0.001,0.002,0.014,2015-08-14
2484,1.0,1.92,607.6,0.3,2.5,11.6,2015-09-10
2484,1.92,2.97,411.0,0.2,0.7,4.9,2015-09-10
2484,2.97,4.02,240.9,0.1,0.4,2.6,2015-09-10
2484,4.02,4.88,153.0,0.1,0.3,1.6,2015-09-10
2484,4.88,5.9,103.2,0.0,0.2,1.1,2015-09-10
2484,5.9,7.09,68.19,0.03,0.12,0.72,2015-09-10
2484,7.09,8.48,44.57,0.02,0.08,0.47,2015-09-10
2484,8.48,11.0,26.13,0.01,0.04,0.28,2015-09-10
2484,11.0,16.6,11.14,0.0,0.01,0.12,2015-09-10
2484,16.6,22.8,4.22,0.002,0.005,0.048,2015-09-10
2484,22.8,41.9,1.222,0.001,0.001,0.014,2015-09-10
2485,1.0,1.92,623.7,0.3,2.4,11.9,2015-10-07
2485,1.92,2.97,417.1,0.2,0.7,5.0,2015-10-07
2485,2.97,4.02,242.6,0.1,0.4,2.6,2015-10-07
2485,4.02,4.88,153.7,0.1,0.3,1.6,2015-10-07
2485,4.88,5.9,103.4,0.0,0.2,1.1,2015-10-07
2485,5.9,7.09,68.28,0.03,0.11,0.72,2015-10-07
2485,7.09,8.48,44.61,0.02,0.07,0.47,2015-10-07
2485,8.48,11.0,26.15,0.01,0.03,0.28,2015-10-07
2485,11.0,16.6,11.12,0.0,0.01,0.12,2015-10-07
2485,16.6,22.8,4.217,0.002,0.004,0.048,2015-10-07
2485,22.8,41.9,1.221,0.001,0.001,0.014,2015-10-07
2486,1.0,1.92,638.8,0.3,2.4,12.2,2015-11-03
2486,1.92,2.97,420.9,0.2,0.6,5.1,2015-11-03
2486,2.97,4.02,242.9,0.1,0.3,2.6,2015-11-03
2486,4.02,4.88,153.2,0.1,0.2,1.6,2015-11-03
2486,4.88,5.9,102.9,0.0,0.2,1.1,2015-11-03
2486,5.9,7.09,67.96,0.03,0.1,0.71,2015-11-03
2486,7.09,8.48,44.51,0.02,0.07,0.47,2015-11-03
2486,8.48,11.0,26.14,0.01,0.03,0.28,2015-11-03
2486,11.0,16.6,11.16,0.0,0.01,0.12,2015-11-03
2486,16.6,22.8,4.235,0.002,0.004,0.048,2015-11-03
2486,22.8,41.9,1.227,0.001,0.001,0.014,2015-11-03
2487,1.0,1.92,696.2,0.3,2.6,13.3,2015-11-30
2487,1.92,2.97,446.2,0.2,0.7,5.4,2015-11-30
2487,2.97,4.02,252.9,0.1,0.4,2.7,2015-11-30
2487,4.02,4.88,158.1,0.1,0.3,1.7,2015-11-30
2487,4.88,5.9,105.7,0.0,0.2,1.1,2015-11-30
2487,5.9,7.09,69.5,0.03,0.12,0.73,2015-11-30
2487,7.09,8.48,45.31,0.02,0.08,0.48,2015-11-30
2487,8.48,11.0,26.48,0.01,0.04,0.28,2015-11-30
2487,11.0,16.6,11.22,0.0,0.01,0.12,2015-11-30
2487,16.6,22.8,4.239,0.002,0.005,0.049,2015-11-30
2487,22.8,41.9,1.226,0.001,0.001,0.014,2015-11-30
2488,1.0,1.92,734.6,0.3,2.6,14.1,2015-12-27
2488,1.92,2.97,458.2,0.2,0.6,5.5,2015-12-27
2488,2.97,4.02,257.5,0.1,0.3,2.8,2015-12-27
2488,4.02,4.88,160.6,0.1,0.2,1.7,2015-12-27
2488,4.88,5.9,107.1,0.1,0.2,1.1,2015-12-27
2488,5.9,7.09,70.22,0.03,0.1,0.73,2015-12-27
2488,7.09,8.48,45.65,0.02,0.06,0.48,2015-12-27
2488,8.48,11.0,26.59,0.01,0.03,0.28,2015-12-27
2488,11.0,16.6,11.23,0.0,0.01,0.12,2015-12-27
2488,16.6,22.8,4.24,0.002,0.004,0.048,2015-12-27
2488,22.8,41.9,1.226,0.001,0.001,0.014,2015-12-27
2489,1.0,1.92,783.2,0.3,2.7,15.0,2016-01-23
2489,1.92,2.97,481.8,0.2,0.7,5.8,2016-01-23
2489,2.97,4.02,268.5,0.1,0.4,2.9,2016-01-23
2489,4.02,4.88,166.3,0.1,0.3,1.7,2016-01-23
2489,4.88,5.9,110.4,0.1,0.2,1.1,2016-01-23
2489,5.9,7.09,72.07,0.03,0.11,0.75,2016-01-23
2489,7.09,8.48,46.72,0.02,0.07,0.49,2016-01-23
2489,8.48,11.0,27.1,0.01,0.03,0.29,2016-01-23
2489,11.0,16.6,11.41,0.0,0.01,0.13,2016-01-23
2489,16.6,22.8,4.288,0.002,0.004,0.049,2016-01-23
2489,22.8,41.9,1.233,0.001,0.001,0.014,2016-01-23
2490,1.0,1.92,808.8,0.3,2.7,15.5,2016-02-19
2490,1.92,2.97,495.0,0.2,0.7,5.9,2016-02-19
2490,2.97,4.02,274.6,0.1,0.4,2.9,2016-02-19
2490,4.02,4.88,169.6,0.1,0.3,1.8,2016-02-19
2490,4.88,5.9,112.2,0.1,0.2,1.2,2016-02-19
2490,5.9,7.09,73.09,0.03,0.11,0.76,2016-02-19
2490,7.09,8.48,47.24,0.02,0.07,0.5,2016-02-19
2490,8.48,11.0,27.34,0.01,0.03,0.29,2016-02-19
2490,11.0,16.6,11.48,0.0,0.01,0.13,2016-02-19
2490,16.6,22.8,4.304,0.002,0.004,0.049,2016-02-19
2490,22.8,41.9,1.233,0.001,0.001,0.015,2016-02-19
2491,1.0,1.92,824.4,0.3,2.7,15.8,2016-03-17
2491,1.92,2.97,500.2,0.2,0.7,6.0,2016-03-17
2491,2.97,4.02,275.7,0.1,0.4,3.0,2016-03-17
2491,4.02,4.88,169.7,0.1,0.3,1.8,2016-03-17
2491,4.88,5.9,112.0,0.1,0.2,1.2,2016-03-17
2491,5.9,7.09,72.92,0.03,0.11,0.76,2016-03-17
2491,7.09,8.48,47.08,0.02,0.07,0.5,2016-03-17
2491,8.48,11.0,27.23,0.01,0.03,0.29,2016-03-17
2491,11.0,16.6,11.42,0.0,0.01,0.13,2016-03-17
2491,16.6,22.8,4.287,0.002,0.004,0.049,2016-03-17
2491,22.8,41.9,1.231,0.001,0.001,0.014,2016-03-17
2492,1.0,1.92,831.1,0.3,2.6,15.9,2016-04-13
2492,1.92,2.97,502.9,0.2,0.7,6.0,2016-04-13
2492,2.97,4.02,276.5,0.1,0.4,3.0,2016-04-13
2492,4.02,4.88,169.7,0.1,0.3,1.8,2016-04-13
2492,4.88,5.9,112.0,0.1,0.2,1.2,2016-04-13
2492,5.9,7.09,72.82,0.03,0.12,0.76,2016-04-13
2492,7.09,8.48,46.94,0.02,0.08,0.5,2016-04-13
2492,8.48,11.0,27.15,0.01,0.04,0.29,2016-04-13
2492,11.0,16.6,11.36,0.0,0.01,0.13,2016-04-13
2492,16.6,22.8,4.266,0.002,0.005,0.049,2016-04-13
2492,22.8,41.9,1.228,0.001,0.001,0.014,2016-04-13
2493,1.0,1.92,857.7,0.4,2.6,16.4,2016-05-10
2493,1.92,2.97,512.5,0.2,0.8,6.2,2016-05-10
2493,2.97,4.02,279.3,0.1,0.4,3.0,2016-05-10
2493,4.02,4.88,171.1,0.1,0.3,1.8,2016-05-10
2493,4.88,5.9,112.6,0.1,0.2,1.2,2016-05-10
2493,5.9,7.09,73.18,0.04,0.13,0.77,2016-05-10
2493,7.09,8.48,47.11,0.02,0.08,0.5,2016-05-10
2493,8.48,11.0,27.26,0.01,0.04,0.29,2016-05-10
2493,11.0,16.6,11.43,0.0,0.01,0.13,2016-05-10
2493,16.6,22.8,4.288,0.002,0.005,0.049,2016-05-10
2493,22.8,41.9,1.236,0.001,0.001,0.015,2016-05-10
2494,1.0,1.92,894.3,0.3,3.1,17.2,2016-06-06
2494,1.92,2.97,528.5,0.2,1.3,6.4,2016-06-06
2494,2.97,4.02,285.9,0.1,0.8,3.1,2016-06-06
2494,4.02,4.88,174.0,0.1,0.6,1.9,2016-06-06
2494,4.88,5.9,114.1,0.1,0.4,1.2,2016-06-06
2494,5.9,7.09,74.02,0.04,0.24,0.8,2016-06-06
2494,7.09,8.48,47.59,0.02,0.15,0.52,2016-06-06
2494,8.48,11.0,27.46,0.01,0.07,0.3,2016-06-06
2494,11.0,16.6,11.49,0.0,0.02,0.13,2016-06-06
2494,16.6,22.8,4.3,0.002,0.01,0.05,2016-06-06
2494,22.8,41.9,1.235,0.001,0.002,0.015,2016-06-06
2495,1.0,1.92,888.2,0.3,2.4,17.0,2016-07-03
2495,1.92,2.97,521.6,0.2,0.7,6.3,2016-07-03
2495,2.97,4.02,281.8,0.1,0.4,3.0,2016-07-03
2495,4.02,4.88,172.0,0.1,0.3,1.8,2016-07-03
2495,4.88,5.9,113.3,0.1,0.2,1.2,2016-07-03
2495,5.9,7.09,73.52,0.03,0.1,0.77,2016-07-03
2495,7.09,8.48,47.39,0.02,0.07,0.5,2016-07-03
2495,8.48,11.0,27.39,0.01,0.03,0.29,2016-07-03
2495,11.0,16.6,11.48,0.0,0.01,0.13,2016-07-03
2495,16.6,22.8,4.297,0.002,0.004,0.049,2016-07-03
2495,22.8,41.9,1.237,0.001,0.001,0.015,2016-07-03
2496,1.0,1.92,896.7,0.3,2.5,17.2,2016-07-30
2496,1.92,2.97,525.7,0.2,0.9,6.3,2016-07-30
2496,2.97,4.02,283.4,0.1,0.5,3.1,2016-07-30
2496,4.02,4.88,172.6,0.1,0.4,1.8,2016-07-30
2496,4.88,5.9,113.5,0.1,0.3,1.2,2016-07-30
2496,5.9,7.09,73.58,0.04,0.16,0.78,2016-07-30
2496,7.09,8.48,47.37,0.02,0.1,0.5,2016-07-30
2496,8.48,11.0,27.39,0.01,0.05,0.29,2016-07-30
2496,11.0,16.6,11.47,0.0,0.02,0.13,2016-07-30
2496,16.6,22.8,4.304,0.002,0.007,0.049,2016-07-30
2496,22.8,41.9,1.236,0.001,0.001,0.015,2016-07-30
2497,1.0,1.92,923.0,0.4,2.3,17.7,2016-08-26
2497,1.92,2.97,539.0,0.2,0.7,6.5,2016-08-26
2497,2.97,4.02,288.8,0.1,0.4,3.1,2016-08-26
2497,4.02,4.88,175.3,0.1,0.3,1.8,2016-08-26
2497,4.88,5.9,114.9,0.1,0.2,1.2,2016-08-26
2497,5.9,7.09,74.34,0.04,0.11,0.78,2016-08-26
2497,7.09,8.48,47.86,0.02,0.07,0.5,2016-08-26
2497,8.48,11.0,27.6,0.01,0.03,0.29,2016-08-26
2497,11.0,16.6,11.54,0.01,0.01,0.13,2016-08-26
2497,16.6,22.8,4.318,0.002,0.004,0.049,2016-08-26
2497,22.8,41.9,1.24,0.001,0.001,0.015,2016-08-26
2498,1.0,1.92,963.8,0.4,2.5,18.5,2016-09-22
2498,1.92,2.97,551.9,0.2,1.0,6.7,2016-09-22
2498,2.97,4.02,293.2,0.1,0.6,3.2,2016-09-22
2498,4.02,4.88,177.0,0.1,0.4,1.9,2016-09-22
2498,4.88,5.9,115.9,0.1,0.3,1.2,2016-09-22
2498,5.9,7.09,74.8,0.04,0.17,0.79,2016-09-22
2498,7.09,8.48,48.03,0.02,0.11,0.51,2016-09-22
2498,8.48,11.0,27.69,0.01,0.05,0.3,2016-09-22
2498,11.0,16.6,11.56,0.01,0.02,0.13,2016-09-22
2498,16.6,22.8,4.328,0.002,0.007,0.05,2016-09-22
2498,22.8,41.9,1.244,0.001,0.002,0.015,2016-09-22
2499,1.0,1.92,1014.0,0.0,2.0,19.0,2016-10-19
2499,1.92,2.97,569.0,0.2,0.7,6.8,2016-10-19
2499,2.97,4.02,298.7,0.1,0.4,3.2,2016-10-19
2499,4.02,4.88,179.6,0.1,0.3,1.9,2016-10-19
2499,4.88,5.9,117.1,0.1,0.2,1.2,2016-10-19
2499,5.9,7.09,75.48,0.04,0.11,0.79,2016-10-19
2499,7.09,8.48,48.36,0.02,0.07,0.51,2016-10-19
2499,8.48,11.0,27.82,0.01,0.03,0.3,2016-10-19
2499,11.0,16.6,11.61,0.01,0.01,0.13,2016-10-19
2499,16.6,22.8,4.331,0.002,0.004,0.05,2016-10-19
2499,22.8,41.9,1.241,0.001,0.001,0.015,2016-10-19
2500,1.0,1.92,1060.0,0.0,2.0,20.0,2016-11-15
2500,1.92,2.97,583.5,0.2,0.7,7.0,2016-11-15
2500,2.97,4.02,303.5,0.1,0.4,3.2,2016-11-15
2500,4.02,4.88,181.7,0.1,0.3,1.9,2016-11-15
2500,4.88,5.9,118.2,0.1,0.2,1.2,2016-11-15
2500,5.9,7.09,76.03,0.04,0.11,0.79,2016-11-15
2500,7.09,8.48,48.61,0.02,0.07,0.51,2016-11-15
2500,8.48,11.0,27.93,0.01,0.03,0.3,2016-11-15
2500,11.0,16.6,11.63,0.01,0.01,0.13,2016-11-15
2500,16.6,22.8,4.335,0.002,0.004,0.05,2016-11-15
2500,22.8,41.9,1.243,0.001,0.001,0.015,2016-11-15
2501,1.0,1.92,1074.0,0.0,2.0,21.0,2016-12-12
2501,1.92,2.97,587.7,0.2,0.7,7.1,2016-12-12
2501,2.97,4.02,305.0,0.1,0.4,3.3,2016-12-12
2501,4.02,4.88,182.3,0.1,0.3,1.9,2016-12-12
2501,4.88,5.9,118.6,0.1,0.2,1.2,2016-12-12
2501,5.9,7.09,76.35,0.04,0.11,0.8,2016-12-12
2501,7.09,8.48,48.85,0.02,0.07,0.51,2016-12-12
2501,8.48,11.0,28.05,0.01,0.03,0.3,2016-12-12
2501,11.0,16.6,11.68,0.01,0.01,0.13,2016-12-12
2501,16.6,22.8,4.349,0.002,0.004,0.05,2016-12-12
2501,22.8,41.9,1.243,0.001,0.001,0.015,2016-12-12
2502,1.0,1.92,1101.0,0.0,2.0,21.0,2017-01-08
2502,1.92,2.97,595.3,0.2,0.7,7.1,2017-01-08
2502,2.97,4.02,307.1,0.1,0.4,3.3,2017-01-08
2502,4.02,4.88,183.6,0.1,0.3,1.9,2017-01-08
2502,4.88,5.9,119.2,0.1,0.2,1.2,2017-01-08
2502,5.9,7.09,76.71,0.04,0.11,0.8,2017-01-08
2502,7.09,8.48,49.03,0.02,0.07,0.52,2017-01-08
2502,8.48,11.0,28.14,0.01,0.03,0.3,2017-01-08
2502,11.0,16.6,11.71,0.01,0.01,0.13,2017-01-08
2502,16.6,22.8,4.357,0.002,0.004,0.05,2017-01-08
2502,22.8,41.9,1.247,0.001,0.001,0.015,2017-01-08
2503,1.0,1.92,1131.0,0.0,2.0,22.0,2017-02-04
2503,1.92,2.97,604.5,0.2,1.0,7.3,2017-02-04
2503,2.97,4.02,310.6,0.1,0.6,3.4,2017-02-04
2503,4.02,4.88,184.8,0.1,0.4,2.0,2017-02-04
2503,4.88,5.9,120.0,0.1,0.3,1.3,2017-02-04
2503,5.9,7.09,77.1,0.04,0.18,0.82,2017-02-04
2503,7.09,8.48,49.35,0.02,0.11,0.53,2017-02-04
2503,8.48,11.0,28.29,0.01,0.05,0.3,2017-02-04
2503,11.0,16.6,11.75,0.01,0.02,0.13,2017-02-04
2503,16.6,22.8,4.374,0.002,0.007,0.05,2017-02-04
2503,22.8,41.9,1.249,0.001,0.002,0.015,2017-02-04
2504,1.0,1.92,1151.0,0.0,2.0,22.0,2017-03-03
2504,1.92,2.97,608.9,0.2,0.7,7.3,2017-03-03
2504,2.97,4.02,311.8,0.1,0.4,3.3,2017-03-03
2504,4.02,4.88,185.7,0.1,0.3,1.9,2017-03-03
2504,4.88,5.9,120.5,0.1,0.2,1.2,2017-03-03
2504,5.9,7.09,77.3,0.04,0.1,0.81,2017-03-03
2504,7.09,8.48,49.45,0.03,0.07,0.52,2017-03-03
2504,8.48,11.0,28.34,0.01,0.03,0.3,2017-03-03
2504,11.0,16.6,11.77,0.01,0.01,0.13,2017-03-03
2504,16.6,22.8,4.375,0.003,0.004,0.05,2017-03-03
2504,22.8,41.9,1.248,0.001,0.001,0.015,2017-03-03
2505,1.0,1.92,1155.0,0.0,2.0,22.0,2017-03-30
2505,1.92,2.97,605.2,0.2,0.7,7.3,2017-03-30
2505,2.97,4.02,309.4,0.1,0.4,3.3,2017-03-30
2505,4.02,4.88,183.9,0.1,0.3,1.9,2017-03-30
2505,4.88,5.9,119.4,0.1,0.2,1.2,2017-03-30
2505,5.9,7.09,76.64,0.04,0.11,0.8,2017-03-30
2505,7.09,8.48,49.1,0.02,0.07,0.52,2017-03-30
2505,8.48,11.0,28.17,0.01,0.03,0.3,2017-03-30
2505,11.0,16.6,11.72,0.01,0.01,0.13,2017-03-30
2505,16.6,22.8,4.361,0.002,0.004,0.05,2017-03-30
2505,22.8,41.9,1.243,0.001,0.001,0.015,2017-03-30
2506,1.0,1.92,1154.0,0.0,2.0,22.0,2017-04-26
2506,1.92,2.97,600.7,0.2,0.6,7.2,2017-04-26
2506,2.97,4.02,306.5,0.1,0.3,3.3,2017-04-26
2506,4.02,4.88,182.2,0.1,0.2,1.9,2017-04-26
2506,4.88,5.9,118.2,0.1,0.2,1.2,2017-04-26
2506,5.9,7.09,76.05,0.04,0.1,0.79,2017-04-26
2506,7.09,8.48,48.7,0.02,0.06,0.51,2017-04-26
2506,8.48,11.0,28.01,0.01,0.03,0.3,2017-04-26
2506,11.0,16.6,11.67,0.01,0.01,0.13,2017-04-26
2506,16.6,22.8,4.357,0.002,0.004,0.05,2017-04-26
2506,22.8,41.9,1.245,0.001,0.001,0.015,2017-04-26
2507,1.0,1.92,1187.0,0.0,3.0,23.0,2017-05-23
2507,1.92,2.97,611.9,0.2,1.2,7.4,2017-05-23
2507,2.97,4.02,310.7,0.1,0.7,3.4,2017-05-23
2507,4.02,4.88,184.1,0.1,0.5,2.0,2017-05-23
2507,4.88,5.9,119.3,0.1,0.3,1.3,2017-05-23
2507,5.9,7.09,76.45,0.04,0.21,0.82,2017-05-23
2507,7.09,8.48,48.9,0.02,0.13,0.53,2017-05-23
2507,8.48,11.0,28.08,0.01,0.06,0.3,2017-05-23
2507,11.0,16.6,11.68,0.01,0.02,0.13,2017-05-23
2507,16.6,22.8,4.354,0.002,0.008,0.05,2017-05-23
2507,22.8,41.9,1.245,0.001,0.002,0.015,2017-05-23
2508,1.0,1.92,1194.0,0.0,2.0,23.0,2017-06-19
2508,1.92,2.97,614.5,0.2,0.7,7.4,2017-06-19
2508,2.97,4.02,311.8,0.1,0.4,3.3,2017-06-19
2508,4.02,4.88,185.0,0.1,0.3,1.9,2017-06-19
2508,4.88,5.9,119.9,0.1,0.2,1.2,2017-06-19
2508,5.9,7.09,76.92,0.04,0.12,0.81,2017-06-19
2508,7.09,8.48,49.15,0.02,0.08,0.52,2017-06-19
2508,8.48,11.0,28.21,0.01,0.04,0.3,2017-06-19
2508,11.0,16.6,11.73,0.01,0.01,0.13,2017-06-19
2508,16.6,22.8,4.37,0.002,0.005,0.05,2017-06-19
2508,22.8,41.9,1.245,0.001,0.001,0.015,2017-06-19
2509,1.0,1.92,1164.0,0.0,2.0,22.0,2017-07-16
2509,1.92,2.97,600.6,0.2,0.8,7.2,2017-07-16
2509,2.97,4.02,306.1,0.1,0.5,3.3,2017-07-16
2509,4.02,4.88,181.9,0.1,0.3,1.9,2017-07-16
2509,4.88,5.9,118.1,0.1,0.2,1.2,2017-07-16
2509,5.9,7.09,75.98,0.04,0.14,0.8,2017-07-16
2509,7.09,8.48,48.7,0.02,0.09,0.52,2017-07-16
2509,8.48,11.0,27.95,0.01,0.04,0.3,2017-07-16
2509,11.0,16.6,11.65,0.01,0.01,0.13,2017-07-16
2509,16.6,22.8,4.344,0.002,0.005,0.05,2017-07-16
2509,22.8,41.9,1.242,0.001,0.001,0.015,2017-07-16
2510,1.0,1.92,1066.0,0.0,2.0,20.0,2017-08-12
2510,1.92,2.97,565.8,0.2,0.7,6.8,2017-08-12
2510,2.97,4.02,293.5,0.1,0.4,3.2,2017-08-12
2510,4.02,4.88,176.2,0.1,0.3,1.9,2017-08-12
2510,4.88,5.9,115.2,0.1,0.2,1.2,2017-08-12
2510,5.9,7.09,74.44,0.04,0.13,0.78,2017-08-12
2510,7.09,8.48,47.81,0.02,0.08,0.51,2017-08-12
2510,8.48,11.0,27.57,0.01,0.04,0.3,2017-08-12
2510,11.0,16.6,11.53,0.0,0.01,0.13,2017-08-12
2510,16.6,22.8,4.318,0.002,0.005,0.049,2017-08-12
2510,22.8,41.9,1.238,0.001,0.001,0.015,2017-08-12
2511,1.0,1.92,1056.0,0.0,2.0,20.0,2017-09-08
2511,1.92,2.97,562.0,0.2,0.6,6.7,2017-09-08
2511,2.97,4.02,291.8,0.1,0.3,3.1,2017-09-08
2511,4.02,4.88,175.5,0.1,0.2,1.8,2017-09-08
2511,4.88,5.9,114.8,0.1,0.2,1.2,2017-09-08
2511,5.9,7.09,74.17,0.04,0.1,0.77,2017-09-08
2511,7.09,8.48,47.75,0.02,0.07,0.5,2017-09-08
2511,8.48,11.0,27.52,0.01,0.03,0.29,2017-09-08
2511,11.0,16.6,11.54,0.01,0.01,0.13,2017-09-08
2511,16.6,22.8,4.319,0.002,0.004,0.049,2017-09-08
2511,22.8,41.9,1.242,0.001,0.001,0.015,2017-09-08
2512,1.0,1.92,1018.0,0.0,1.0,20.0,2017-10-05
2512,1.92,2.97,551.0,0.2,0.5,6.6,2017-10-05
2512,2.97,4.02,288.5,0.1,0.3,3.1,2017-10-05
2512,4.02,4.88,174.1,0.1,0.2,1.8,2017-10-05
2512,4.88,5.9,114.1,0.1,0.1,1.2,2017-10-05
2512,5.9,7.09,73.9,0.04,0.1,0.77,2017-10-05
2512,7.09,8.48,47.55,0.02,0.06,0.5,2017-10-05
2512,8.48,11.0,27.5,0.01,0.03,0.29,2017-10-05
2512,11.0,16.6,11.53,0.01,0.01,0.13,2017-10-05
2512,16.6,22.8,4.332,0.002,0.004,0.05,2017-10-05
2512,22.8,41.9,1.242,0.001,0.001,0.015,2017-10-05
2513,1.0,1.92,1087.0,0.0,2.0,21.0,2017-11-01
2513,1.92,2.97,577.7,0.2,0.6,6.9,2017-11-01
2513,2.97,4.02,299.4,0.1,0.3,3.2,2017-11-01
2513,4.02,4.88,179.6,0.1,0.2,1.9,2017-11-01
2513,4.88,5.9,116.9,0.1,0.2,1.2,2017-11-01
2513,5.9,7.09,75.42,0.04,0.1,0.79,2017-11-01
2513,7.09,8.48,48.36,0.02,0.06,0.51,2017-11-01
2513,8.48,11.0,27.83,0.01,0.03,0.3,2017-11-01
2513,11.0,16.6,11.63,0.01,0.01,0.13,2017-11-01
2513,16.6,22.8,4.343,0.002,0.004,0.05,2017-11-01
2513,22.8,41.9,1.244,0.001,0.001,0.015,2017-11-01
2514,1.0,1.92,1171.0,0.0,2.0,23.0,2017-11-28
2514,1.92,2.97,605.5,0.2,0.6,7.3,2017-11-28
2514,2.97,4.02,308.6,0.1,0.3,3.3,2017-11-28
2514,4.02,4.88,183.6,0.1,0.2,1.9,2017-11-28
2514,4.88,5.9,119.2,0.1,0.2,1.2,2017-11-28
2514,5.9,7.09,76.63,0.04,0.1,0.8,2017-11-28
2514,7.09,8.48,48.97,0.02,0.06,0.51,2017-11-28
2514,8.48,11.0,28.12,0.01,0.03,0.3,2017-11-28
2514,11.0,16.6,11.7,0.01,0.01,0.13,2017-11-28
2514,16.6,22.8,4.358,0.002,0.004,0.05,2017-11-28
2514,22.8,41.9,1.245,0.001,0.001,0.015,2017-11-28
2515,1.0,1.92,1201.0,0.0,2.0,23.0,2017-12-25
2515,1.92,2.97,616.7,0.2,0.7,7.4,2017-12-25
2515,2.97,4.02,312.7,0.1,0.4,3.3,2017-12-25
2515,4.02,4.88,185.6,0.1,0.3,1.9,2017-12-25
2515,4.88,5.9,120.3,0.1,0.2,1.2,2017-12-25
2515,5.9,7.09,77.21,0.04,0.12,0.81,2017-12-25
2515,7.09,8.48,49.35,0.02,0.07,0.52,2017-12-25
2515,8.48,11.0,28.28,0.01,0.04,0.3,2017-12-25
2515,11.0,16.6,11.74,0.01,0.01,0.13,2017-12-25
2515,16.6,22.8,4.362,0.002,0.005,0.05,2017-12-25
2515,22.8,41.9,1.247,0.001,0.001,0.015,2017-12-25
2516,1.0,1.92,1235.0,0.0,2.0,24.0,2018-01-21
2516,1.92,2.97,628.2,0.2,0.6,7.5,2018-01-21
2516,2.97,4.02,316.7,0.1,0.3,3.4,2018-01-21
2516,4.02,4.88,187.4,0.1,0.2,2.0,2018-01-21
2516,4.88,5.9,121.0,0.1,0.2,1.3,2018-01-21
2516,5.9,7.09,77.58,0.04,0.1,0.81,2018-01-21
2516,7.09,8.48,49.5,0.02,0.06,0.52,2018-01-21
2516,8.48,11.0,28.35,0.01,0.03,0.3,2018-01-21
2516,11.0,16.6,11.76,0.01,0.01,0.13,2018-01-21
2516,16.6,22.8,4.372,0.002,0.004,0.05,2018-01-21
2516,22.8,41.9,1.246,0.001,0.001,0.015,2018-01-21
2517,1.0,1.92,1247.0,0.0,2.0,24.0,2018-02-17
2517,1.92,2.97,630.2,0.2,0.7,7.6,2018-02-17
2517,2.97,4.02,316.7,0.1,0.4,3.4,2018-02-17
2517,4.02,4.88,187.2,0.1,0.3,2.0,2018-02-17
2517,4.88,5.9,121.1,0.1,0.2,1.3,2018-02-17
2517,5.9,7.09,77.59,0.04,0.11,0.81,2018-02-17
2517,7.09,8.48,49.49,0.02,0.07,0.52,2018-02-17
2517,8.48,11.0,28.34,0.01,0.03,0.3,2018-02-17
2517,11.0,16.6,11.78,0.01,0.01,0.13,2018-02-17
2517,16.6,22.8,4.38,0.002,0.004,0.05,2018-02-17
2517,22.8,41.9,1.249,0.001,0.001,0.015,2018-02-17
2518,1.0,1.92,1261.0,0.0,2.0,24.0,2018-03-16
2518,1.92,2.97,631.7,0.2,0.7,7.6,2018-03-16
2518,2.97,4.02,316.9,0.1,0.4,3.4,2018-03-16
2518,4.02,4.88,187.1,0.1,0.3,2.0,2018-03-16
2518,4.88,5.9,120.9,0.1,0.2,1.3,2018-03-16
2518,5.9,7.09,77.43,0.04,0.11,0.81,2018-03-16
2518,7.09,8.48,49.43,0.03,0.07,0.52,2018-03-16
2518,8.48,11.0,28.29,0.01,0.03,0.3,2018-03-16
2518,11.0,16.6,11.76,0.01,0.01,0.13,2018-03-16
2518,16.6,22.8,4.375,0.002,0.005,0.05,2018-03-16
2518,22.8,41.9,1.248,0.001,0.001,0.015,2018-03-16
2519,1.0,1.92,1260.0,0.0,2.0,24.0,2018-04-12
2519,1.92,2.97,630.3,0.2,1.0,7.6,2018-04-12
2519,2.97,4.02,316.4,0.1,0.5,3.4,2018-04-12
2519,4.02,4.88,187.0,0.1,0.4,2.0,2018-04-12
2519,4.88,5.9,121.0,0.1,0.3,1.3,2018-04-12
2519,5.9,7.09,77.66,0.04,0.16,0.82,2018-04-12
2519,7.09,8.48,49.62,0.03,0.1,0.53,2018-04-12
2519,8.48,11.0,28.45,0.01,0.05,0.31,2018-04-12
2519,11.0,16.6,11.8,0.01,0.02,0.13,2018-04-12
2519,16.6,22.8,4.389,0.003,0.006,0.05,2018-04-12
2519,22.8,41.9,1.25,0.001,0.001,0.015,2018-04-12
2520,1.0,1.92,1257.0,0.0,2.0,24.0,2018-05-09
2520,1.92,2.97,629.8,0.2,0.7,7.6,2018-05-09
2520,2.97,4.02,316.4,0.1,0.4,3.4,2018-05-09
2520,4.02,4.88,187.1,0.1,0.3,2.0,2018-05-09
2520,4.88,5.9,120.9,0.1,0.2,1.3,2018-05-09
2520,5.9,7.09,77.6,0.04,0.11,0.81,2018-05-09
2520,7.09,8.48,49.54,0.02,0.07,0.52,2018-05-09
2520,8.48,11.0,28.38,0.01,0.03,0.3,2018-05-09
2520,11.0,16.6,11.78,0.01,0.01,0.13,2018-05-09
2520,16.6,22.8,4.381,0.002,0.004,0.05,2018-05-09
2520,22.8,41.9,1.25,0.001,0.001,0.015,2018-05-09
2521,1.0,1.92,1292.0,0.0,2.0,25.0,2018-06-05
2521,1.92,2.97,643.1,0.2,1.2,7.8,2018-06-05
2521,2.97,4.02,321.5,0.1,0.7,3.5,2018-06-05
2521,4.02,4.88,189.6,0.1,0.5,2.0,2018-06-05
2521,4.88,5.9,122.2,0.1,0.3,1.3,2018-06-05
2521,5.9,7.09,78.2,0.04,0.2,0.83,2018-06-05
2521,7.09,8.48,49.82,0.02,0.12,0.53,2018-06-05
2521,8.48,11.0,28.49,0.01,0.06,0.31,2018-06-05
2521,11.0,16.6,11.82,0.01,0.02,0.13,2018-06-05
2521,16.6,22.8,4.39,0.002,0.008,0.051,2018-06-05
2521,22.8,41.9,1.253,0.001,0.002,0.015,2018-06-05
2522,1.0,1.92,1281.0,0.0,1.0,25.0,2018-07-02
2522,1.92,2.97,637.8,0.2,0.6,7.6,2018-07-02
2522,2.97,4.02,319.2,0.1,0.3,3.4,2018-07-02
2522,4.02,4.88,188.4,0.1,0.2,2.0,2018-07-02
2522,4.88,5.9,121.7,0.1,0.2,1.3,2018-07-02
2522,5.9,7.09,77.93,0.04,0.1,0.81,2018-07-02
2522,7.09,8.48,49.71,0.03,0.06,0.52,2018-07-02
2522,8.48,11.0,28.45,0.01,0.03,0.3,2018-07-02
2522,11.0,16.6,11.81,0.01,0.01,0.13,2018-07-02
2522,16.6,22.8,4.393,0.002,0.004,0.05,2018-07-02
2522,22.8,41.9,1.254,0.001,0.001,0.015,2018-07-02
2523,1.0,1.92,1311.0,1.0,2.0,25.0,2018-07-29
2523,1.92,2.97,646.5,0.3,0.7,7.8,2018-07-29
2523,2.97,4.02,322.5,0.2,0.4,3.5,2018-07-29
2523,4.02,4.88,189.8,0.1,0.3,2.0,2018-07-29
2523,4.88,5.9,122.4,0.1,0.2,1.3,2018-07-29
2523,5.9,7.09,78.31,0.05,0.12,0.82,2018-07-29
2523,7.09,8.48,49.94,0.03,0.08,0.53,2018-07-29
2523,8.48,11.0,28.54,0.02,0.04,0.31,2018-07-29
2523,11.0,16.6,11.83,0.01,0.01,0.13,2018-07-29
2523,16.6,22.8,4.407,0.003,0.005,0.05,2018-07-29
2523,22.8,41.9,1.257,0.001,0.001,0.015,2018-07-29
2524,1.0,1.92,1320.0,1.0,1.0,25.0,2018-08-25
2524,1.92,2.97,650.0,0.4,0.6,7.8,2018-08-25
2524,2.97,4.02,324.1,0.2,0.3,3.5,2018-08-25
2524,4.02,4.88,190.9,0.2,0.2,2.0,2018-08-25
2524,4.88,5.9,123.1,0.1,0.2,1.3,2018-08-25
2524,5.9,7.09,78.81,0.07,0.1,0.82,2018-08-25
2524,7.09,8.48,50.19,0.05,0.06,0.53,2018-08-25
2524,8.48,11.0,28.67,0.03,0.03,0.31,2018-08-25
2524,11.0,16.6,11.89,0.01,0.01,0.13,2018-08-25
2524,16.6,22.8,4.415,0.005,0.004,0.05,2018-08-25
2524,22.8,41.9,1.259,0.001,0.001,0.015,2018-08-25
2525,1.0,1.92,1317.0,0.0,2.0,25.0,2018-09-21
2525,1.92,2.97,648.9,0.2,0.8,7.8,2018-09-21
2525,2.97,4.02,324.0,0.1,0.5,3.5,2018-09-21
2525,4.02,4.88,190.4,0.1,0.3,2.0,2018-09-21
2525,4.88,5.9,122.7,0.1,0.2,1.3,2018-09-21
2525,5.9,7.09,78.41,0.04,0.14,0.82,2018-09-21
2525,7.09,8.48,49.94,0.03,0.09,0.53,2018-09-21
2525,8.48,11.0,28.56,0.01,0.04,0.31,2018-09-21
2525,11.0,16.6,11.82,0.01,0.01,0.13,2018-09-21
2525,16.6,22.8,4.392,0.002,0.005,0.05,2018-09-21
2525,22.8,41.9,1.254,0.001,0.001,0.015,2018-09-21
2526,1.0,1.92,1345.0,2.0,2.0,26.0,2018-10-18
2526,1.92,2.97,658.5,0.7,1.1,7.9,2018-10-18
2526,2.97,4.02,327.3,0.4,0.6,3.5,2018-10-18
2526,4.02,4.88,192.2,0.3,0.4,2.0,2018-10-18
2526,4.88,5.9,123.7,0.2,0.3,1.3,2018-10-18
2526,5.9,7.09,78.97,0.12,0.18,0.84,2018-10-18
2526,7.09,8.48,50.41,0.08,0.11,0.54,2018-10-18
2526,8.48,11.0,28.64,0.04,0.05,0.31,2018-10-18
2526,11.0,16.6,11.86,0.02,0.02,0.13,2018-10-18
2526,16.6,22.8,4.416,0.008,0.007,0.051,2018-10-18
2526,22.8,41.9,1.258,0.002,0.002,0.015,2018-10-18
2527,1.0,1.92,1303.0,0.0,2.0,25.0,2018-11-14
2527,1.92,2.97,644.3,0.2,0.9,7.8,2018-11-14
2527,2.97,4.02,321.0,0.1,0.5,3.5,2018-11-14
2527,4.02,4.88,189.2,0.1,0.4,2.0,2018-11-14
2527,4.88,5.9,122.0,0.1,0.2,1.3,2018-11-14
2527,5.9,7.09,78.11,0.04,0.15,0.82,2018-11-14
2527,7.09,8.48,49.77,0.03,0.09,0.53,2018-11-14
2527,8.48,11.0,28.46,0.01,0.04,0.31,2018-11-14
2527,11.0,16.6,11.82,0.01,0.01,0.13,2018-11-14
2527,16.6,22.8,4.395,0.003,0.006,0.05,2018-11-14
2527,22.8,41.9,1.251,0.001,0.001,0.015,2018-11-14
2528,1.0,1.92,1322.0,0.0,2.0,26.0,2018-12-11
2528,1.92,2.97,648.9,0.2,0.9,7.8,2018-12-11
2528,2.97,4.02,322.9,0.1,0.5,3.5,2018-12-11
2528,4.02,4.88,189.9,0.1,0.4,2.0,2018-12-11
2528,4.88,5.9,122.5,0.1,0.3,1.3,2018-12-11
2528,5.9,7.09,78.33,0.04,0.16,0.83,2018-12-11
2528,7.09,8.48,49.89,0.03,0.1,0.53,2018-12-11
2528,8.48,11.0,28.52,0.01,0.05,0.31,2018-12-11
2528,11.0,16.6,11.82,0.01,0.02,0.13,2018-12-11
2528,16.6,22.8,4.398,0.002,0.006,0.051,2018-12-11
2528,22.8,41.9,1.254,0.001,0.001,0.015,2018-12-11
2529,1.0,1.92,1333.0,0.0,1.0,26.0,2019-01-07
2529,1.92,2.97,651.0,0.2,0.6,7.8,2019-01-07
2529,2.97,4.02,322.9,0.1,0.3,3.5,2019-01-07
2529,4.02,4.88,189.8,0.1,0.2,2.0,2019-01-07
2529,4.88,5.9,122.3,0.1,0.2,1.3,2019-01-07
2529,5.9,7.09,78.23,0.04,0.1,0.82,2019-01-07
2529,7.09,8.48,49.85,0.03,0.06,0.52,2019-01-07
2529,8.48,11.0,28.5,0.01,0.03,0.3,2019-01-07
2529,11.0,16.6,11.83,0.01,0.01,0.13,2019-01-07
2529,16.6,22.8,4.399,0.003,0.004,0.05,2019-01-07
2529,22.8,41.9,1.253,0.001,0.001,0.015,2019-01-07
2530,1.0,1.92,1357.0,1.0,1.0,26.0,2019-02-03
2530,1.92,2.97,660.6,0.3,0.6,7.9,2019-02-03
2530,2.97,4.02,327.3,0.2,0.4,3.5,2019-02-03
2530,4.02,4.88,192.0,0.1,0.3,2.0,2019-02-03
2530,4.88,5.9,123.6,0.1,0.2,1.3,2019-02-03
2530,5.9,7.09,78.97,0.06,0.1,0.82,2019-02-03
2530,7.09,8.48,50.37,0.04,0.07,0.53,2019-02-03
2530,8.48,11.0,28.71,0.02,0.03,0.31,2019-02-03
2530,11.0,16.6,11.88,0.01,0.01,0.13,2019-02-03
2530,16.6,22.8,4.41,0.004,0.004,0.05,2019-02-03
2530,22.8,41.9,1.258,0.001,0.001,0.015,2019-02-03
2531,1.0,1.92,1376.0,1.0,2.0,27.0,2019-03-02
2531,1.92,2.97,663.5,0.4,0.8,8.0,2019-03-02
2531,2.97,4.02,327.2,0.2,0.4,3.5,2019-03-02
2531,4.02,4.88,191.9,0.1,0.3,2.0,2019-03-02
2531,4.88,5.9,123.3,0.1,0.2,1.3,2019-03-02
2531,5.9,7.09,78.82,0.06,0.13,0.83,2019-03-02
2531,7.09,8.48,50.17,0.04,0.08,0.53,2019-03-02
2531,8.48,11.0,28.67,0.02,0.04,0.31,2019-03-02
2531,11.0,16.6,11.88,0.01,0.01,0.13,2019-03-02
2531,16.6,22.8,4.405,0.004,0.005,0.05,2019-03-02
2531,22.8,41.9,1.255,0.001,0.001,0.015,2019-03-02
2532,1.0,1.92,1370.0,1.0,1.0,26.0,2019-03-29
2532,1.92,2.97,660.6,0.2,0.7,7.9,2019-03-29
2532,2.97,4.02,326.6,0.1,0.4,3.5,2019-03-29
2532,4.02,4.88,191.5,0.1,0.3,2.0,2019-03-29
2532,4.88,5.9,123.3,0.1,0.2,1.3,2019-03-29
2532,5.9,7.09,78.72,0.04,0.12,0.82,2019-03-29
2532,7.09,8.48,50.11,0.03,0.08,0.53,2019-03-29
2532,8.48,11.0,28.64,0.02,0.04,0.31,2019-03-29
2532,11.0,16.6,11.85,0.01,0.01,0.13,2019-03-29
2532,16.6,22.8,4.395,0.003,0.005,0.05,2019-03-29
2532,22.8,41.9,1.252,0.001,0.001,0.015,2019-03-29
2533,1.0,1.92,1353.0,1.0,2.0,26.0,2019-04-25
2533,1.92,2.97,652.5,0.5,1.2,7.9,2019-04-25
2533,2.97,4.02,323.0,0.3,0.7,3.5,2019-04-25
2533,4.02,4.88,189.7,0.2,0.5,2.0,2019-04-25
2533,4.88,5.9,121.8,0.1,0.3,1.3,2019-04-25
2533,5.9,7.09,77.99,0.08,0.2,0.83,2019-04-25
2533,7.09,8.48,49.67,0.05,0.13,0.53,2019-04-25
2533,8.48,11.0,28.44,0.03,0.06,0.31,2019-04-25
2533,11.0,16.6,11.77,0.01,0.02,0.13,2019-04-25
2533,16.6,22.8,4.382,0.005,0.008,0.051,2019-04-25
2533,22.8,41.9,1.249,0.002,0.002,0.015,2019-04-25
2534,1.0,1.92,1324.0,0.0,3.0,26.0,2019-05-22
2534,1.92,2.97,642.8,0.2,1.6,7.9,2019-05-22
2534,2.97,4.02,318.8,0.1,0.9,3.5,2019-05-22
2534,4.02,4.88,187.4,0.1,0.7,2.1,2019-05-22
2534,4.88,5.9,120.9,0.1,0.4,1.3,2019-05-22
2534,5.9,7.09,77.29,0.04,0.28,0.85,2019-05-22
2534,7.09,8.48,49.32,0.02,0.18,0.54,2019-05-22
2534,8.48,11.0,28.28,0.01,0.08,0.31,2019-05-22
2534,11.0,16.6,11.74,0.01,0.03,0.13,2019-05-22
2534,16.6,22.8,4.369,0.002,0.011,0.051,2019-05-22
2534,22.8,41.9,1.248,0.001,0.002,0.015,2019-05-22
2535,1.0,1.92,1359.0,2.0,3.0,26.0,2019-06-18
2535,1.92,2.97,656.5,1.0,1.4,8.0,2019-06-18
2535,2.97,4.02,325.5,0.6,0.8,3.6,2019-06-18
2535,4.02,4.88,191.5,0.4,0.6,2.1,2019-06-18
2535,4.88,5.9,123.4,0.3,0.4,1.3,2019-06-18
2535,5.9,7.09,78.5,0.18,0.22,0.84,2019-06-18
2535,7.09,8.48,50.19,0.12,0.14,0.54,2019-06-18
2535,8.48,11.0,28.58,0.07,0.07,0.31,2019-06-18
2535,11.0,16.6,11.84,0.03,0.02,0.13,2019-06-18
2535,16.6,22.8,4.377,0.012,0.009,0.051,2019-06-18
2535,22.8,41.9,1.252,0.003,0.002,0.015,2019-06-18
2536,1.0,1.92,1379.0,1.0,2.0,27.0,2019-07-15
2536,1.92,2.97,663.9,0.3,1.2,8.0,2019-07-15
2536,2.97,4.02,327.7,0.1,0.7,3.6,2019-07-15
2536,4.02,4.88,192.1,0.1,0.5,2.1,2019-07-15
2536,4.88,5.9,123.5,0.1,0.3,1.3,2019-07-15
2536,5.9,7.09,78.89,0.05,0.21,0.84,2019-07-15
2536,7.09,8.48,50.18,0.03,0.13,0.54,2019-07-15
2536,8.48,11.0,28.63,0.02,0.06,0.31,2019-07-15
2536,11.0,16.6,11.86,0.01,0.02,0.13,2019-07-15
2536,16.6,22.8,4.409,0.003,0.008,0.051,2019-07-15
2536,22.8,41.9,1.257,0.001,0.002,0.015,2019-07-15
2537,1.0,1.92,1372.0,1.0,1.0,27.0,2019-08-11
2537,1.92,2.97,661.5,0.5,0.8,8.0,2019-08-11
2537,2.97,4.02,327.3,0.3,0.5,3.5,2019-08-11
2537,4.02,4.88,191.7,0.2,0.3,2.0,2019-08-11
2537,4.88,5.9,123.4,0.1,0.2,1.3,2019-08-11
2537,5.9,7.09,78.73,0.08,0.13,0.83,2019-08-11
2537,7.09,8.48,50.11,0.06,0.08,0.53,2019-08-11
2537,8.48,11.0,28.6,0.03,0.04,0.31,2019-08-11
2537,11.0,16.6,11.83,0.01,0.01,0.13,2019-08-11
2537,16.6,22.8,4.398,0.006,0.005,0.05,2019-08-11
2537,22.8,41.9,1.25,0.002,0.001,0.015,2019-08-11
2538,1.0,1.92,1391.0,1.0,2.0,27.0,2019-09-07
2538,1.92,2.97,666.9,0.3,1.1,8.1,2019-09-07
2538,2.97,4.02,328.5,0.1,0.6,3.6,2019-09-07
2538,4.02,4.88,192.6,0.1,0.5,2.0,2019-09-07
2538,4.88,5.9,123.7,0.1,0.3,1.3,2019-09-07
2538,5.9,7.09,78.91,0.05,0.19,0.84,2019-09-07
2538,7.09,8.48,50.25,0.03,0.12,0.54,2019-09-07
2538,8.48,11.0,28.65,0.02,0.06,0.31,2019-09-07
2538,11.0,16.6,11.87,0.01,0.02,0.13,2019-09-07
2538,16.6,22.8,4.408,0.003,0.008,0.051,2019-09-07
2538,22.8,41.9,1.254,0.001,0.002,0.015,2019-09-07
2539,1.0,1.92,1386.0,0.0,2.0,27.0,2019-10-04
2539,1.92,2.97,667.2,0.2,1.0,8.0,2019-10-04
2539,2.97,4.02,329.3,0.1,0.6,3.6,2019-10-04
2539,4.02,4.88,192.8,0.1,0.4,2.0,2019-10-04
2539,4.88,5.9,124.2,0.1,0.3,1.3,2019-10-04
2539,5.9,7.09,79.17,0.04,0.17,0.84,2019-10-04
2539,7.09,8.48,50.38,0.03,0.11,0.54,2019-10-04
2539,8.48,11.0,28.77,0.01,0.05,0.31,2019-10-04
2539,11.0,16.6,11.92,0.01,0.02,0.13,2019-10-04
2539,16.6,22.8,4.415,0.003,0.007,0.051,2019-10-04
2539,22.8,41.9,1.26,0.001,0.002,0.015,2019-10-04
2540,1.0,1.92,1380.0,1.0,1.0,27.0,2019-10-31
2540,1.92,2.97,665.3,0.3,0.8,8.0,2019-10-31
2540,2.97,4.02,328.9,0.2,0.4,3.5,2019-10-31
2540,4.02,4.88,192.7,0.1,0.3,2.0,2019-10-31
2540,4.88,5.9,124.2,0.1,0.2,1.3,2019-10-31
2540,5.9,7.09,79.36,0.06,0.13,0.83,2019-10-31
2540,7.09,8.48,50.48,0.04,0.08,0.53,2019-10-31
2540,8.48,11.0,28.77,0.02,0.04,0.31,2019-10-31
2540,11.0,16.6,11.91,0.01,0.01,0.13,2019-10-31
2540,16.6,22.8,4.425,0.004,0.005,0.051,2019-10-31
2540,22.8,41.9,1.259,0.001,0.001,0.015,2019-10-31
2543,1.0,1.92,1395.0,1.0,1.0,27.0,2020-01-20
2543,1.92,2.97,666.3,0.4,0.6,8.0,2020-01-20
2543,2.97,4.02,327.8,0.2,0.3,3.5,2020-01-20
2543,4.02,4.88,192.2,0.2,0.2,2.0,2020-01-20
2543,4.88,5.9,123.7,0.1,0.1,1.3,2020-01-20
2543,5.9,7.09,79.05,0.07,0.1,0.82,2020-01-20
2543,7.09,8.48,50.37,0.05,0.06,0.53,2020-01-20
2543,8.48,11.0,28.75,0.03,0.03,0.31,2020-01-20
2543,11.0,16.6,11.92,0.01,0.01,0.13,2020-01-20
2543,16.6,22.8,4.425,0.005,0.004,0.051,2020-01-20
2543,22.8,41.9,1.257,0.001,0.001,0.015,2020-01-20
2544,1.0,1.92,1411.0,0.0,1.0,27.0,2020-02-16
2544,1.92,2.97,673.8,0.2,0.7,8.1,2020-02-16
2544,2.97,4.02,332.2,0.1,0.4,3.6,2020-02-16
2544,4.02,4.88,194.5,0.1,0.3,2.0,2020-02-16
2544,4.88,5.9,125.0,0.1,0.2,1.3,2020-02-16
2544,5.9,7.09,79.76,0.04,0.11,0.83,2020-02-16
2544,7.09,8.48,50.7,0.03,0.07,0.53,2020-02-16
2544,8.48,11.0,28.94,0.01,0.03,0.31,2020-02-16
2544,11.0,16.6,11.98,0.01,0.01,0.13,2020-02-16
2544,16.6,22.8,4.435,0.002,0.004,0.051,2020-02-16
2544,22.8,41.9,1.26,0.001,0.001,0.015,2020-02-16
2545,1.0,1.92,1428.0,1.0,2.0,28.0,2020-03-14
2545,1.92,2.97,680.7,0.2,1.2,8.2,2020-03-14
2545,2.97,4.02,334.2,0.1,0.7,3.6,2020-03-14
2545,4.02,4.88,195.4,0.1,0.5,2.1,2020-03-14
2545,4.88,5.9,125.5,0.1,0.3,1.3,2020-03-14
2545,5.9,7.09,80.05,0.04,0.19,0.85,2020-03-14
2545,7.09,8.48,50.82,0.03,0.12,0.54,2020-03-14
2545,8.48,11.0,28.95,0.01,0.06,0.31,2020-03-14
2545,11.0,16.6,11.97,0.01,0.02,0.13,2020-03-14
2545,16.6,22.8,4.432,0.003,0.008,0.051,2020-03-14
2545,22.8,41.9,1.26,0.001,0.002,0.015,2020-03-14
2546,1.0,1.92,1435.0,1.0,2.0,28.0,2020-04-10
2546,1.92,2.97,681.0,0.2,0.9,8.2,2020-04-10
2546,2.97,4.02,334.0,0.1,0.5,3.6,2020-04-10
2546,4.02,4.88,195.2,0.1,0.3,2.1,2020-04-10
2546,4.88,5.9,125.5,0.1,0.2,1.3,2020-04-10
2546,5.9,7.09,79.99,0.04,0.14,0.84,2020-04-10
2546,7.09,8.48,50.85,0.03,0.09,0.54,2020-04-10
2546,8.48,11.0,28.99,0.01,0.04,0.31,2020-04-10
2546,11.0,16.6,11.97,0.01,0.01,0.13,2020-04-10
2546,16.6,22.8,4.43,0.002,0.006,0.051,2020-04-10
2546,22.8,41.9,1.26,0.001,0.001,0.015,2020-04-10
2547,1.0,1.92,1435.0,1.0,2.0,28.0,2020-05-07
2547,1.92,2.97,680.5,0.2,0.9,8.2,2020-05-07
2547,2.97,4.02,334.2,0.1,0.5,3.6,2020-05-07
2547,4.02,4.88,195.4,0.1,0.4,2.1,2020-05-07
2547,4.88,5.9,125.6,0.1,0.2,1.3,2020-05-07
2547,5.9,7.09,80.05,0.04,0.15,0.84,2020-05-07
2547,7.09,8.48,50.86,0.03,0.1,0.54,2020-05-07
2547,8.48,11.0,29.01,0.01,0.05,0.31,2020-05-07
2547,11.0,16.6,11.97,0.01,0.01,0.13,2020-05-07
2547,16.6,22.8,4.44,0.002,0.006,0.051,2020-05-07
2547,22.8,41.9,1.259,0.001,0.001,0.015,2020-05-07
2548,1.0,1.92,1438.0,1.0,3.0,28.0,2020-06-03
2548,1.92,2.97,678.6,0.3,1.7,8.3,2020-06-03
2548,2.97,4.02,332.8,0.2,0.9,3.7,2020-06-03
2548,4.02,4.88,194.5,0.1,0.7,2.1,2020-06-03
2548,4.88,5.9,124.8,0.1,0.4,1.4,2020-06-03
2548,5.9,7.09,79.62,0.05,0.27,0.87,2020-06-03
2548,7.09,8.48,50.55,0.03,0.17,0.56,2020-06-03
2548,8.48,11.0,28.82,0.02,0.08,0.32,2020-06-03
2548,11.0,16.6,11.91,0.01,0.03,0.13,2020-06-03
2548,16.6,22.8,4.413,0.003,0.011,0.051,2020-06-03
2548,22.8,41.9,1.255,0.001,0.002,0.015,2020-06-03
2552,1.0,1.92,1444.0,1.0,1.0,28.0,2020-09-19
2552,1.92,2.97,681.2,0.3,0.7,8.2,2020-09-19
2552,2.97,4.02,334.0,0.2,0.4,3.6,2020-09-19
2552,4.02,4.88,195.0,0.1,0.3,2.0,2020-09-19
2552,4.88,5.9,125.2,0.1,0.2,1.3,2020-09-19
2552,5.9,7.09,79.77,0.06,0.11,0.83,2020-09-19
2552,7.09,8.48,50.69,0.04,0.07,0.53,2020-09-19
2552,8.48,11.0,28.85,0.02,0.03,0.31,2020-09-19
2552,11.0,16.6,11.95,0.01,0.01,0.13,2020-09-19
2552,16.6,22.8,4.426,0.004,0.005,0.051,2020-09-19
2552,22.8,41.9,1.257,0.001,0.001,0.015,2020-09-19
2553,1.0,1.92,1386.0,1.0,1.0,27.0,2020-10-16
2553,1.92,2.97,660.1,0.3,0.6,7.9,2020-10-16
2553,2.97,4.02,325.6,0.1,0.3,3.5,2020-10-16
2553,4.02,4.88,190.9,0.1,0.2,2.0,2020-10-16
2553,4.88,5.9,123.0,0.1,0.2,1.3,2020-10-16
2553,5.9,7.09,78.52,0.04,0.1,0.82,2020-10-16
2553,7.09,8.48,50.01,0.03,0.06,0.53,2020-10-16
2553,8.48,11.0,28.58,0.02,0.03,0.3,2020-10-16
2553,11.0,16.6,11.85,0.01,0.01,0.13,2020-10-16
2553,16.6,22.8,4.4,0.003,0.004,0.05,2020-10-16
2553,22.8,41.9,1.251,0.001,0.001,0.015,2020-10-16
2554,1.0,1.92,1410.0,1.0,2.0,27.0,2020-11-12
2554,1.92,2.97,666.9,0.3,0.9,8.0,2020-11-12
2554,2.97,4.02,328.2,0.1,0.5,3.5,2020-11-12
2554,4.02,4.88,192.2,0.1,0.4,2.0,2020-11-12
2554,4.88,5.9,123.8,0.1,0.2,1.3,2020-11-12
2554,5.9,7.09,78.99,0.04,0.15,0.83,2020-11-12
2554,7.09,8.48,50.33,0.03,0.09,0.53,2020-11-12
2554,8.48,11.0,28.74,0.02,0.04,0.31,2020-11-12
2554,11.0,16.6,11.89,0.01,0.01,0.13,2020-11-12
2554,16.6,22.8,4.415,0.003,0.006,0.051,2020-11-12
2554,22.8,41.9,1.254,0.001,0.001,0.015,2020-11-12
2555,1.0,1.92,1366.0,1.0,1.0,26.0,2020-12-09
2555,1.92,2.97,652.8,0.2,0.7,7.8,2020-12-09
2555,2.97,4.02,323.5,0.1,0.4,3.5,2020-12-09
2555,4.02,4.88,190.2,0.1,0.3,2.0,2020-12-09
2555,4.88,5.9,122.6,0.1,0.2,1.3,2020-12-09
2555,5.9,7.09,78.53,0.04,0.12,0.82,2020-12-09
2555,7.09,8.48,49.97,0.03,0.07,0.53,2020-12-09
2555,8.48,11.0,28.62,0.02,0.03,0.31,2020-12-09
2555,11.0,16.6,11.86,0.01,0.01,0.13,2020-12-09
2555,16.6,22.8,4.399,0.003,0.005,0.05,2020-12-09
2555,22.8,41.9,1.252,0.001,0.001,0.015,2020-12-09
2556,1.0,1.92,1362.0,1.0,2.0,26.0,2021-01-05
2556,1.92,2.97,652.6,0.2,1.0,7.9,2021-01-05
2556,2.97,4.02,323.2,0.1,0.6,3.5,2021-01-05
2556,4.02,4.88,189.9,0.1,0.4,2.0,2021-01-05
2556,4.88,5.9,122.4,0.1,0.3,1.3,2021-01-05
2556,5.9,7.09,78.28,0.04,0.17,0.83,2021-01-05
2556,7.09,8.48,49.86,0.03,0.11,0.53,2021-01-05
2556,8.48,11.0,28.53,0.01,0.05,0.31,2021-01-05
2556,11.0,16.6,11.82,0.01,0.02,0.13,2021-01-05
2556,16.6,22.8,4.392,0.003,0.007,0.051,2021-01-05
2556,22.8,41.9,1.251,0.001,0.001,0.015,2021-01-05
2557,1.0,1.92,1352.0,1.0,1.0,26.0,2021-02-01
2557,1.92,2.97,649.1,0.2,0.7,7.8,2021-02-01
2557,2.97,4.02,322.0,0.1,0.4,3.4,2021-02-01
2557,4.02,4.88,189.5,0.1,0.3,2.0,2021-02-01
2557,4.88,5.9,122.3,0.1,0.2,1.3,2021-02-01
2557,5.9,7.09,78.26,0.04,0.12,0.82,2021-02-01
2557,7.09,8.48,49.93,0.03,0.08,0.53,2021-02-01
2557,8.48,11.0,28.56,0.01,0.04,0.31,2021-02-01
2557,11.0,16.6,11.84,0.01,0.01,0.13,2021-02-01
2557,16.6,22.8,4.398,0.003,0.005,0.05,2021-02-01
2557,22.8,41.9,1.252,0.001,0.001,0.015,2021-02-01
2558,1.0,1.92,1338.0,1.0,1.0,26.0,2021-02-28
2558,1.92,2.97,643.2,0.3,0.6,7.7,2021-02-28
2558,2.97,4.02,319.2,0.1,0.3,3.4,2021-02-28
2558,4.02,4.88,188.1,0.1,0.2,2.0,2021-02-28
2558,4.88,5.9,121.3,0.1,0.2,1.3,2021-02-28
2558,5.9,7.09,77.65,0.04,0.1,0.81,2021-02-28
2558,7.09,8.48,49.53,0.03,0.06,0.52,2021-02-28
2558,8.48,11.0,28.36,0.02,0.03,0.3,2021-02-28
2558,11.0,16.6,11.77,0.01,0.01,0.13,2021-02-28
2558,16.6,22.8,4.378,0.003,0.004,0.05,2021-02-28
2558,22.8,41.9,1.247,0.001,0.001,0.015,2021-02-28
2559,1.0,1.92,1346.0,1.0,1.0,26.0,2021-03-27
2559,1.92,2.97,648.1,0.3,0.7,7.8,2021-03-27
2559,2.97,4.02,321.6,0.1,0.4,3.4,2021-03-27
2559,4.02,4.88,189.2,0.1,0.3,2.0,2021-03-27
2559,4.88,5.9,121.9,0.1,0.2,1.3,2021-03-27
2559,5.9,7.09,77.97,0.04,0.11,0.81,2021-03-27
2559,7.09,8.48,49.71,0.03,0.07,0.52,2021-03-27
2559,8.48,11.0,28.47,0.02,0.03,0.3,2021-03-27
2559,11.0,16.6,11.8,0.01,0.01,0.13,2021-03-27
2559,16.6,22.8,4.381,0.003,0.005,0.05,2021-03-27
2559,22.8,41.9,1.248,0.001,0.001,0.015,2021-03-27
2560,1.0,1.92,1337.0,1.0,1.0,26.0,2021-04-23
2560,1.92,2.97,648.6,0.3,0.7,7.8,2021-04-23
2560,2.97,4.02,321.8,0.1,0.4,3.4,2021-04-23
2560,4.02,4.88,189.4,0.1,0.3,2.0,2021-04-23
2560,4.88,5.9,122.2,0.1,0.2,1.3,2021-04-23
2560,5.9,7.09,78.18,0.04,0.12,0.82,2021-04-23
2560,7.09,8.48,49.82,0.03,0.08,0.53,2021-04-23
2560,8.48,11.0,28.46,0.02,0.04,0.3,2021-04-23
2560,11.0,16.6,11.8,0.01,0.01,0.13,2021-04-23
2560,16.6,22.8,4.385,0.003,0.005,0.05,2021-04-23
2560,22.8,41.9,1.249,0.001,0.001,0.015,2021-04-23
2561,1.0,1.92,1377.0,1.0,2.0,27.0,2021-05-20
2561,1.92,2.97,663.3,0.3,1.1,8.0,2021-05-20
2561,2.97,4.02,327.4,0.2,0.6,3.5,2021-05-20
2561,4.02,4.88,192.1,0.1,0.4,2.0,2021-05-20
2561,4.88,5.9,123.5,0.1,0.3,1.3,2021-05-20
2561,5.9,7.09,78.96,0.05,0.18,0.84,2021-05-20
2561,7.09,8.48,50.17,0.03,0.11,0.54,2021-05-20
2561,8.48,11.0,28.69,0.02,0.05,0.31,2021-05-20
2561,11.0,16.6,11.85,0.01,0.02,0.13,2021-05-20
2561,16.6,22.8,4.389,0.003,0.007,0.051,2021-05-20
2561,22.8,41.9,1.252,0.001,0.002,0.015,2021-05-20
2562,1.0,1.92,1366.0,1.0,2.0,26.0,2021-06-16
2562,1.92,2.97,658.0,0.3,1.1,7.9,2021-06-16
2562,2.97,4.02,325.6,0.2,0.6,3.5,2021-06-16
2562,4.02,4.88,191.4,0.1,0.4,2.0,2021-06-16
2562,4.88,5.9,123.3,0.1,0.3,1.3,2021-06-16
2562,5.9,7.09,78.78,0.05,0.18,0.84,2021-06-16
2562,7.09,8.48,50.19,0.03,0.12,0.54,2021-06-16
2562,8.48,11.0,28.69,0.02,0.05,0.31,2021-06-16
2562,11.0,16.6,11.88,0.01,0.02,0.13,2021-06-16
2562,16.6,22.8,4.412,0.003,0.007,0.051,2021-06-16
2562,22.8,41.9,1.252,0.001,0.002,0.015,2021-06-16
2563,1.0,1.92,1364.0,1.0,2.0,26.0,2021-07-13
2563,1.92,2.97,652.8,0.3,1.1,7.9,2021-07-13
2563,2.97,4.02,322.9,0.2,0.6,3.5,2021-07-13
2563,4.02,4.88,189.8,0.1,0.5,2.0,2021-07-13
2563,4.88,5.9,122.3,0.1,0.3,1.3,2021-07-13
2563,5.9,7.09,78.18,0.06,0.19,0.83,2021-07-13
2563,7.09,8.48,49.81,0.04,0.12,0.53,2021-07-13
2563,8.48,11.0,28.47,0.02,0.06,0.31,2021-07-13
2563,11.0,16.6,11.81,0.01,0.02,0.13,2021-07-13
2563,16.6,22.8,4.388,0.004,0.008,0.051,2021-07-13
2563,22.8,41.9,1.25,0.001,0.002,0.015,2021-07-13
2564,1.0,1.92,1370.0,1.0,2.0,27.0,2021-08-09
2564,1.92,2.97,657.7,0.3,1.2,8.0,2021-08-09
2564,2.97,4.02,325.1,0.1,0.7,3.5,2021-08-09
2564,4.02,4.88,190.9,0.1,0.5,2.0,2021-08-09
2564,4.88,5.9,122.9,0.1,0.3,1.3,2021-08-09
2564,5.9,7.09,78.57,0.05,0.2,0.84,2021-08-09
2564,7.09,8.48,50.08,0.03,0.12,0.54,2021-08-09
2564,8.48,11.0,28.59,0.02,0.06,0.31,2021-08-09
2564,11.0,16.6,11.84,0.01,0.02,0.13,2021-08-09
2564,16.6,22.8,4.409,0.003,0.008,0.051,2021-08-09
2564,22.8,41.9,1.252,0.001,0.002,0.015,2021-08-09
2565,1.0,1.92,1399.0,1.0,2.0,27.0,2021-09-05
2565,1.92,2.97,664.4,0.3,1.2,8.0,2021-09-05
2565,2.97,4.02,327.5,0.1,0.7,3.6,2021-09-05
2565,4.02,4.88,192.1,0.1,0.5,2.1,2021-09-05
2565,4.88,5.9,123.6,0.1,0.3,1.3,2021-09-05
2565,5.9,7.09,79.06,0.05,0.21,0.84,2021-09-05
2565,7.09,8.48,50.38,0.03,0.13,0.54,2021-09-05
2565,8.48,11.0,28.76,0.02,0.06,0.31,2021-09-05
2565,11.0,16.6,11.91,0.01,0.02,0.13,2021-09-05
2565,16.6,22.8,4.42,0.003,0.008,0.051,2021-09-05
2565,22.8,41.9,1.257,0.001,0.002,0.015,2021-09-05
2566,1.0,1.92,1342.0,1.0,2.0,26.0,2021-10-02
2566,1.92,2.97,647.7,0.3,1.1,7.8,2021-10-02
2566,2.97,4.02,321.5,0.2,0.6,3.5,2021-10-02
2566,4.02,4.88,189.3,0.1,0.4,2.0,2021-10-02
2566,4.88,5.9,121.9,0.1,0.3,1.3,2021-10-02
2566,5.9,7.09,78.17,0.06,0.17,0.83,2021-10-02
2566,7.09,8.48,49.78,0.04,0.11,0.53,2021-10-02
2566,8.48,11.0,28.52,0.02,0.05,0.31,2021-10-02
2566,11.0,16.6,11.84,0.01,0.02,0.13,2021-10-02
2566,16.6,22.8,4.4,0.004,0.007,0.051,2021-10-02
2566,22.8,41.9,1.249,0.001,0.002,0.015,2021-10-02
2567,1.0,1.92,1251.0,1.0,2.0,24.0,2021-10-29
2567,1.92,2.97,616.5,0.3,1.0,7.4,2021-10-29
2567,2.97,4.02,310.1,0.2,0.5,3.3,2021-10-29
2567,4.02,4.88,183.3,0.1,0.4,1.9,2021-10-29
2567,4.88,5.9,118.9,0.1,0.3,1.2,2021-10-29
2567,5.9,7.09,76.4,0.05,0.16,0.81,2021-10-29
2567,7.09,8.48,48.89,0.04,0.1,0.52,2021-10-29
2567,8.48,11.0,28.11,0.02,0.05,0.3,2021-10-29
2567,11.0,16.6,11.71,0.01,0.02,0.13,2021-10-29
2567,16.6,22.8,4.364,0.003,0.006,0.05,2021-10-29
2567,22.8,41.9,1.245,0.001,0.001,0.015,2021-10-29
2568,1.0,1.92,1302.0,1.0,1.0,25.0,2021-11-25
2568,1.92,2.97,636.2,0.2,0.7,7.6,2021-11-25
2568,2.97,4.02,317.7,0.1,0.4,3.4,2021-11-25
2568,4.02,4.88,187.4,0.1,0.3,2.0,2021-11-25
2568,4.88,5.9,121.1,0.1,0.2,1.3,2021-11-25
2568,5.9,7.09,77.52,0.04,0.12,0.81,2021-11-25
2568,7.09,8.48,49.5,0.03,0.07,0.52,2021-11-25
2568,8.48,11.0,28.32,0.02,0.03,0.3,2021-11-25
2568,11.0,16.6,11.76,0.01,0.01,0.13,2021-11-25
2568,16.6,22.8,4.363,0.003,0.005,0.05,2021-11-25
2568,22.8,41.9,1.248,0.001,0.001,0.015,2021-11-25
2569,1.0,1.92,1330.0,1.0,2.0,26.0,2021-12-22
2569,1.92,2.97,644.2,0.2,1.1,7.8,2021-12-22
2569,2.97,4.02,320.2,0.1,0.6,3.5,2021-12-22
2569,4.02,4.88,188.6,0.1,0.4,2.0,2021-12-22
2569,4.88,5.9,121.7,0.1,0.3,1.3,2021-12-22
2569,5.9,7.09,77.98,0.04,0.18,0.83,2021-12-22
2569,7.09,8.48,49.66,0.03,0.12,0.53,2021-12-22
2569,8.48,11.0,28.43,0.01,0.05,0.31,2021-12-22
2569,11.0,16.6,11.78,0.01,0.02,0.13,2021-12-22
2569,16.6,22.8,4.367,0.003,0.007,0.05,2021-12-22
2569,22.8,41.9,1.246,0.001,0.002,0.015,2021-12-22
2570,1.0,1.92,1307.0,0.0,2.0,25.0,2022-01-18
2570,1.92,2.97,633.8,0.2,0.9,7.6,2022-01-18
2570,2.97,4.02,316.2,0.1,0.5,3.4,2022-01-18
2570,4.02,4.88,186.5,0.1,0.4,2.0,2022-01-18
2570,4.88,5.9,120.6,0.1,0.2,1.3,2022-01-18
2570,5.9,7.09,77.23,0.04,0.16,0.81,2022-01-18
2570,7.09,8.48,49.32,0.03,0.1,0.52,2022-01-18
2570,8.48,11.0,28.25,0.01,0.05,0.3,2022-01-18
2570,11.0,16.6,11.73,0.01,0.02,0.13,2022-01-18
2570,16.6,22.8,4.363,0.003,0.006,0.05,2022-01-18
2570,22.8,41.9,1.244,0.001,0.001,0.015,2022-01-18
2571,1.0,1.92,1262.0,1.0,2.0,24.0,2022-02-14
2571,1.92,2.97,619.4,0.2,0.8,7.4,2022-02-14
2571,2.97,4.02,310.8,0.1,0.5,3.3,2022-02-14
2571,4.02,4.88,183.9,0.1,0.3,1.9,2022-02-14
2571,4.88,5.9,119.1,0.1,0.2,1.2,2022-02-14
2571,5.9,7.09,76.41,0.04,0.13,0.8,2022-02-14
2571,7.09,8.48,48.86,0.03,0.09,0.52,2022-02-14
2571,8.48,11.0,28.01,0.01,0.04,0.3,2022-02-14
2571,11.0,16.6,11.65,0.01,0.01,0.13,2022-02-14
2571,16.6,22.8,4.341,0.003,0.005,0.05,2022-02-14
2571,22.8,41.9,1.243,0.001,0.001,0.015,2022-02-14
2572,1.0,1.92,1240.0,1.0,2.0,24.0,2022-03-13
2572,1.92,2.97,612.4,0.2,0.9,7.4,2022-03-13
2572,2.97,4.02,308.6,0.1,0.5,3.3,2022-03-13
2572,4.02,4.88,182.8,0.1,0.4,1.9,2022-03-13
2572,4.88,5.9,118.5,0.1,0.2,1.2,2022-03-13
2572,5.9,7.09,76.17,0.04,0.15,0.8,2022-03-13
2572,7.09,8.48,48.67,0.03,0.1,0.52,2022-03-13
2572,8.48,11.0,27.98,0.01,0.05,0.3,2022-03-13
2572,11.0,16.6,11.64,0.01,0.01,0.13,2022-03-13
2572,16.6,22.8,4.328,0.003,0.006,0.05,2022-03-13
2572,22.8,41.9,1.238,0.001,0.001,0.015,2022-03-13
2573,1.0,1.92,1172.0,0.0,2.0,23.0,2022-04-09
2573,1.92,2.97,592.0,0.2,0.9,7.1,2022-04-09
2573,2.97,4.02,301.6,0.1,0.5,3.3,2022-04-09
2573,4.02,4.88,179.7,0.1,0.4,1.9,2022-04-09
2573,4.88,5.9,117.0,0.1,0.2,1.2,2022-04-09
2573,5.9,7.09,75.42,0.04,0.16,0.8,2022-04-09
2573,7.09,8.48,48.29,0.03,0.1,0.51,2022-04-09
2573,8.48,11.0,27.81,0.01,0.05,0.3,2022-04-09
2573,11.0,16.6,11.61,0.01,0.02,0.13,2022-04-09
2573,16.6,22.8,4.334,0.003,0.007,0.05,2022-04-09
2573,22.8,41.9,1.242,0.001,0.001,0.015,2022-04-09
2574,1.0,1.92,1130.0,0.0,2.0,22.0,2022-05-06
2574,1.92,2.97,573.0,0.2,1.3,7.0,2022-05-06
2574,2.97,4.02,293.5,0.1,0.7,3.2,2022-05-06
2574,4.02,4.88,175.8,0.1,0.5,1.9,2022-05-06
2574,4.88,5.9,114.7,0.1,0.3,1.2,2022-05-06
2574,5.9,7.09,74.1,0.04,0.22,0.8,2022-05-06
2574,7.09,8.48,47.67,0.02,0.14,0.52,2022-05-06
2574,8.48,11.0,27.46,0.01,0.07,0.3,2022-05-06
2574,11.0,16.6,11.51,0.01,0.02,0.13,2022-05-06
2574,16.6,22.8,4.306,0.002,0.009,0.05,2022-05-06
2574,22.8,41.9,1.234,0.001,0.002,0.015,2022-05-06
2575,1.0,1.92,1038.0,0.0,2.0,20.0,2022-06-02
2575,1.92,2.97,541.6,0.2,0.8,6.5,2022-06-02
2575,2.97,4.02,282.6,0.1,0.5,3.0,2022-06-02
2575,4.02,4.88,171.0,0.1,0.4,1.8,2022-06-02
2575,4.88,5.9,112.4,0.1,0.2,1.2,2022-06-02
2575,5.9,7.09,72.99,0.04,0.15,0.77,2022-06-02
2575,7.09,8.48,47.02,0.02,0.1,0.5,2022-06-02
2575,8.48,11.0,27.18,0.01,0.05,0.29,2022-06-02
2575,11.0,16.6,11.4,0.01,0.02,0.13,2022-06-02
2575,16.6,22.8,4.273,0.002,0.006,0.049,2022-06-02
2575,22.8,41.9,1.226,0.001,0.001,0.014,2022-06-02
