bartels_rotation_number,rigidity_min GV,rigidity_max GV,proton_flux m^-2sr^-1s^-1GV^-1,proton_flux_error_statistical m^-2sr^-1s^-1GV^-1,proton_flux_error_timedependent m^-2sr^-1s^-1GV^-1,proton_flux_error_systematic_total m^-2sr^-1s^-1GV^-1
2426,1.00,1.92,8.443E+2,0.005E+2,0.018E+2,0.162E+2
2426,1.92,2.97,4.820E+2,0.003E+2,0.008E+2,0.058E+2
2426,2.97,4.02,2.628E+2,0.002E+2,0.005E+2,0.028E+2
2426,4.02,4.88,1.622E+2,0.001E+2,0.004E+2,0.017E+2
2426,4.88,5.90,1.078E+2,0.001E+2,0.003E+2,0.011E+2
2426,5.90,7.09,7.061E+1,0.005E+1,0.017E+1,0.075E+1
2426,7.09,8.48,4.602E+1,0.003E+1,0.011E+1,0.049E+1
2426,8.48,11.00,2.686E+1,0.002E+1,0.005E+1,0.029E+1
2426,11.00,16.60,1.139E+1,0.001E+1,0.002E+1,0.013E+1
2426,16.60,22.80,4.306E+0,0.004E+0,0.007E+0,0.050E+0
2426,22.80,41.90,1.240E+0,0.001E+0,0.002E+0,0.015E+0
2427,1.00,1.92,7.758E+2,0.003E+2,0.025E+2,0.150E+2
2427,1.92,2.97,4.538E+2,0.002E+2,0.013E+2,0.056E+2
2427,2.97,4.02,2.501E+2,0.001E+2,0.008E+2,0.028E+2
2427,4.02,4.88,1.557E+2,0.001E+2,0.006E+2,0.017E+2
2427,4.88,5.90,1.041E+2,0.001E+2,0.004E+2,0.011E+2
2427,5.90,7.09,6.859E+1,0.004E+1,0.025E+1,0.075E+1
2427,7.09,8.48,4.490E+1,0.003E+1,0.016E+1,0.050E+1
2427,8.48,11.00,2.632E+1,0.001E+1,0.008E+1,0.029E+1
2427,11.00,16.60,1.125E+1,0.001E+1,0.003E+1,0.013E+1
2427,16.60,22.80,4.263E+0,0.003E+0,0.011E+0,0.050E+0
2427,22.80,41.90,1.234E+0,0.001E+0,0.002E+0,0.015E+0
2428,1.00,1.92,7.943E+2,0.003E+2,0.030E+2,0.154E+2
2428,1.92,2.97,4.695E+2,0.002E+2,0.013E+2,0.058E+2
2428,2.97,4.02,2.594E+2,0.001E+2,0.007E+2,0.028E+2
2428,4.02,4.88,1.617E+2,0.001E+2,0.005E+2,0.017E+2
2428,4.88,5.90,1.078E+2,0.001E+2,0.003E+2,0.012E+2
2428,5.90,7.09,7.093E+1,0.004E+1,0.021E+1,0.076E+1
2428,7.09,8.48,4.629E+1,0.003E+1,0.014E+1,0.050E+1
2428,8.48,11.00,2.704E+1,0.001E+1,0.007E+1,0.029E+1
2428,11.00,16.60,1.148E+1,0.001E+1,0.002E+1,0.013E+1
2428,16.60,22.80,4.332E+0,0.003E+0,0.009E+0,0.050E+0
2428,22.80,41.90,1.250E+0,0.001E+0,0.002E+0,0.015E+0
2429,1.00,1.92,7.930E+2,0.003E+2,0.033E+2,0.154E+2
2429,1.92,2.97,4.691E+2,0.002E+2,0.016E+2,0.058E+2
2429,2.97,4.02,2.600E+2,0.001E+2,0.009E+2,0.029E+2
2429,4.02,4.88,1.618E+2,0.001E+2,0.007E+2,0.018E+2
2429,4.88,5.90,1.081E+2,0.001E+2,0.004E+2,0.012E+2
2429,5.90,7.09,7.112E+1,0.004E+1,0.029E+1,0.079E+1
2429,7.09,8.48,4.647E+1,0.002E+1,0.019E+1,0.052E+1
2429,8.48,11.00,2.715E+1,0.001E+1,0.009E+1,0.030E+1
2429,11.00,16.60,1.152E+1,0.001E+1,0.003E+1,0.013E+1
2429,16.60,22.80,4.364E+0,0.002E+0,0.013E+0,0.051E+0
2429,22.80,41.90,1.257E+0,0.001E+0,0.003E+0,0.015E+0
2430,1.00,1.92,8.050E+2,0.003E+2,0.031E+2,0.156E+2
2430,1.92,2.97,4.740E+2,0.002E+2,0.014E+2,0.058E+2
2430,2.97,4.02,2.617E+2,0.001E+2,0.007E+2,0.029E+2
2430,4.02,4.88,1.629E+2,0.001E+2,0.005E+2,0.018E+2
2430,4.88,5.90,1.088E+2,0.001E+2,0.004E+2,0.012E+2
2430,5.90,7.09,7.147E+1,0.003E+1,0.023E+1,0.078E+1
2430,7.09,8.48,4.658E+1,0.002E+1,0.015E+1,0.051E+1
2430,8.48,11.00,2.722E+1,0.001E+1,0.007E+1,0.030E+1
2430,11.00,16.60,1.158E+1,0.001E+1,0.002E+1,0.013E+1
2430,16.60,22.80,4.373E+0,0.002E+0,0.010E+0,0.051E+0
2430,22.80,41.90,1.257E+0,0.001E+0,0.002E+0,0.015E+0
2431,1.00,1.92,7.237E+2,0.003E+2,0.026E+2,0.139E+2
2431,1.92,2.97,4.410E+2,0.002E+2,0.011E+2,0.054E+2
2431,2.97,4.02,2.484E+2,0.001E+2,0.006E+2,0.027E+2
2431,4.02,4.88,1.560E+2,0.001E+2,0.004E+2,0.017E+2
2431,4.88,5.90,1.048E+2,0.000E+2,0.003E+2,0.011E+2
2431,5.90,7.09,6.928E+1,0.003E+1,0.018E+1,0.074E+1
2431,7.09,8.48,4.543E+1,0.002E+1,0.012E+1,0.049E+1
2431,8.48,11.00,2.668E+1,0.001E+1,0.006E+1,0.029E+1
2431,11.00,16.60,1.139E+1,0.001E+1,0.002E+1,0.013E+1
2431,16.60,22.80,4.325E+0,0.002E+0,0.008E+0,0.050E+0
2431,22.80,41.90,1.252E+0,0.001E+0,0.002E+0,0.015E+0
2432,1.00,1.92,7.769E+2,0.003E+2,0.029E+2,0.150E+2
2432,1.92,2.97,4.652E+2,0.002E+2,0.013E+2,0.057E+2
2432,2.97,4.02,2.583E+2,0.001E+2,0.007E+2,0.028E+2
2432,4.02,4.88,1.610E+2,0.001E+2,0.005E+2,0.017E+2
2432,4.88,5.90,1.077E+2,0.001E+2,0.003E+2,0.012E+2
2432,5.90,7.09,7.089E+1,0.003E+1,0.022E+1,0.077E+1
2432,7.09,8.48,4.627E+1,0.002E+1,0.014E+1,0.050E+1
2432,8.48,11.00,2.702E+1,0.001E+1,0.007E+1,0.029E+1
2432,11.00,16.60,1.150E+1,0.001E+1,0.002E+1,0.013E+1
2432,16.60,22.80,4.352E+0,0.002E+0,0.009E+0,0.050E+0
2432,22.80,41.90,1.253E+0,0.001E+0,0.002E+0,0.015E+0
2433,1.00,1.92,8.081E+2,0.003E+2,0.027E+2,0.155E+2
2433,1.92,2.97,4.845E+2,0.002E+2,0.011E+2,0.059E+2
2433,2.97,4.02,2.677E+2,0.001E+2,0.005E+2,0.029E+2
2433,4.02,4.88,1.658E+2,0.001E+2,0.004E+2,0.018E+2
2433,4.88,5.90,1.105E+2,0.001E+2,0.002E+2,0.012E+2
2433,5.90,7.09,7.244E+1,0.004E+1,0.016E+1,0.077E+1
2433,7.09,8.48,4.706E+1,0.002E+1,0.010E+1,0.050E+1
2433,8.48,11.00,2.746E+1,0.001E+1,0.005E+1,0.030E+1
2433,11.00,16.60,1.161E+1,0.001E+1,0.002E+1,0.013E+1
2433,16.60,22.80,4.379E+0,0.002E+0,0.006E+0,0.050E+0
2433,22.80,41.90,1.257E+0,0.001E+0,0.001E+0,0.015E+0
2434,1.00,1.92,8.189E+2,0.003E+2,0.027E+2,0.157E+2
2434,1.92,2.97,4.875E+2,0.002E+2,0.011E+2,0.059E+2
2434,2.97,4.02,2.686E+2,0.001E+2,0.005E+2,0.029E+2
2434,4.02,4.88,1.663E+2,0.001E+2,0.003E+2,0.018E+2
2434,4.88,5.90,1.107E+2,0.001E+2,0.002E+2,0.012E+2
2434,5.90,7.09,7.265E+1,0.004E+1,0.014E+1,0.077E+1
2434,7.09,8.48,4.724E+1,0.002E+1,0.009E+1,0.050E+1
2434,8.48,11.00,2.754E+1,0.001E+1,0.004E+1,0.030E+1
2434,11.00,16.60,1.165E+1,0.001E+1,0.001E+1,0.013E+1
2434,16.60,22.80,4.378E+0,0.002E+0,0.006E+0,0.050E+0
2434,22.80,41.90,1.253E+0,0.001E+0,0.001E+0,0.015E+0
2435,1.00,1.92,7.874E+2,0.003E+2,0.026E+2,0.152E+2
2435,1.92,2.97,4.677E+2,0.002E+2,0.010E+2,0.057E+2
2435,2.97,4.02,2.590E+2,0.001E+2,0.005E+2,0.028E+2
2435,4.02,4.88,1.611E+2,0.001E+2,0.003E+2,0.017E+2
2435,4.88,5.90,1.074E+2,0.001E+2,0.002E+2,0.011E+2
2435,5.90,7.09,7.058E+1,0.003E+1,0.013E+1,0.074E+1
2435,7.09,8.48,4.604E+1,0.002E+1,0.009E+1,0.049E+1
2435,8.48,11.00,2.690E+1,0.001E+1,0.004E+1,0.029E+1
2435,11.00,16.60,1.143E+1,0.001E+1,0.001E+1,0.013E+1
2435,16.60,22.80,4.324E+0,0.002E+0,0.005E+0,0.050E+0
2435,22.80,41.90,1.245E+0,0.001E+0,0.001E+0,0.015E+0
2436,1.00,1.92,7.720E+2,0.003E+2,0.026E+2,0.149E+2
2436,1.92,2.97,4.603E+2,0.002E+2,0.010E+2,0.056E+2
2436,2.97,4.02,2.557E+2,0.001E+2,0.005E+2,0.028E+2
2436,4.02,4.88,1.591E+2,0.001E+2,0.003E+2,0.017E+2
2436,4.88,5.90,1.062E+2,0.001E+2,0.002E+2,0.011E+2
2436,5.90,7.09,6.998E+1,0.003E+1,0.014E+1,0.074E+1
2436,7.09,8.48,4.567E+1,0.002E+1,0.009E+1,0.048E+1
2436,8.48,11.00,2.677E+1,0.001E+1,0.004E+1,0.029E+1
2436,11.00,16.60,1.139E+1,0.000E+1,0.001E+1,0.013E+1
2436,16.60,22.80,4.318E+0,0.002E+0,0.006E+0,0.050E+0
2436,22.80,41.90,1.245E+0,0.001E+0,0.001E+0,0.015E+0
2437,1.00,1.92,6.304E+2,0.003E+2,0.021E+2,0.121E+2
2437,1.92,2.97,3.924E+2,0.002E+2,0.008E+2,0.048E+2
2437,2.97,4.02,2.259E+2,0.001E+2,0.004E+2,0.024E+2
2437,4.02,4.88,1.443E+2,0.001E+2,0.003E+2,0.015E+2
2437,4.88,5.90,9.803E+1,0.005E+1,0.020E+1,0.103E+1
2437,5.90,7.09,6.533E+1,0.003E+1,0.013E+1,0.069E+1
2437,7.09,8.48,4.315E+1,0.002E+1,0.009E+1,0.046E+1
2437,8.48,11.00,2.560E+1,0.001E+1,0.004E+1,0.027E+1
2437,11.00,16.60,1.106E+1,0.000E+1,0.001E+1,0.012E+1
2437,16.60,22.80,4.233E+0,0.002E+0,0.006E+0,0.049E+0
2437,22.80,41.90,1.235E+0,0.001E+0,0.001E+0,0.015E+0
2438,1.00,1.92,7.093E+2,0.003E+2,0.025E+2,0.136E+2
2438,1.92,2.97,4.442E+2,0.002E+2,0.010E+2,0.054E+2
2438,2.97,4.02,2.529E+2,0.001E+2,0.006E+2,0.027E+2
2438,4.02,4.88,1.591E+2,0.001E+2,0.004E+2,0.017E+2
2438,4.88,5.90,1.070E+2,0.001E+2,0.003E+2,0.011E+2
2438,5.90,7.09,7.067E+1,0.003E+1,0.018E+1,0.075E+1
2438,7.09,8.48,4.622E+1,0.002E+1,0.012E+1,0.050E+1
2438,8.48,11.00,2.707E+1,0.001E+1,0.006E+1,0.029E+1
2438,11.00,16.60,1.150E+1,0.001E+1,0.002E+1,0.013E+1
2438,16.60,22.80,4.343E+0,0.002E+0,0.008E+0,0.050E+0
2438,22.80,41.90,1.250E+0,0.001E+0,0.002E+0,0.015E+0
2439,1.00,1.92,7.450E+2,0.003E+2,0.026E+2,0.143E+2
2439,1.92,2.97,4.565E+2,0.002E+2,0.010E+2,0.055E+2
2439,2.97,4.02,2.575E+2,0.001E+2,0.005E+2,0.028E+2
2439,4.02,4.88,1.614E+2,0.001E+2,0.004E+2,0.017E+2
2439,4.88,5.90,1.083E+2,0.001E+2,0.002E+2,0.011E+2
2439,5.90,7.09,7.135E+1,0.003E+1,0.016E+1,0.076E+1
2439,7.09,8.48,4.648E+1,0.002E+1,0.011E+1,0.050E+1
2439,8.48,11.00,2.719E+1,0.001E+1,0.005E+1,0.029E+1
2439,11.00,16.60,1.152E+1,0.001E+1,0.002E+1,0.013E+1
2439,16.60,22.80,4.342E+0,0.002E+0,0.007E+0,0.050E+0
2439,22.80,41.90,1.250E+0,0.001E+0,0.001E+0,0.015E+0
2440,1.00,1.92,6.927E+2,0.003E+2,0.024E+2,0.133E+2
2440,1.92,2.97,4.299E+2,0.002E+2,0.009E+2,0.052E+2
2440,2.97,4.02,2.450E+2,0.001E+2,0.005E+2,0.026E+2
2440,4.02,4.88,1.547E+2,0.001E+2,0.003E+2,0.016E+2
2440,4.88,5.90,1.041E+2,0.001E+2,0.002E+2,0.011E+2
2440,5.90,7.09,6.894E+1,0.003E+1,0.015E+1,0.073E+1
2440,7.09,8.48,4.522E+1,0.002E+1,0.010E+1,0.048E+1
2440,8.48,11.00,2.659E+1,0.001E+1,0.005E+1,0.029E+1
2440,11.00,16.60,1.135E+1,0.001E+1,0.002E+1,0.013E+1
2440,16.60,22.80,4.296E+0,0.002E+0,0.006E+0,0.049E+0
2440,22.80,41.90,1.241E+0,0.001E+0,0.001E+0,0.015E+0
2441,1.00,1.92,6.741E+2,0.003E+2,0.027E+2,0.130E+2
2441,1.92,2.97,4.203E+2,0.002E+2,0.013E+2,0.052E+2
2441,2.97,4.02,2.402E+2,0.001E+2,0.007E+2,0.027E+2
2441,4.02,4.88,1.517E+2,0.001E+2,0.006E+2,0.017E+2
2441,4.88,5.90,1.024E+2,0.000E+2,0.004E+2,0.011E+2
2441,5.90,7.09,6.787E+1,0.003E+1,0.025E+1,0.074E+1
2441,7.09,8.48,4.454E+1,0.002E+1,0.016E+1,0.049E+1
2441,8.48,11.00,2.617E+1,0.001E+1,0.008E+1,0.029E+1
2441,11.00,16.60,1.121E+1,0.000E+1,0.003E+1,0.013E+1
2441,16.60,22.80,4.267E+0,0.002E+0,0.011E+0,0.050E+0
2441,22.80,41.90,1.236E+0,0.001E+0,0.002E+0,0.015E+0
2442,1.00,1.92,5.699E+2,0.003E+2,0.020E+2,0.109E+2
2442,1.92,2.97,3.677E+2,0.001E+2,0.007E+2,0.044E+2
2442,2.97,4.02,2.164E+2,0.001E+2,0.004E+2,0.023E+2
2442,4.02,4.88,1.399E+2,0.001E+2,0.003E+2,0.015E+2
2442,4.88,5.90,9.578E+1,0.005E+1,0.017E+1,0.100E+1
2442,5.90,7.09,6.438E+1,0.003E+1,0.012E+1,0.068E+1
2442,7.09,8.48,4.275E+1,0.002E+1,0.008E+1,0.045E+1
2442,8.48,11.00,2.547E+1,0.001E+1,0.004E+1,0.027E+1
2442,11.00,16.60,1.103E+1,0.000E+1,0.001E+1,0.012E+1
2442,16.60,22.80,4.229E+0,0.002E+0,0.005E+0,0.048E+0
2442,22.80,41.90,1.230E+0,0.001E+0,0.001E+0,0.014E+0
2443,1.00,1.92,5.542E+2,0.003E+2,0.022E+2,0.106E+2
2443,1.92,2.97,3.701E+2,0.001E+2,0.010E+2,0.045E+2
2443,2.97,4.02,2.219E+2,0.001E+2,0.006E+2,0.024E+2
2443,4.02,4.88,1.444E+2,0.001E+2,0.005E+2,0.016E+2
2443,4.88,5.90,9.894E+1,0.005E+1,0.035E+1,0.107E+1
2443,5.90,7.09,6.649E+1,0.003E+1,0.023E+1,0.073E+1
2443,7.09,8.48,4.410E+1,0.002E+1,0.015E+1,0.049E+1
2443,8.48,11.00,2.615E+1,0.001E+1,0.007E+1,0.029E+1
2443,11.00,16.60,1.126E+1,0.000E+1,0.003E+1,0.013E+1
2443,16.60,22.80,4.297E+0,0.002E+0,0.011E+0,0.050E+0
2443,22.80,41.90,1.244E+0,0.001E+0,0.002E+0,0.015E+0
2444,1.00,1.92,5.831E+2,0.003E+2,0.021E+2,0.111E+2
2444,1.92,2.97,3.910E+2,0.002E+2,0.009E+2,0.047E+2
2444,2.97,4.02,2.333E+2,0.001E+2,0.005E+2,0.025E+2
2444,4.02,4.88,1.505E+2,0.001E+2,0.004E+2,0.016E+2
2444,4.88,5.90,1.024E+2,0.000E+2,0.003E+2,0.011E+2
2444,5.90,7.09,6.847E+1,0.003E+1,0.018E+1,0.073E+1
2444,7.09,8.48,4.513E+1,0.002E+1,0.012E+1,0.049E+1
2444,8.48,11.00,2.661E+1,0.001E+1,0.006E+1,0.029E+1
2444,11.00,16.60,1.139E+1,0.000E+1,0.002E+1,0.013E+1
2444,16.60,22.80,4.313E+0,0.002E+0,0.008E+0,0.050E+0
2444,22.80,41.90,1.246E+0,0.001E+0,0.002E+0,0.015E+0
2445,1.00,1.92,5.544E+2,0.003E+2,0.023E+2,0.107E+2
2445,1.92,2.97,3.785E+2,0.002E+2,0.012E+2,0.047E+2
2445,2.97,4.02,2.275E+2,0.001E+2,0.008E+2,0.025E+2
2445,4.02,4.88,1.474E+2,0.001E+2,0.006E+2,0.016E+2
2445,4.88,5.90,1.007E+2,0.001E+2,0.004E+2,0.011E+2
2445,5.90,7.09,6.747E+1,0.003E+1,0.027E+1,0.075E+1
2445,7.09,8.48,4.461E+1,0.002E+1,0.018E+1,0.050E+1
2445,8.48,11.00,2.637E+1,0.001E+1,0.009E+1,0.029E+1
2445,11.00,16.60,1.132E+1,0.001E+1,0.003E+1,0.013E+1
2445,16.60,22.80,4.299E+0,0.002E+0,0.012E+0,0.051E+0
2445,22.80,41.90,1.240E+0,0.001E+0,0.003E+0,0.015E+0
2446,1.00,1.92,5.557E+2,0.003E+2,0.020E+2,0.106E+2
2446,1.92,2.97,3.815E+2,0.001E+2,0.007E+2,0.046E+2
2446,2.97,4.02,2.294E+2,0.001E+2,0.004E+2,0.025E+2
2446,4.02,4.88,1.487E+2,0.001E+2,0.003E+2,0.016E+2
2446,4.88,5.90,1.014E+2,0.000E+2,0.002E+2,0.011E+2
2446,5.90,7.09,6.777E+1,0.003E+1,0.013E+1,0.071E+1
2446,7.09,8.48,4.479E+1,0.002E+1,0.008E+1,0.047E+1
2446,8.48,11.00,2.647E+1,0.001E+1,0.004E+1,0.028E+1
2446,11.00,16.60,1.134E+1,0.000E+1,0.001E+1,0.013E+1
2446,16.60,22.80,4.303E+0,0.002E+0,0.006E+0,0.049E+0
2446,22.80,41.90,1.245E+0,0.001E+0,0.001E+0,0.015E+0
2447,1.00,1.92,5.611E+2,0.002E+2,0.020E+2,0.107E+2
2447,1.92,2.97,3.902E+2,0.001E+2,0.007E+2,0.047E+2
2447,2.97,4.02,2.348E+2,0.001E+2,0.004E+2,0.025E+2
2447,4.02,4.88,1.517E+2,0.001E+2,0.003E+2,0.016E+2
2447,4.88,5.90,1.032E+2,0.000E+2,0.002E+2,0.011E+2
2447,5.90,7.09,6.885E+1,0.003E+1,0.013E+1,0.072E+1
2447,7.09,8.48,4.533E+1,0.002E+1,0.009E+1,0.048E+1
2447,8.48,11.00,2.671E+1,0.001E+1,0.004E+1,0.029E+1
2447,11.00,16.60,1.141E+1,0.000E+1,0.001E+1,0.013E+1
2447,16.60,22.80,4.321E+0,0.002E+0,0.006E+0,0.050E+0
2447,22.80,41.90,1.247E+0,0.001E+0,0.001E+0,0.015E+0
2448,1.00,1.92,5.929E+2,0.003E+2,0.022E+2,0.113E+2
2448,1.92,2.97,4.068E+2,0.002E+2,0.008E+2,0.049E+2
2448,2.97,4.02,2.421E+2,0.001E+2,0.004E+2,0.026E+2
2448,4.02,4.88,1.556E+2,0.001E+2,0.003E+2,0.016E+2
2448,4.88,5.90,1.056E+2,0.000E+2,0.002E+2,0.011E+2
2448,5.90,7.09,7.023E+1,0.003E+1,0.014E+1,0.074E+1
2448,7.09,8.48,4.606E+1,0.002E+1,0.009E+1,0.049E+1
2448,8.48,11.00,2.707E+1,0.001E+1,0.004E+1,0.029E+1
2448,11.00,16.60,1.151E+1,0.001E+1,0.001E+1,0.013E+1
2448,16.60,22.80,4.343E+0,0.002E+0,0.006E+0,0.050E+0
2448,22.80,41.90,1.250E+0,0.001E+0,0.001E+0,0.015E+0
2449,1.00,1.92,6.171E+2,0.003E+2,0.024E+2,0.118E+2
2449,1.92,2.97,4.188E+2,0.002E+2,0.008E+2,0.050E+2
2449,2.97,4.02,2.470E+2,0.001E+2,0.004E+2,0.027E+2
2449,4.02,4.88,1.577E+2,0.001E+2,0.003E+2,0.017E+2
2449,4.88,5.90,1.063E+2,0.000E+2,0.002E+2,0.011E+2
2449,5.90,7.09,7.047E+1,0.003E+1,0.013E+1,0.074E+1
2449,7.09,8.48,4.611E+1,0.002E+1,0.008E+1,0.049E+1
2449,8.48,11.00,2.701E+1,0.001E+1,0.004E+1,0.029E+1
2449,11.00,16.60,1.148E+1,0.001E+1,0.001E+1,0.013E+1
2449,16.60,22.80,4.330E+0,0.002E+0,0.005E+0,0.050E+0
2449,22.80,41.90,1.248E+0,0.001E+0,0.001E+0,0.015E+0
2450,1.00,1.92,6.219E+2,0.003E+2,0.025E+2,0.119E+2
2450,1.92,2.97,4.156E+2,0.002E+2,0.008E+2,0.050E+2
2450,2.97,4.02,2.433E+2,0.001E+2,0.004E+2,0.026E+2
2450,4.02,4.88,1.548E+2,0.001E+2,0.003E+2,0.016E+2
2450,4.88,5.90,1.045E+2,0.000E+2,0.002E+2,0.011E+2
2450,5.90,7.09,6.932E+1,0.003E+1,0.013E+1,0.073E+1
2450,7.09,8.48,4.544E+1,0.002E+1,0.009E+1,0.048E+1
2450,8.48,11.00,2.670E+1,0.001E+1,0.004E+1,0.029E+1
2450,11.00,16.60,1.138E+1,0.000E+1,0.001E+1,0.013E+1
2450,16.60,22.80,4.310E+0,0.002E+0,0.006E+0,0.049E+0
2450,22.80,41.90,1.246E+0,0.001E+0,0.001E+0,0.015E+0
2451,1.00,1.92,5.855E+2,0.003E+2,0.023E+2,0.112E+2
2451,1.92,2.97,3.966E+2,0.002E+2,0.007E+2,0.048E+2
2451,2.97,4.02,2.350E+2,0.001E+2,0.003E+2,0.025E+2
2451,4.02,4.88,1.506E+2,0.001E+2,0.002E+2,0.016E+2
2451,4.88,5.90,1.023E+2,0.000E+2,0.002E+2,0.011E+2
2451,5.90,7.09,6.819E+1,0.003E+1,0.011E+1,0.071E+1
2451,7.09,8.48,4.487E+1,0.002E+1,0.007E+1,0.047E+1
2451,8.48,11.00,2.648E+1,0.001E+1,0.003E+1,0.028E+1
2451,11.00,16.60,1.133E+1,0.001E+1,0.001E+1,0.012E+1
2451,16.60,22.80,4.300E+0,0.002E+0,0.005E+0,0.049E+0
2451,22.80,41.90,1.243E+0,0.001E+0,0.001E+0,0.015E+0
2452,1.00,1.92,5.844E+2,0.003E+2,0.024E+2,0.112E+2
2452,1.92,2.97,3.936E+2,0.002E+2,0.008E+2,0.048E+2
2452,2.97,4.02,2.330E+2,0.001E+2,0.004E+2,0.025E+2
2452,4.02,4.88,1.496E+2,0.001E+2,0.003E+2,0.016E+2
2452,4.88,5.90,1.018E+2,0.000E+2,0.002E+2,0.011E+2
2452,5.90,7.09,6.781E+1,0.003E+1,0.013E+1,0.071E+1
2452,7.09,8.48,4.461E+1,0.002E+1,0.008E+1,0.047E+1
2452,8.48,11.00,2.627E+1,0.001E+1,0.004E+1,0.028E+1
2452,11.00,16.60,1.124E+1,0.000E+1,0.001E+1,0.012E+1
2452,16.60,22.80,4.276E+0,0.002E+0,0.006E+0,0.049E+0
2452,22.80,41.90,1.237E+0,0.001E+0,0.001E+0,0.015E+0
2453,1.00,1.92,4.906E+2,0.002E+2,0.021E+2,0.094E+2
2453,1.92,2.97,3.368E+2,0.001E+2,0.006E+2,0.041E+2
2453,2.97,4.02,2.053E+2,0.001E+2,0.003E+2,0.022E+2
2453,4.02,4.88,1.347E+2,0.001E+2,0.002E+2,0.014E+2
2453,4.88,5.90,9.300E+1,0.005E+1,0.015E+1,0.097E+1
2453,5.90,7.09,6.286E+1,0.003E+1,0.010E+1,0.066E+1
2453,7.09,8.48,4.197E+1,0.002E+1,0.007E+1,0.044E+1
2453,8.48,11.00,2.514E+1,0.001E+1,0.003E+1,0.027E+1
2453,11.00,16.60,1.095E+1,0.000E+1,0.001E+1,0.012E+1
2453,16.60,22.80,4.225E+0,0.002E+0,0.005E+0,0.048E+0
2453,22.80,41.90,1.235E+0,0.001E+0,0.001E+0,0.015E+0
2454,1.00,1.92,4.757E+2,0.002E+2,0.024E+2,0.092E+2
2454,1.92,2.97,3.386E+2,0.001E+2,0.012E+2,0.042E+2
2454,2.97,4.02,2.098E+2,0.001E+2,0.008E+2,0.024E+2
2454,4.02,4.88,1.387E+2,0.001E+2,0.006E+2,0.016E+2
2454,4.88,5.90,9.578E+1,0.005E+1,0.045E+1,0.108E+1
2454,5.90,7.09,6.478E+1,0.003E+1,0.030E+1,0.074E+1
2454,7.09,8.48,4.316E+1,0.002E+1,0.020E+1,0.049E+1
2454,8.48,11.00,2.571E+1,0.001E+1,0.010E+1,0.029E+1
2454,11.00,16.60,1.114E+1,0.000E+1,0.003E+1,0.013E+1
2454,16.60,22.80,4.270E+0,0.002E+0,0.014E+0,0.051E+0
2454,22.80,41.90,1.239E+0,0.001E+0,0.003E+0,0.015E+0
2455,1.00,1.92,4.745E+2,0.002E+2,0.021E+2,0.091E+2
2455,1.92,2.97,3.422E+2,0.001E+2,0.007E+2,0.041E+2
2455,2.97,4.02,2.128E+2,0.001E+2,0.004E+2,0.023E+2
2455,4.02,4.88,1.405E+2,0.001E+2,0.003E+2,0.015E+2
2455,4.88,5.90,9.717E+1,0.005E+1,0.021E+1,0.102E+1
2455,5.90,7.09,6.572E+1,0.003E+1,0.014E+1,0.069E+1
2455,7.09,8.48,4.376E+1,0.002E+1,0.009E+1,0.047E+1
2455,8.48,11.00,2.600E+1,0.001E+1,0.004E+1,0.028E+1
2455,11.00,16.60,1.119E+1,0.000E+1,0.002E+1,0.012E+1
2455,16.60,22.80,4.273E+0,0.002E+0,0.006E+0,0.049E+0
2455,22.80,41.90,1.240E+0,0.001E+0,0.001E+0,0.015E+0
2456,1.00,1.92,4.697E+2,0.002E+2,0.023E+2,0.090E+2
2456,1.92,2.97,3.422E+2,0.001E+2,0.009E+2,0.042E+2
2456,2.97,4.02,2.140E+2,0.001E+2,0.006E+2,0.024E+2
2456,4.02,4.88,1.415E+2,0.001E+2,0.005E+2,0.015E+2
2456,4.88,5.90,9.784E+1,0.005E+1,0.032E+1,0.105E+1
2456,5.90,7.09,6.618E+1,0.003E+1,0.021E+1,0.072E+1
2456,7.09,8.48,4.400E+1,0.002E+1,0.014E+1,0.048E+1
2456,8.48,11.00,2.614E+1,0.001E+1,0.007E+1,0.029E+1
2456,11.00,16.60,1.127E+1,0.000E+1,0.002E+1,0.013E+1
2456,16.60,22.80,4.307E+0,0.002E+0,0.010E+0,0.050E+0
2456,22.80,41.90,1.245E+0,0.001E+0,0.002E+0,0.015E+0
2457,1.00,1.92,4.371E+2,0.002E+2,0.020E+2,0.084E+2
2457,1.92,2.97,3.287E+2,0.001E+2,0.008E+2,0.040E+2
2457,2.97,4.02,2.099E+2,0.001E+2,0.004E+2,0.023E+2
2457,4.02,4.88,1.403E+2,0.001E+2,0.003E+2,0.015E+2
2457,4.88,5.90,9.759E+1,0.005E+1,0.023E+1,0.103E+1
2457,5.90,7.09,6.632E+1,0.003E+1,0.015E+1,0.070E+1
2457,7.09,8.48,4.421E+1,0.002E+1,0.010E+1,0.047E+1
2457,8.48,11.00,2.632E+1,0.001E+1,0.005E+1,0.028E+1
2457,11.00,16.60,1.135E+1,0.001E+1,0.002E+1,0.013E+1
2457,16.60,22.80,4.330E+0,0.003E+0,0.007E+0,0.050E+0
2457,22.80,41.90,1.253E+0,0.001E+0,0.002E+0,0.015E+0
2458,1.00,1.92,4.472E+2,0.002E+2,0.021E+2,0.086E+2
2458,1.92,2.97,3.401E+2,0.001E+2,0.008E+2,0.041E+2
2458,2.97,4.02,2.180E+2,0.001E+2,0.005E+2,0.024E+2
2458,4.02,4.88,1.455E+2,0.001E+2,0.004E+2,0.016E+2
2458,4.88,5.90,1.011E+2,0.000E+2,0.003E+2,0.011E+2
2458,5.90,7.09,6.817E+1,0.003E+1,0.017E+1,0.073E+1
2458,7.09,8.48,4.523E+1,0.002E+1,0.011E+1,0.049E+1
2458,8.48,11.00,2.684E+1,0.001E+1,0.005E+1,0.029E+1
2458,11.00,16.60,1.149E+1,0.001E+1,0.002E+1,0.013E+1
2458,16.60,22.80,4.359E+0,0.002E+0,0.008E+0,0.050E+0
2458,22.80,41.90,1.256E+0,0.001E+0,0.002E+0,0.015E+0
2459,1.00,1.92,4.431E+2,0.002E+2,0.021E+2,0.085E+2
2459,1.92,2.97,3.397E+2,0.001E+2,0.007E+2,0.041E+2
2459,2.97,4.02,2.176E+2,0.001E+2,0.004E+2,0.023E+2
2459,4.02,4.88,1.451E+2,0.001E+2,0.003E+2,0.015E+2
2459,4.88,5.90,1.004E+2,0.001E+2,0.002E+2,0.010E+2
2459,5.90,7.09,6.770E+1,0.004E+1,0.013E+1,0.071E+1
2459,7.09,8.48,4.491E+1,0.003E+1,0.009E+1,0.048E+1
2459,8.48,11.00,2.661E+1,0.001E+1,0.004E+1,0.029E+1
2459,11.00,16.60,1.143E+1,0.001E+1,0.001E+1,0.013E+1
2459,16.60,22.80,4.346E+0,0.003E+0,0.006E+0,0.050E+0
2459,22.80,41.90,1.254E+0,0.001E+0,0.001E+0,0.015E+0
2460,1.00,1.92,4.315E+2,0.002E+2,0.021E+2,0.083E+2
2460,1.92,2.97,3.356E+2,0.001E+2,0.008E+2,0.041E+2
2460,2.97,4.02,2.149E+2,0.001E+2,0.005E+2,0.023E+2
2460,4.02,4.88,1.432E+2,0.001E+2,0.003E+2,0.015E+2
2460,4.88,5.90,9.930E+1,0.005E+1,0.024E+1,0.105E+1
2460,5.90,7.09,6.712E+1,0.003E+1,0.016E+1,0.071E+1
2460,7.09,8.48,4.460E+1,0.002E+1,0.011E+1,0.048E+1
2460,8.48,11.00,2.647E+1,0.001E+1,0.005E+1,0.029E+1
2460,11.00,16.60,1.138E+1,0.000E+1,0.002E+1,0.013E+1
2460,16.60,22.80,4.332E+0,0.002E+0,0.007E+0,0.050E+0
2460,22.80,41.90,1.250E+0,0.001E+0,0.002E+0,0.015E+0
2461,1.00,1.92,4.272E+2,0.002E+2,0.023E+2,0.082E+2
2461,1.92,2.97,3.323E+2,0.001E+2,0.010E+2,0.041E+2
2461,2.97,4.02,2.141E+2,0.001E+2,0.006E+2,0.024E+2
2461,4.02,4.88,1.427E+2,0.001E+2,0.005E+2,0.016E+2
2461,4.88,5.90,9.894E+1,0.005E+1,0.035E+1,0.108E+1
2461,5.90,7.09,6.675E+1,0.003E+1,0.024E+1,0.073E+1
2461,7.09,8.48,4.439E+1,0.002E+1,0.016E+1,0.049E+1
2461,8.48,11.00,2.633E+1,0.001E+1,0.008E+1,0.029E+1
2461,11.00,16.60,1.133E+1,0.000E+1,0.003E+1,0.013E+1
2461,16.60,22.80,4.308E+0,0.002E+0,0.011E+0,0.050E+0
2461,22.80,41.90,1.244E+0,0.001E+0,0.002E+0,0.015E+0
2462,1.00,1.92,4.269E+2,0.002E+2,0.022E+2,0.082E+2
2462,1.92,2.97,3.376E+2,0.001E+2,0.009E+2,0.041E+2
2462,2.97,4.02,2.160E+2,0.001E+2,0.006E+2,0.024E+2
2462,4.02,4.88,1.432E+2,0.001E+2,0.004E+2,0.015E+2
2462,4.88,5.90,9.898E+1,0.005E+1,0.030E+1,0.106E+1
2462,5.90,7.09,6.672E+1,0.003E+1,0.020E+1,0.072E+1
2462,7.09,8.48,4.428E+1,0.002E+1,0.014E+1,0.048E+1
2462,8.48,11.00,2.626E+1,0.001E+1,0.007E+1,0.029E+1
2462,11.00,16.60,1.128E+1,0.000E+1,0.002E+1,0.013E+1
2462,16.60,22.80,4.285E+0,0.002E+0,0.009E+0,0.050E+0
2462,22.80,41.90,1.240E+0,0.001E+0,0.002E+0,0.015E+0
2463,1.00,1.92,4.080E+2,0.002E+2,0.021E+2,0.079E+2
2463,1.92,2.97,3.128E+2,0.001E+2,0.008E+2,0.038E+2
2463,2.97,4.02,2.003E+2,0.001E+2,0.004E+2,0.022E+2
2463,4.02,4.88,1.337E+2,0.001E+2,0.003E+2,0.014E+2
2463,4.88,5.90,9.317E+1,0.005E+1,0.023E+1,0.098E+1
2463,5.90,7.09,6.327E+1,0.003E+1,0.015E+1,0.067E+1
2463,7.09,8.48,4.235E+1,0.002E+1,0.010E+1,0.045E+1
2463,8.48,11.00,2.534E+1,0.001E+1,0.005E+1,0.027E+1
2463,11.00,16.60,1.102E+1,0.000E+1,0.002E+1,0.012E+1
2463,16.60,22.80,4.238E+0,0.002E+0,0.007E+0,0.049E+0
2463,22.80,41.90,1.230E+0,0.001E+0,0.002E+0,0.015E+0
2464,1.00,1.92,4.099E+2,0.002E+2,0.022E+2,0.079E+2
2464,1.92,2.97,3.232E+2,0.001E+2,0.008E+2,0.039E+2
2464,2.97,4.02,2.078E+2,0.001E+2,0.005E+2,0.023E+2
2464,4.02,4.88,1.389E+2,0.001E+2,0.004E+2,0.015E+2
2464,4.88,5.90,9.667E+1,0.005E+1,0.025E+1,0.102E+1
2464,5.90,7.09,6.556E+1,0.003E+1,0.017E+1,0.070E+1
2464,7.09,8.48,4.378E+1,0.002E+1,0.011E+1,0.047E+1
2464,8.48,11.00,2.609E+1,0.001E+1,0.006E+1,0.028E+1
2464,11.00,16.60,1.127E+1,0.000E+1,0.002E+1,0.013E+1
2464,16.60,22.80,4.301E+0,0.002E+0,0.008E+0,0.050E+0
2464,22.80,41.90,1.244E+0,0.001E+0,0.002E+0,0.015E+0
2465,1.00,1.92,4.209E+2,0.002E+2,0.023E+2,0.081E+2
2465,1.92,2.97,3.282E+2,0.001E+2,0.009E+2,0.040E+2
2465,2.97,4.02,2.095E+2,0.001E+2,0.005E+2,0.023E+2
2465,4.02,4.88,1.394E+2,0.001E+2,0.004E+2,0.015E+2
2465,4.88,5.90,9.678E+1,0.005E+1,0.027E+1,0.103E+1
2465,5.90,7.09,6.553E+1,0.003E+1,0.018E+1,0.070E+1
2465,7.09,8.48,4.362E+1,0.002E+1,0.012E+1,0.047E+1
2465,8.48,11.00,2.596E+1,0.001E+1,0.006E+1,0.028E+1
2465,11.00,16.60,1.121E+1,0.000E+1,0.002E+1,0.012E+1
2465,16.60,22.80,4.280E+0,0.002E+0,0.008E+0,0.050E+0
2465,22.80,41.90,1.239E+0,0.001E+0,0.002E+0,0.015E+0
2466,1.00,1.92,4.531E+2,0.002E+2,0.025E+2,0.088E+2
2466,1.92,2.97,3.499E+2,0.001E+2,0.010E+2,0.043E+2
2466,2.97,4.02,2.210E+2,0.001E+2,0.006E+2,0.024E+2
2466,4.02,4.88,1.460E+2,0.001E+2,0.004E+2,0.016E+2
2466,4.88,5.90,1.008E+2,0.000E+2,0.003E+2,0.011E+2
2466,5.90,7.09,6.782E+1,0.003E+1,0.020E+1,0.073E+1
2466,7.09,8.48,4.486E+1,0.002E+1,0.013E+1,0.049E+1
2466,8.48,11.00,2.653E+1,0.001E+1,0.006E+1,0.029E+1
2466,11.00,16.60,1.136E+1,0.000E+1,0.002E+1,0.013E+1
2466,16.60,22.80,4.304E+0,0.002E+0,0.009E+0,0.050E+0
2466,22.80,41.90,1.242E+0,0.001E+0,0.002E+0,0.015E+0
2467,1.00,1.92,4.498E+2,0.002E+2,0.026E+2,0.087E+2
2467,1.92,2.97,3.433E+2,0.001E+2,0.012E+2,0.043E+2
2467,2.97,4.02,2.159E+2,0.001E+2,0.008E+2,0.024E+2
2467,4.02,4.88,1.427E+2,0.001E+2,0.006E+2,0.016E+2
2467,4.88,5.90,9.833E+1,0.005E+1,0.042E+1,0.109E+1
2467,5.90,7.09,6.625E+1,0.003E+1,0.029E+1,0.074E+1
2467,7.09,8.48,4.393E+1,0.002E+1,0.019E+1,0.050E+1
2467,8.48,11.00,2.606E+1,0.001E+1,0.009E+1,0.029E+1
2467,11.00,16.60,1.120E+1,0.000E+1,0.003E+1,0.013E+1
2467,16.60,22.80,4.261E+0,0.002E+0,0.013E+0,0.050E+0
2467,22.80,41.90,1.235E+0,0.001E+0,0.003E+0,0.015E+0
2468,1.00,1.92,4.315E+2,0.002E+2,0.023E+2,0.083E+2
2468,1.92,2.97,3.302E+2,0.001E+2,0.008E+2,0.040E+2
2468,2.97,4.02,2.095E+2,0.001E+2,0.004E+2,0.023E+2
2468,4.02,4.88,1.391E+2,0.001E+2,0.003E+2,0.015E+2
2468,4.88,5.90,9.649E+1,0.005E+1,0.023E+1,0.102E+1
2468,5.90,7.09,6.538E+1,0.003E+1,0.016E+1,0.069E+1
2468,7.09,8.48,4.351E+1,0.002E+1,0.010E+1,0.047E+1
2468,8.48,11.00,2.590E+1,0.001E+1,0.005E+1,0.028E+1
2468,11.00,16.60,1.118E+1,0.000E+1,0.002E+1,0.012E+1
2468,16.60,22.80,4.269E+0,0.002E+0,0.007E+0,0.049E+0
2468,22.80,41.90,1.234E+0,0.001E+0,0.002E+0,0.015E+0
2469,1.00,1.92,4.716E+2,0.002E+2,0.025E+2,0.091E+2
2469,1.92,2.97,3.581E+2,0.001E+2,0.010E+2,0.044E+2
2469,2.97,4.02,2.235E+2,0.001E+2,0.006E+2,0.025E+2
2469,4.02,4.88,1.470E+2,0.001E+2,0.005E+2,0.016E+2
2469,4.88,5.90,1.011E+2,0.000E+2,0.003E+2,0.011E+2
2469,5.90,7.09,6.794E+1,0.003E+1,0.021E+1,0.073E+1
2469,7.09,8.48,4.496E+1,0.002E+1,0.014E+1,0.049E+1
2469,8.48,11.00,2.660E+1,0.001E+1,0.007E+1,0.029E+1
2469,11.00,16.60,1.137E+1,0.000E+1,0.002E+1,0.013E+1
2469,16.60,22.80,4.297E+0,0.002E+0,0.009E+0,0.050E+0
2469,22.80,41.90,1.237E+0,0.001E+0,0.002E+0,0.015E+0
2470,1.00,1.92,5.318E+2,0.002E+2,0.028E+2,0.103E+2
2470,1.92,2.97,3.797E+2,0.001E+2,0.009E+2,0.046E+2
2470,2.97,4.02,2.314E+2,0.001E+2,0.005E+2,0.025E+2
2470,4.02,4.88,1.502E+2,0.001E+2,0.004E+2,0.016E+2
2470,4.88,5.90,1.024E+2,0.000E+2,0.002E+2,0.011E+2
2470,5.90,7.09,6.843E+1,0.003E+1,0.017E+1,0.073E+1
2470,7.09,8.48,4.504E+1,0.002E+1,0.011E+1,0.048E+1
2470,8.48,11.00,2.650E+1,0.001E+1,0.005E+1,0.029E+1
2470,11.00,16.60,1.129E+1,0.000E+1,0.002E+1,0.013E+1
2470,16.60,22.80,4.276E+0,0.002E+0,0.007E+0,0.049E+0
2470,22.80,41.90,1.232E+0,0.001E+0,0.002E+0,0.015E+0
2471,1.00,1.92,5.223E+2,0.003E+2,0.027E+2,0.101E+2
2471,1.92,2.97,3.772E+2,0.002E+2,0.011E+2,0.046E+2
2471,2.97,4.02,2.290E+2,0.001E+2,0.006E+2,0.025E+2
2471,4.02,4.88,1.481E+2,0.001E+2,0.005E+2,0.016E+2
2471,4.88,5.90,1.008E+2,0.001E+2,0.003E+2,0.011E+2
2471,5.90,7.09,6.712E+1,0.004E+1,0.021E+1,0.073E+1
2471,7.09,8.48,4.414E+1,0.003E+1,0.014E+1,0.048E+1
2471,8.48,11.00,2.600E+1,0.001E+1,0.007E+1,0.028E+1
2471,11.00,16.60,1.111E+1,0.001E+1,0.002E+1,0.012E+1
2471,16.60,22.80,4.213E+0,0.003E+0,0.009E+0,0.049E+0
2471,22.80,41.90,1.223E+0,0.001E+0,0.002E+0,0.014E+0
2474,1.00,1.92,5.488E+2,0.002E+2,0.026E+2,0.106E+2
2474,1.92,2.97,3.711E+2,0.001E+2,0.007E+2,0.045E+2
2474,2.97,4.02,2.191E+2,0.001E+2,0.003E+2,0.024E+2
2474,4.02,4.88,1.406E+2,0.001E+2,0.002E+2,0.015E+2
2474,4.88,5.90,9.562E+1,0.005E+1,0.015E+1,0.099E+1
2474,5.90,7.09,6.392E+1,0.003E+1,0.010E+1,0.067E+1
2474,7.09,8.48,4.221E+1,0.002E+1,0.006E+1,0.045E+1
2474,8.48,11.00,2.501E+1,0.001E+1,0.003E+1,0.027E+1
2474,11.00,16.60,1.079E+1,0.000E+1,0.001E+1,0.012E+1
2474,16.60,22.80,4.138E+0,0.002E+0,0.004E+0,0.047E+0
2474,22.80,41.90,1.204E+0,0.001E+0,0.001E+0,0.014E+0
2475,1.00,1.92,5.366E+2,0.003E+2,0.025E+2,0.103E+2
2475,1.92,2.97,3.669E+2,0.001E+2,0.007E+2,0.044E+2
2475,2.97,4.02,2.196E+2,0.001E+2,0.004E+2,0.024E+2
2475,4.02,4.88,1.423E+2,0.001E+2,0.003E+2,0.015E+2
2475,4.88,5.90,9.743E+1,0.005E+1,0.017E+1,0.101E+1
2475,5.90,7.09,6.529E+1,0.003E+1,0.012E+1,0.069E+1
2475,7.09,8.48,4.314E+1,0.002E+1,0.008E+1,0.046E+1
2475,8.48,11.00,2.553E+1,0.001E+1,0.004E+1,0.027E+1
2475,11.00,16.60,1.096E+1,0.000E+1,0.001E+1,0.012E+1
2475,16.60,22.80,4.164E+0,0.002E+0,0.005E+0,0.048E+0
2475,22.80,41.90,1.212E+0,0.001E+0,0.001E+0,0.014E+0
2476,1.00,1.92,5.363E+2,0.002E+2,0.024E+2,0.103E+2
2476,1.92,2.97,3.668E+2,0.001E+2,0.007E+2,0.044E+2
2476,2.97,4.02,2.199E+2,0.001E+2,0.003E+2,0.024E+2
2476,4.02,4.88,1.422E+2,0.001E+2,0.002E+2,0.015E+2
2476,4.88,5.90,9.711E+1,0.005E+1,0.015E+1,0.101E+1
2476,5.90,7.09,6.505E+1,0.003E+1,0.010E+1,0.068E+1
2476,7.09,8.48,4.299E+1,0.002E+1,0.007E+1,0.045E+1
2476,8.48,11.00,2.542E+1,0.001E+1,0.003E+1,0.027E+1
2476,11.00,16.60,1.094E+1,0.000E+1,0.001E+1,0.012E+1
2476,16.60,22.80,4.173E+0,0.002E+0,0.004E+0,0.048E+0
2476,22.80,41.90,1.212E+0,0.001E+0,0.001E+0,0.014E+0
2477,1.00,1.92,5.031E+2,0.002E+2,0.022E+2,0.097E+2
2477,1.92,2.97,3.511E+2,0.001E+2,0.006E+2,0.042E+2
2477,2.97,4.02,2.131E+2,0.001E+2,0.003E+2,0.023E+2
2477,4.02,4.88,1.390E+2,0.001E+2,0.002E+2,0.015E+2
2477,4.88,5.90,9.529E+1,0.005E+1,0.014E+1,0.099E+1
2477,5.90,7.09,6.408E+1,0.003E+1,0.010E+1,0.067E+1
2477,7.09,8.48,4.249E+1,0.002E+1,0.006E+1,0.045E+1
2477,8.48,11.00,2.524E+1,0.001E+1,0.003E+1,0.027E+1
2477,11.00,16.60,1.091E+1,0.000E+1,0.001E+1,0.012E+1
2477,16.60,22.80,4.184E+0,0.002E+0,0.004E+0,0.048E+0
2477,22.80,41.90,1.218E+0,0.001E+0,0.001E+0,0.014E+0
2478,1.00,1.92,4.592E+2,0.002E+2,0.019E+2,0.088E+2
2478,1.92,2.97,3.279E+2,0.001E+2,0.006E+2,0.040E+2
2478,2.97,4.02,2.027E+2,0.001E+2,0.003E+2,0.022E+2
2478,4.02,4.88,1.336E+2,0.001E+2,0.002E+2,0.014E+2
2478,4.88,5.90,9.247E+1,0.005E+1,0.016E+1,0.096E+1
2478,5.90,7.09,6.270E+1,0.003E+1,0.011E+1,0.066E+1
2478,7.09,8.48,4.182E+1,0.002E+1,0.007E+1,0.044E+1
2478,8.48,11.00,2.498E+1,0.001E+1,0.003E+1,0.027E+1
2478,11.00,16.60,1.086E+1,0.000E+1,0.001E+1,0.012E+1
2478,16.60,22.80,4.168E+0,0.002E+0,0.005E+0,0.048E+0
2478,22.80,41.90,1.217E+0,0.001E+0,0.001E+0,0.014E+0
2479,1.00,1.92,4.600E+2,0.002E+2,0.019E+2,0.088E+2
2479,1.92,2.97,3.355E+2,0.001E+2,0.007E+2,0.040E+2
2479,2.97,4.02,2.093E+2,0.001E+2,0.003E+2,0.023E+2
2479,4.02,4.88,1.382E+2,0.001E+2,0.003E+2,0.015E+2
2479,4.88,5.90,9.553E+1,0.005E+1,0.018E+1,0.100E+1
2479,5.90,7.09,6.450E+1,0.003E+1,0.012E+1,0.068E+1
2479,7.09,8.48,4.287E+1,0.002E+1,0.008E+1,0.045E+1
2479,8.48,11.00,2.553E+1,0.001E+1,0.004E+1,0.027E+1
2479,11.00,16.60,1.103E+1,0.000E+1,0.001E+1,0.012E+1
2479,16.60,22.80,4.217E+0,0.002E+0,0.005E+0,0.048E+0
2479,22.80,41.90,1.225E+0,0.001E+0,0.001E+0,0.014E+0
2480,1.00,1.92,5.130E+2,0.002E+2,0.021E+2,0.098E+2
2480,1.92,2.97,3.721E+2,0.001E+2,0.007E+2,0.045E+2
2480,2.97,4.02,2.275E+2,0.001E+2,0.004E+2,0.025E+2
2480,4.02,4.88,1.477E+2,0.001E+2,0.003E+2,0.016E+2
2480,4.88,5.90,1.009E+2,0.000E+2,0.002E+2,0.011E+2
2480,5.90,7.09,6.741E+1,0.003E+1,0.013E+1,0.071E+1
2480,7.09,8.48,4.445E+1,0.002E+1,0.009E+1,0.047E+1
2480,8.48,11.00,2.621E+1,0.001E+1,0.004E+1,0.028E+1
2480,11.00,16.60,1.119E+1,0.000E+1,0.001E+1,0.012E+1
2480,16.60,22.80,4.246E+0,0.002E+0,0.006E+0,0.049E+0
2480,22.80,41.90,1.227E+0,0.001E+0,0.001E+0,0.014E+0
2481,1.00,1.92,5.331E+2,0.003E+2,0.021E+2,0.102E+2
2481,1.92,2.97,3.745E+2,0.001E+2,0.008E+2,0.045E+2
2481,2.97,4.02,2.252E+2,0.001E+2,0.004E+2,0.024E+2
2481,4.02,4.88,1.456E+2,0.001E+2,0.003E+2,0.015E+2
2481,4.88,5.90,9.904E+1,0.005E+1,0.021E+1,0.104E+1
2481,5.90,7.09,6.605E+1,0.003E+1,0.014E+1,0.070E+1
2481,7.09,8.48,4.351E+1,0.002E+1,0.009E+1,0.046E+1
2481,8.48,11.00,2.565E+1,0.001E+1,0.004E+1,0.028E+1
2481,11.00,16.60,1.097E+1,0.000E+1,0.001E+1,0.012E+1
2481,16.60,22.80,4.187E+0,0.002E+0,0.006E+0,0.048E+0
2481,22.80,41.90,1.218E+0,0.001E+0,0.001E+0,0.014E+0
2482,1.00,1.92,5.721E+2,0.003E+2,0.022E+2,0.109E+2
2482,1.92,2.97,3.931E+2,0.002E+2,0.008E+2,0.047E+2
2482,2.97,4.02,2.339E+2,0.001E+2,0.004E+2,0.025E+2
2482,4.02,4.88,1.507E+2,0.001E+2,0.003E+2,0.016E+2
2482,4.88,5.90,1.022E+2,0.000E+2,0.002E+2,0.011E+2
2482,5.90,7.09,6.793E+1,0.003E+1,0.014E+1,0.072E+1
2482,7.09,8.48,4.462E+1,0.002E+1,0.009E+1,0.047E+1
2482,8.48,11.00,2.622E+1,0.001E+1,0.004E+1,0.028E+1
2482,11.00,16.60,1.119E+1,0.000E+1,0.001E+1,0.012E+1
2482,16.60,22.80,4.248E+0,0.002E+0,0.006E+0,0.049E+0
2482,22.80,41.90,1.229E+0,0.001E+0,0.001E+0,0.014E+0
2483,1.00,1.92,5.981E+2,0.003E+2,0.024E+2,0.115E+2
2483,1.92,2.97,4.065E+2,0.002E+2,0.009E+2,0.049E+2
2483,2.97,4.02,2.405E+2,0.001E+2,0.005E+2,0.026E+2
2483,4.02,4.88,1.534E+2,0.001E+2,0.004E+2,0.016E+2
2483,4.88,5.90,1.037E+2,0.000E+2,0.003E+2,0.011E+2
2483,5.90,7.09,6.861E+1,0.003E+1,0.018E+1,0.073E+1
2483,7.09,8.48,4.488E+1,0.002E+1,0.012E+1,0.048E+1
2483,8.48,11.00,2.628E+1,0.001E+1,0.006E+1,0.028E+1
2483,11.00,16.60,1.116E+1,0.000E+1,0.002E+1,0.012E+1
2483,16.60,22.80,4.230E+0,0.002E+0,0.008E+0,0.049E+0
2483,22.80,41.90,1.223E+0,0.001E+0,0.002E+0,0.014E+0
2484,1.00,1.92,6.076E+2,0.003E+2,0.025E+2,0.116E+2
2484,1.92,2.97,4.110E+2,0.002E+2,0.007E+2,0.049E+2
2484,2.97,4.02,2.409E+2,0.001E+2,0.004E+2,0.026E+2
2484,4.02,4.88,1.530E+2,0.001E+2,0.003E+2,0.016E+2
2484,4.88,5.90,1.032E+2,0.000E+2,0.002E+2,0.011E+2
2484,5.90,7.09,6.819E+1,0.003E+1,0.012E+1,0.072E+1
2484,7.09,8.48,4.457E+1,0.002E+1,0.008E+1,0.047E+1
2484,8.48,11.00,2.613E+1,0.001E+1,0.004E+1,0.028E+1
2484,11.00,16.60,1.114E+1,0.000E+1,0.001E+1,0.012E+1
2484,16.60,22.80,4.220E+0,0.002E+0,0.005E+0,0.048E+0
2484,22.80,41.90,1.222E+0,0.001E+0,0.001E+0,0.014E+0
2485,1.00,1.92,6.237E+2,0.003E+2,0.024E+2,0.119E+2
2485,1.92,2.97,4.171E+2,0.002E+2,0.007E+2,0.050E+2
2485,2.97,4.02,2.426E+2,0.001E+2,0.004E+2,0.026E+2
2485,4.02,4.88,1.537E+2,0.001E+2,0.003E+2,0.016E+2
2485,4.88,5.90,1.034E+2,0.000E+2,0.002E+2,0.011E+2
2485,5.90,7.09,6.828E+1,0.003E+1,0.011E+1,0.072E+1
2485,7.09,8.48,4.461E+1,0.002E+1,0.007E+1,0.047E+1
2485,8.48,11.00,2.615E+1,0.001E+1,0.003E+1,0.028E+1
2485,11.00,16.60,1.112E+1,0.000E+1,0.001E+1,0.012E+1
2485,16.60,22.80,4.217E+0,0.002E+0,0.004E+0,0.048E+0
2485,22.80,41.90,1.221E+0,0.001E+0,0.001E+0,0.014E+0
2486,1.00,1.92,6.388E+2,0.003E+2,0.024E+2,0.122E+2
2486,1.92,2.97,4.209E+2,0.002E+2,0.006E+2,0.051E+2
2486,2.97,4.02,2.429E+2,0.001E+2,0.003E+2,0.026E+2
2486,4.02,4.88,1.532E+2,0.001E+2,0.002E+2,0.016E+2
2486,4.88,5.90,1.029E+2,0.000E+2,0.002E+2,0.011E+2
2486,5.90,7.09,6.796E+1,0.003E+1,0.010E+1,0.071E+1
2486,7.09,8.48,4.451E+1,0.002E+1,0.007E+1,0.047E+1
2486,8.48,11.00,2.614E+1,0.001E+1,0.003E+1,0.028E+1
2486,11.00,16.60,1.116E+1,0.000E+1,0.001E+1,0.012E+1
2486,16.60,22.80,4.235E+0,0.002E+0,0.004E+0,0.048E+0
2486,22.80,41.90,1.227E+0,0.001E+0,0.001E+0,0.014E+0
2487,1.00,1.92,6.962E+2,0.003E+2,0.026E+2,0.133E+2
2487,1.92,2.97,4.462E+2,0.002E+2,0.007E+2,0.054E+2
2487,2.97,4.02,2.529E+2,0.001E+2,0.004E+2,0.027E+2
2487,4.02,4.88,1.581E+2,0.001E+2,0.003E+2,0.017E+2
2487,4.88,5.90,1.057E+2,0.000E+2,0.002E+2,0.011E+2
2487,5.90,7.09,6.950E+1,0.003E+1,0.012E+1,0.073E+1
2487,7.09,8.48,4.531E+1,0.002E+1,0.008E+1,0.048E+1
2487,8.48,11.00,2.648E+1,0.001E+1,0.004E+1,0.028E+1
2487,11.00,16.60,1.122E+1,0.000E+1,0.001E+1,0.012E+1
2487,16.60,22.80,4.239E+0,0.002E+0,0.005E+0,0.049E+0
2487,22.80,41.90,1.226E+0,0.001E+0,0.001E+0,0.014E+0
2488,1.00,1.92,7.346E+2,0.003E+2,0.026E+2,0.141E+2
2488,1.92,2.97,4.582E+2,0.002E+2,0.006E+2,0.055E+2
2488,2.97,4.02,2.575E+2,0.001E+2,0.003E+2,0.028E+2
2488,4.02,4.88,1.606E+2,0.001E+2,0.002E+2,0.017E+2
2488,4.88,5.90,1.071E+2,0.001E+2,0.002E+2,0.011E+2
2488,5.90,7.09,7.022E+1,0.003E+1,0.010E+1,0.073E+1
2488,7.09,8.48,4.565E+1,0.002E+1,0.006E+1,0.048E+1
2488,8.48,11.00,2.659E+1,0.001E+1,0.003E+1,0.028E+1
2488,11.00,16.60,1.123E+1,0.000E+1,0.001E+1,0.012E+1
2488,16.60,22.80,4.240E+0,0.002E+0,0.004E+0,0.048E+0
2488,22.80,41.90,1.226E+0,0.001E+0,0.001E+0,0.014E+0
2489,1.00,1.92,7.832E+2,0.003E+2,0.027E+2,0.150E+2
2489,1.92,2.97,4.818E+2,0.002E+2,0.007E+2,0.058E+2
2489,2.97,4.02,2.685E+2,0.001E+2,0.004E+2,0.029E+2
2489,4.02,4.88,1.663E+2,0.001E+2,0.003E+2,0.017E+2
2489,4.88,5.90,1.104E+2,0.001E+2,0.002E+2,0.011E+2
2489,5.90,7.09,7.207E+1,0.003E+1,0.011E+1,0.075E+1
2489,7.09,8.48,4.672E+1,0.002E+1,0.007E+1,0.049E+1
2489,8.48,11.00,2.710E+1,0.001E+1,0.003E+1,0.029E+1
2489,11.00,16.60,1.141E+1,0.000E+1,0.001E+1,0.013E+1
2489,16.60,22.80,4.288E+0,0.002E+0,0.004E+0,0.049E+0
2489,22.80,41.90,1.233E+0,0.001E+0,0.001E+0,0.014E+0
2490,1.00,1.92,8.088E+2,0.003E+2,0.027E+2,0.155E+2
2490,1.92,2.97,4.950E+2,0.002E+2,0.007E+2,0.059E+2
2490,2.97,4.02,2.746E+2,0.001E+2,0.004E+2,0.029E+2
2490,4.02,4.88,1.696E+2,0.001E+2,0.003E+2,0.018E+2
2490,4.88,5.90,1.122E+2,0.001E+2,0.002E+2,0.012E+2
2490,5.90,7.09,7.309E+1,0.003E+1,0.011E+1,0.076E+1
2490,7.09,8.48,4.724E+1,0.002E+1,0.007E+1,0.050E+1
2490,8.48,11.00,2.734E+1,0.001E+1,0.003E+1,0.029E+1
2490,11.00,16.60,1.148E+1,0.000E+1,0.001E+1,0.013E+1
2490,16.60,22.80,4.304E+0,0.002E+0,0.004E+0,0.049E+0
2490,22.80,41.90,1.233E+0,0.001E+0,0.001E+0,0.015E+0
2491,1.00,1.92,8.244E+2,0.003E+2,0.027E+2,0.158E+2
2491,1.92,2.97,5.002E+2,0.002E+2,0.007E+2,0.060E+2
2491,2.97,4.02,2.757E+2,0.001E+2,0.004E+2,0.030E+2
2491,4.02,4.88,1.697E+2,0.001E+2,0.003E+2,0.018E+2
2491,4.88,5.90,1.120E+2,0.001E+2,0.002E+2,0.012E+2
2491,5.90,7.09,7.292E+1,0.003E+1,0.011E+1,0.076E+1
2491,7.09,8.48,4.708E+1,0.002E+1,0.007E+1,0.050E+1
2491,8.48,11.00,2.723E+1,0.001E+1,0.003E+1,0.029E+1
2491,11.00,16.60,1.142E+1,0.000E+1,0.001E+1,0.013E+1
2491,16.60,22.80,4.287E+0,0.002E+0,0.004E+0,0.049E+0
2491,22.80,41.90,1.231E+0,0.001E+0,0.001E+0,0.014E+0
2492,1.00,1.92,8.311E+2,0.003E+2,0.026E+2,0.159E+2
2492,1.92,2.97,5.029E+2,0.002E+2,0.007E+2,0.060E+2
2492,2.97,4.02,2.765E+2,0.001E+2,0.004E+2,0.030E+2
2492,4.02,4.88,1.697E+2,0.001E+2,0.003E+2,0.018E+2
2492,4.88,5.90,1.120E+2,0.001E+2,0.002E+2,0.012E+2
2492,5.90,7.09,7.282E+1,0.003E+1,0.012E+1,0.076E+1
2492,7.09,8.48,4.694E+1,0.002E+1,0.008E+1,0.050E+1
2492,8.48,11.00,2.715E+1,0.001E+1,0.004E+1,0.029E+1
2492,11.00,16.60,1.136E+1,0.000E+1,0.001E+1,0.013E+1
2492,16.60,22.80,4.266E+0,0.002E+0,0.005E+0,0.049E+0
2492,22.80,41.90,1.228E+0,0.001E+0,0.001E+0,0.014E+0
2493,1.00,1.92,8.577E+2,0.004E+2,0.026E+2,0.164E+2
2493,1.92,2.97,5.125E+2,0.002E+2,0.008E+2,0.062E+2
2493,2.97,4.02,2.793E+2,0.001E+2,0.004E+2,0.030E+2
2493,4.02,4.88,1.711E+2,0.001E+2,0.003E+2,0.018E+2
2493,4.88,5.90,1.126E+2,0.001E+2,0.002E+2,0.012E+2
2493,5.90,7.09,7.318E+1,0.004E+1,0.013E+1,0.077E+1
2493,7.09,8.48,4.711E+1,0.002E+1,0.008E+1,0.050E+1
2493,8.48,11.00,2.726E+1,0.001E+1,0.004E+1,0.029E+1
2493,11.00,16.60,1.143E+1,0.000E+1,0.001E+1,0.013E+1
2493,16.60,22.80,4.288E+0,0.002E+0,0.005E+0,0.049E+0
2493,22.80,41.90,1.236E+0,0.001E+0,0.001E+0,0.015E+0
2494,1.00,1.92,8.943E+2,0.003E+2,0.031E+2,0.172E+2
2494,1.92,2.97,5.285E+2,0.002E+2,0.013E+2,0.064E+2
2494,2.97,4.02,2.859E+2,0.001E+2,0.008E+2,0.031E+2
2494,4.02,4.88,1.740E+2,0.001E+2,0.006E+2,0.019E+2
2494,4.88,5.90,1.141E+2,0.001E+2,0.004E+2,0.012E+2
2494,5.90,7.09,7.402E+1,0.004E+1,0.024E+1,0.080E+1
2494,7.09,8.48,4.759E+1,0.002E+1,0.015E+1,0.052E+1
2494,8.48,11.00,2.746E+1,0.001E+1,0.007E+1,0.030E+1
2494,11.00,16.60,1.149E+1,0.000E+1,0.002E+1,0.013E+1
2494,16.60,22.80,4.300E+0,0.002E+0,0.010E+0,0.050E+0
2494,22.80,41.90,1.235E+0,0.001E+0,0.002E+0,0.015E+0
2495,1.00,1.92,8.882E+2,0.003E+2,0.024E+2,0.170E+2
2495,1.92,2.97,5.216E+2,0.002E+2,0.007E+2,0.063E+2
2495,2.97,4.02,2.818E+2,0.001E+2,0.004E+2,0.030E+2
2495,4.02,4.88,1.720E+2,0.001E+2,0.003E+2,0.018E+2
2495,4.88,5.90,1.133E+2,0.001E+2,0.002E+2,0.012E+2
2495,5.90,7.09,7.352E+1,0.003E+1,0.010E+1,0.077E+1
2495,7.09,8.48,4.739E+1,0.002E+1,0.007E+1,0.050E+1
2495,8.48,11.00,2.739E+1,0.001E+1,0.003E+1,0.029E+1
2495,11.00,16.60,1.148E+1,0.000E+1,0.001E+1,0.013E+1
2495,16.60,22.80,4.297E+0,0.002E+0,0.004E+0,0.049E+0
2495,22.80,41.90,1.237E+0,0.001E+0,0.001E+0,0.015E+0
2496,1.00,1.92,8.967E+2,0.003E+2,0.025E+2,0.172E+2
2496,1.92,2.97,5.257E+2,0.002E+2,0.009E+2,0.063E+2
2496,2.97,4.02,2.834E+2,0.001E+2,0.005E+2,0.031E+2
2496,4.02,4.88,1.726E+2,0.001E+2,0.004E+2,0.018E+2
2496,4.88,5.90,1.135E+2,0.001E+2,0.003E+2,0.012E+2
2496,5.90,7.09,7.358E+1,0.004E+1,0.016E+1,0.078E+1
2496,7.09,8.48,4.737E+1,0.002E+1,0.010E+1,0.050E+1
2496,8.48,11.00,2.739E+1,0.001E+1,0.005E+1,0.029E+1
2496,11.00,16.60,1.147E+1,0.000E+1,0.002E+1,0.013E+1
2496,16.60,22.80,4.304E+0,0.002E+0,0.007E+0,0.049E+0
2496,22.80,41.90,1.236E+0,0.001E+0,0.001E+0,0.015E+0
2497,1.00,1.92,9.230E+2,0.004E+2,0.023E+2,0.177E+2
2497,1.92,2.97,5.390E+2,0.002E+2,0.007E+2,0.065E+2
2497,2.97,4.02,2.888E+2,0.001E+2,0.004E+2,0.031E+2
2497,4.02,4.88,1.753E+2,0.001E+2,0.003E+2,0.018E+2
2497,4.88,5.90,1.149E+2,0.001E+2,0.002E+2,0.012E+2
2497,5.90,7.09,7.434E+1,0.004E+1,0.011E+1,0.078E+1
2497,7.09,8.48,4.786E+1,0.002E+1,0.007E+1,0.050E+1
2497,8.48,11.00,2.760E+1,0.001E+1,0.003E+1,0.029E+1
2497,11.00,16.60,1.154E+1,0.001E+1,0.001E+1,0.013E+1
2497,16.60,22.80,4.318E+0,0.002E+0,0.004E+0,0.049E+0
2497,22.80,41.90,1.240E+0,0.001E+0,0.001E+0,0.015E+0
2498,1.00,1.92,9.638E+2,0.004E+2,0.025E+2,0.185E+2
2498,1.92,2.97,5.519E+2,0.002E+2,0.010E+2,0.067E+2
2498,2.97,4.02,2.932E+2,0.001E+2,0.006E+2,0.032E+2
2498,4.02,4.88,1.770E+2,0.001E+2,0.004E+2,0.019E+2
2498,4.88,5.90,1.159E+2,0.001E+2,0.003E+2,0.012E+2
2498,5.90,7.09,7.480E+1,0.004E+1,0.017E+1,0.079E+1
2498,7.09,8.48,4.803E+1,0.002E+1,0.011E+1,0.051E+1
2498,8.48,11.00,2.769E+1,0.001E+1,0.005E+1,0.030E+1
2498,11.00,16.60,1.156E+1,0.001E+1,0.002E+1,0.013E+1
2498,16.60,22.80,4.328E+0,0.002E+0,0.007E+0,0.050E+0
2498,22.80,41.90,1.244E+0,0.001E+0,0.002E+0,0.015E+0
2499,1.00,1.92,1.014E+3,0.000E+3,0.002E+3,0.019E+3
2499,1.92,2.97,5.690E+2,0.002E+2,0.007E+2,0.068E+2
2499,2.97,4.02,2.987E+2,0.001E+2,0.004E+2,0.032E+2
2499,4.02,4.88,1.796E+2,0.001E+2,0.003E+2,0.019E+2
2499,4.88,5.90,1.171E+2,0.001E+2,0.002E+2,0.012E+2
2499,5.90,7.09,7.548E+1,0.004E+1,0.011E+1,0.079E+1
2499,7.09,8.48,4.836E+1,0.002E+1,0.007E+1,0.051E+1
2499,8.48,11.00,2.782E+1,0.001E+1,0.003E+1,0.030E+1
2499,11.00,16.60,1.161E+1,0.001E+1,0.001E+1,0.013E+1
2499,16.60,22.80,4.331E+0,0.002E+0,0.004E+0,0.050E+0
2499,22.80,41.90,1.241E+0,0.001E+0,0.001E+0,0.015E+0
2500,1.00,1.92,1.060E+3,0.000E+3,0.002E+3,0.020E+3
2500,1.92,2.97,5.835E+2,0.002E+2,0.007E+2,0.070E+2
2500,2.97,4.02,3.035E+2,0.001E+2,0.004E+2,0.032E+2
2500,4.02,4.88,1.817E+2,0.001E+2,0.003E+2,0.019E+2
2500,4.88,5.90,1.182E+2,0.001E+2,0.002E+2,0.012E+2
2500,5.90,7.09,7.603E+1,0.004E+1,0.011E+1,0.079E+1
2500,7.09,8.48,4.861E+1,0.002E+1,0.007E+1,0.051E+1
2500,8.48,11.00,2.793E+1,0.001E+1,0.003E+1,0.030E+1
2500,11.00,16.60,1.163E+1,0.001E+1,0.001E+1,0.013E+1
2500,16.60,22.80,4.335E+0,0.002E+0,0.004E+0,0.050E+0
2500,22.80,41.90,1.243E+0,0.001E+0,0.001E+0,0.015E+0
2501,1.00,1.92,1.074E+3,0.000E+3,0.002E+3,0.021E+3
2501,1.92,2.97,5.877E+2,0.002E+2,0.007E+2,0.071E+2
2501,2.97,4.02,3.050E+2,0.001E+2,0.004E+2,0.033E+2
2501,4.02,4.88,1.823E+2,0.001E+2,0.003E+2,0.019E+2
2501,4.88,5.90,1.186E+2,0.001E+2,0.002E+2,0.012E+2
2501,5.90,7.09,7.635E+1,0.004E+1,0.011E+1,0.080E+1
2501,7.09,8.48,4.885E+1,0.002E+1,0.007E+1,0.051E+1
2501,8.48,11.00,2.805E+1,0.001E+1,0.003E+1,0.030E+1
2501,11.00,16.60,1.168E+1,0.001E+1,0.001E+1,0.013E+1
2501,16.60,22.80,4.349E+0,0.002E+0,0.004E+0,0.050E+0
2501,22.80,41.90,1.243E+0,0.001E+0,0.001E+0,0.015E+0
2502,1.00,1.92,1.101E+3,0.000E+3,0.002E+3,0.021E+3
2502,1.92,2.97,5.953E+2,0.002E+2,0.007E+2,0.071E+2
2502,2.97,4.02,3.071E+2,0.001E+2,0.004E+2,0.033E+2
2502,4.02,4.88,1.836E+2,0.001E+2,0.003E+2,0.019E+2
2502,4.88,5.90,1.192E+2,0.001E+2,0.002E+2,0.012E+2
2502,5.90,7.09,7.671E+1,0.004E+1,0.011E+1,0.080E+1
2502,7.09,8.48,4.903E+1,0.002E+1,0.007E+1,0.052E+1
2502,8.48,11.00,2.814E+1,0.001E+1,0.003E+1,0.030E+1
2502,11.00,16.60,1.171E+1,0.001E+1,0.001E+1,0.013E+1
2502,16.60,22.80,4.357E+0,0.002E+0,0.004E+0,0.050E+0
2502,22.80,41.90,1.247E+0,0.001E+0,0.001E+0,0.015E+0
2503,1.00,1.92,1.131E+3,0.000E+3,0.002E+3,0.022E+3
2503,1.92,2.97,6.045E+2,0.002E+2,0.010E+2,0.073E+2
2503,2.97,4.02,3.106E+2,0.001E+2,0.006E+2,0.034E+2
2503,4.02,4.88,1.848E+2,0.001E+2,0.004E+2,0.020E+2
2503,4.88,5.90,1.200E+2,0.001E+2,0.003E+2,0.013E+2
2503,5.90,7.09,7.710E+1,0.004E+1,0.018E+1,0.082E+1
2503,7.09,8.48,4.935E+1,0.002E+1,0.011E+1,0.053E+1
2503,8.48,11.00,2.829E+1,0.001E+1,0.005E+1,0.030E+1
2503,11.00,16.60,1.175E+1,0.001E+1,0.002E+1,0.013E+1
2503,16.60,22.80,4.374E+0,0.002E+0,0.007E+0,0.050E+0
2503,22.80,41.90,1.249E+0,0.001E+0,0.002E+0,0.015E+0
2504,1.00,1.92,1.151E+3,0.000E+3,0.002E+3,0.022E+3
2504,1.92,2.97,6.089E+2,0.002E+2,0.007E+2,0.073E+2
2504,2.97,4.02,3.118E+2,0.001E+2,0.004E+2,0.033E+2
2504,4.02,4.88,1.857E+2,0.001E+2,0.003E+2,0.019E+2
2504,4.88,5.90,1.205E+2,0.001E+2,0.002E+2,0.012E+2
2504,5.90,7.09,7.730E+1,0.004E+1,0.010E+1,0.081E+1
2504,7.09,8.48,4.945E+1,0.003E+1,0.007E+1,0.052E+1
2504,8.48,11.00,2.834E+1,0.001E+1,0.003E+1,0.030E+1
2504,11.00,16.60,1.177E+1,0.001E+1,0.001E+1,0.013E+1
2504,16.60,22.80,4.375E+0,0.003E+0,0.004E+0,0.050E+0
2504,22.80,41.90,1.248E+0,0.001E+0,0.001E+0,0.015E+0
2505,1.00,1.92,1.155E+3,0.000E+3,0.002E+3,0.022E+3
2505,1.92,2.97,6.052E+2,0.002E+2,0.007E+2,0.073E+2
2505,2.97,4.02,3.094E+2,0.001E+2,0.004E+2,0.033E+2
2505,4.02,4.88,1.839E+2,0.001E+2,0.003E+2,0.019E+2
2505,4.88,5.90,1.194E+2,0.001E+2,0.002E+2,0.012E+2
2505,5.90,7.09,7.664E+1,0.004E+1,0.011E+1,0.080E+1
2505,7.09,8.48,4.910E+1,0.002E+1,0.007E+1,0.052E+1
2505,8.48,11.00,2.817E+1,0.001E+1,0.003E+1,0.030E+1
2505,11.00,16.60,1.172E+1,0.001E+1,0.001E+1,0.013E+1
2505,16.60,22.80,4.361E+0,0.002E+0,0.004E+0,0.050E+0
2505,22.80,41.90,1.243E+0,0.001E+0,0.001E+0,0.015E+0
2506,1.00,1.92,1.154E+3,0.000E+3,0.002E+3,0.022E+3
2506,1.92,2.97,6.007E+2,0.002E+2,0.006E+2,0.072E+2
2506,2.97,4.02,3.065E+2,0.001E+2,0.003E+2,0.033E+2
2506,4.02,4.88,1.822E+2,0.001E+2,0.002E+2,0.019E+2
2506,4.88,5.90,1.182E+2,0.001E+2,0.002E+2,0.012E+2
2506,5.90,7.09,7.605E+1,0.004E+1,0.010E+1,0.079E+1
2506,7.09,8.48,4.870E+1,0.002E+1,0.006E+1,0.051E+1
2506,8.48,11.00,2.801E+1,0.001E+1,0.003E+1,0.030E+1
2506,11.00,16.60,1.167E+1,0.001E+1,0.001E+1,0.013E+1
2506,16.60,22.80,4.357E+0,0.002E+0,0.004E+0,0.050E+0
2506,22.80,41.90,1.245E+0,0.001E+0,0.001E+0,0.015E+0
2507,1.00,1.92,1.187E+3,0.000E+3,0.003E+3,0.023E+3
2507,1.92,2.97,6.119E+2,0.002E+2,0.012E+2,0.074E+2
2507,2.97,4.02,3.107E+2,0.001E+2,0.007E+2,0.034E+2
2507,4.02,4.88,1.841E+2,0.001E+2,0.005E+2,0.020E+2
2507,4.88,5.90,1.193E+2,0.001E+2,0.003E+2,0.013E+2
2507,5.90,7.09,7.645E+1,0.004E+1,0.021E+1,0.082E+1
2507,7.09,8.48,4.890E+1,0.002E+1,0.013E+1,0.053E+1
2507,8.48,11.00,2.808E+1,0.001E+1,0.006E+1,0.030E+1
2507,11.00,16.60,1.168E+1,0.001E+1,0.002E+1,0.013E+1
2507,16.60,22.80,4.354E+0,0.002E+0,0.008E+0,0.050E+0
2507,22.80,41.90,1.245E+0,0.001E+0,0.002E+0,0.015E+0
2508,1.00,1.92,1.194E+3,0.000E+3,0.002E+3,0.023E+3
2508,1.92,2.97,6.145E+2,0.002E+2,0.007E+2,0.074E+2
2508,2.97,4.02,3.118E+2,0.001E+2,0.004E+2,0.033E+2
2508,4.02,4.88,1.850E+2,0.001E+2,0.003E+2,0.019E+2
2508,4.88,5.90,1.199E+2,0.001E+2,0.002E+2,0.012E+2
2508,5.90,7.09,7.692E+1,0.004E+1,0.012E+1,0.081E+1
2508,7.09,8.48,4.915E+1,0.002E+1,0.008E+1,0.052E+1
2508,8.48,11.00,2.821E+1,0.001E+1,0.004E+1,0.030E+1
2508,11.00,16.60,1.173E+1,0.001E+1,0.001E+1,0.013E+1
2508,16.60,22.80,4.370E+0,0.002E+0,0.005E+0,0.050E+0
2508,22.80,41.90,1.245E+0,0.001E+0,0.001E+0,0.015E+0
2509,1.00,1.92,1.164E+3,0.000E+3,0.002E+3,0.022E+3
2509,1.92,2.97,6.006E+2,0.002E+2,0.008E+2,0.072E+2
2509,2.97,4.02,3.061E+2,0.001E+2,0.005E+2,0.033E+2
2509,4.02,4.88,1.819E+2,0.001E+2,0.003E+2,0.019E+2
2509,4.88,5.90,1.181E+2,0.001E+2,0.002E+2,0.012E+2
2509,5.90,7.09,7.598E+1,0.004E+1,0.014E+1,0.080E+1
2509,7.09,8.48,4.870E+1,0.002E+1,0.009E+1,0.052E+1
2509,8.48,11.00,2.795E+1,0.001E+1,0.004E+1,0.030E+1
2509,11.00,16.60,1.165E+1,0.001E+1,0.001E+1,0.013E+1
2509,16.60,22.80,4.344E+0,0.002E+0,0.005E+0,0.050E+0
2509,22.80,41.90,1.242E+0,0.001E+0,0.001E+0,0.015E+0
2510,1.00,1.92,1.066E+3,0.000E+3,0.002E+3,0.020E+3
2510,1.92,2.97,5.658E+2,0.002E+2,0.007E+2,0.068E+2
2510,2.97,4.02,2.935E+2,0.001E+2,0.004E+2,0.032E+2
2510,4.02,4.88,1.762E+2,0.001E+2,0.003E+2,0.019E+2
2510,4.88,5.90,1.152E+2,0.001E+2,0.002E+2,0.012E+2
2510,5.90,7.09,7.444E+1,0.004E+1,0.013E+1,0.078E+1
2510,7.09,8.48,4.781E+1,0.002E+1,0.008E+1,0.051E+1
2510,8.48,11.00,2.757E+1,0.001E+1,0.004E+1,0.030E+1
2510,11.00,16.60,1.153E+1,0.000E+1,0.001E+1,0.013E+1
2510,16.60,22.80,4.318E+0,0.002E+0,0.005E+0,0.049E+0
2510,22.80,41.90,1.238E+0,0.001E+0,0.001E+0,0.015E+0
2511,1.00,1.92,1.056E+3,0.000E+3,0.002E+3,0.020E+3
2511,1.92,2.97,5.620E+2,0.002E+2,0.006E+2,0.067E+2
2511,2.97,4.02,2.918E+2,0.001E+2,0.003E+2,0.031E+2
2511,4.02,4.88,1.755E+2,0.001E+2,0.002E+2,0.018E+2
2511,4.88,5.90,1.148E+2,0.001E+2,0.002E+2,0.012E+2
2511,5.90,7.09,7.417E+1,0.004E+1,0.010E+1,0.077E+1
2511,7.09,8.48,4.775E+1,0.002E+1,0.007E+1,0.050E+1
2511,8.48,11.00,2.752E+1,0.001E+1,0.003E+1,0.029E+1
2511,11.00,16.60,1.154E+1,0.001E+1,0.001E+1,0.013E+1
2511,16.60,22.80,4.319E+0,0.002E+0,0.004E+0,0.049E+0
2511,22.80,41.90,1.242E+0,0.001E+0,0.001E+0,0.015E+0
2512,1.00,1.92,1.018E+3,0.000E+3,0.001E+3,0.020E+3
2512,1.92,2.97,5.510E+2,0.002E+2,0.005E+2,0.066E+2
2512,2.97,4.02,2.885E+2,0.001E+2,0.003E+2,0.031E+2
2512,4.02,4.88,1.741E+2,0.001E+2,0.002E+2,0.018E+2
2512,4.88,5.90,1.141E+2,0.001E+2,0.001E+2,0.012E+2
2512,5.90,7.09,7.390E+1,0.004E+1,0.010E+1,0.077E+1
2512,7.09,8.48,4.755E+1,0.002E+1,0.006E+1,0.050E+1
2512,8.48,11.00,2.750E+1,0.001E+1,0.003E+1,0.029E+1
2512,11.00,16.60,1.153E+1,0.001E+1,0.001E+1,0.013E+1
2512,16.60,22.80,4.332E+0,0.002E+0,0.004E+0,0.050E+0
2512,22.80,41.90,1.242E+0,0.001E+0,0.001E+0,0.015E+0
2513,1.00,1.92,1.087E+3,0.000E+3,0.002E+3,0.021E+3
2513,1.92,2.97,5.777E+2,0.002E+2,0.006E+2,0.069E+2
2513,2.97,4.02,2.994E+2,0.001E+2,0.003E+2,0.032E+2
2513,4.02,4.88,1.796E+2,0.001E+2,0.002E+2,0.019E+2
2513,4.88,5.90,1.169E+2,0.001E+2,0.002E+2,0.012E+2
2513,5.90,7.09,7.542E+1,0.004E+1,0.010E+1,0.079E+1
2513,7.09,8.48,4.836E+1,0.002E+1,0.006E+1,0.051E+1
2513,8.48,11.00,2.783E+1,0.001E+1,0.003E+1,0.030E+1
2513,11.00,16.60,1.163E+1,0.001E+1,0.001E+1,0.013E+1
2513,16.60,22.80,4.343E+0,0.002E+0,0.004E+0,0.050E+0
2513,22.80,41.90,1.244E+0,0.001E+0,0.001E+0,0.015E+0
2514,1.00,1.92,1.171E+3,0.000E+3,0.002E+3,0.023E+3
2514,1.92,2.97,6.055E+2,0.002E+2,0.006E+2,0.073E+2
2514,2.97,4.02,3.086E+2,0.001E+2,0.003E+2,0.033E+2
2514,4.02,4.88,1.836E+2,0.001E+2,0.002E+2,0.019E+2
2514,4.88,5.90,1.192E+2,0.001E+2,0.002E+2,0.012E+2
2514,5.90,7.09,7.663E+1,0.004E+1,0.010E+1,0.080E+1
2514,7.09,8.48,4.897E+1,0.002E+1,0.006E+1,0.051E+1
2514,8.48,11.00,2.812E+1,0.001E+1,0.003E+1,0.030E+1
2514,11.00,16.60,1.170E+1,0.001E+1,0.001E+1,0.013E+1
2514,16.60,22.80,4.358E+0,0.002E+0,0.004E+0,0.050E+0
2514,22.80,41.90,1.245E+0,0.001E+0,0.001E+0,0.015E+0
2515,1.00,1.92,1.201E+3,0.000E+3,0.002E+3,0.023E+3
2515,1.92,2.97,6.167E+2,0.002E+2,0.007E+2,0.074E+2
2515,2.97,4.02,3.127E+2,0.001E+2,0.004E+2,0.033E+2
2515,4.02,4.88,1.856E+2,0.001E+2,0.003E+2,0.019E+2
2515,4.88,5.90,1.203E+2,0.001E+2,0.002E+2,0.012E+2
2515,5.90,7.09,7.721E+1,0.004E+1,0.012E+1,0.081E+1
2515,7.09,8.48,4.935E+1,0.002E+1,0.007E+1,0.052E+1
2515,8.48,11.00,2.828E+1,0.001E+1,0.004E+1,0.030E+1
2515,11.00,16.60,1.174E+1,0.001E+1,0.001E+1,0.013E+1
2515,16.60,22.80,4.362E+0,0.002E+0,0.005E+0,0.050E+0
2515,22.80,41.90,1.247E+0,0.001E+0,0.001E+0,0.015E+0
2516,1.00,1.92,1.235E+3,0.000E+3,0.002E+3,0.024E+3
2516,1.92,2.97,6.282E+2,0.002E+2,0.006E+2,0.075E+2
2516,2.97,4.02,3.167E+2,0.001E+2,0.003E+2,0.034E+2
2516,4.02,4.88,1.874E+2,0.001E+2,0.002E+2,0.020E+2
2516,4.88,5.90,1.210E+2,0.001E+2,0.002E+2,0.013E+2
2516,5.90,7.09,7.758E+1,0.004E+1,0.010E+1,0.081E+1
2516,7.09,8.48,4.950E+1,0.002E+1,0.006E+1,0.052E+1
2516,8.48,11.00,2.835E+1,0.001E+1,0.003E+1,0.030E+1
2516,11.00,16.60,1.176E+1,0.001E+1,0.001E+1,0.013E+1
2516,16.60,22.80,4.372E+0,0.002E+0,0.004E+0,0.050E+0
2516,22.80,41.90,1.246E+0,0.001E+0,0.001E+0,0.015E+0
2517,1.00,1.92,1.247E+3,0.000E+3,0.002E+3,0.024E+3
2517,1.92,2.97,6.302E+2,0.002E+2,0.007E+2,0.076E+2
2517,2.97,4.02,3.167E+2,0.001E+2,0.004E+2,0.034E+2
2517,4.02,4.88,1.872E+2,0.001E+2,0.003E+2,0.020E+2
2517,4.88,5.90,1.211E+2,0.001E+2,0.002E+2,0.013E+2
2517,5.90,7.09,7.759E+1,0.004E+1,0.011E+1,0.081E+1
2517,7.09,8.48,4.949E+1,0.002E+1,0.007E+1,0.052E+1
2517,8.48,11.00,2.834E+1,0.001E+1,0.003E+1,0.030E+1
2517,11.00,16.60,1.178E+1,0.001E+1,0.001E+1,0.013E+1
2517,16.60,22.80,4.380E+0,0.002E+0,0.004E+0,0.050E+0
2517,22.80,41.90,1.249E+0,0.001E+0,0.001E+0,0.015E+0
2518,1.00,1.92,1.261E+3,0.000E+3,0.002E+3,0.024E+3
2518,1.92,2.97,6.317E+2,0.002E+2,0.007E+2,0.076E+2
2518,2.97,4.02,3.169E+2,0.001E+2,0.004E+2,0.034E+2
2518,4.02,4.88,1.871E+2,0.001E+2,0.003E+2,0.020E+2
2518,4.88,5.90,1.209E+2,0.001E+2,0.002E+2,0.013E+2
2518,5.90,7.09,7.743E+1,0.004E+1,0.011E+1,0.081E+1
2518,7.09,8.48,4.943E+1,0.003E+1,0.007E+1,0.052E+1
2518,8.48,11.00,2.829E+1,0.001E+1,0.003E+1,0.030E+1
2518,11.00,16.60,1.176E+1,0.001E+1,0.001E+1,0.013E+1
2518,16.60,22.80,4.375E+0,0.002E+0,0.005E+0,0.050E+0
2518,22.80,41.90,1.248E+0,0.001E+0,0.001E+0,0.015E+0
2519,1.00,1.92,1.260E+3,0.000E+3,0.002E+3,0.024E+3
2519,1.92,2.97,6.303E+2,0.002E+2,0.010E+2,0.076E+2
2519,2.97,4.02,3.164E+2,0.001E+2,0.005E+2,0.034E+2
2519,4.02,4.88,1.870E+2,0.001E+2,0.004E+2,0.020E+2
2519,4.88,5.90,1.210E+2,0.001E+2,0.003E+2,0.013E+2
2519,5.90,7.09,7.766E+1,0.004E+1,0.016E+1,0.082E+1
2519,7.09,8.48,4.962E+1,0.003E+1,0.010E+1,0.053E+1
2519,8.48,11.00,2.845E+1,0.001E+1,0.005E+1,0.031E+1
2519,11.00,16.60,1.180E+1,0.001E+1,0.002E+1,0.013E+1
2519,16.60,22.80,4.389E+0,0.003E+0,0.006E+0,0.050E+0
2519,22.80,41.90,1.250E+0,0.001E+0,0.001E+0,0.015E+0
2520,1.00,1.92,1.257E+3,0.000E+3,0.002E+3,0.024E+3
2520,1.92,2.97,6.298E+2,0.002E+2,0.007E+2,0.076E+2
2520,2.97,4.02,3.164E+2,0.001E+2,0.004E+2,0.034E+2
2520,4.02,4.88,1.871E+2,0.001E+2,0.003E+2,0.020E+2
2520,4.88,5.90,1.209E+2,0.001E+2,0.002E+2,0.013E+2
2520,5.90,7.09,7.760E+1,0.004E+1,0.011E+1,0.081E+1
2520,7.09,8.48,4.954E+1,0.002E+1,0.007E+1,0.052E+1
2520,8.48,11.00,2.838E+1,0.001E+1,0.003E+1,0.030E+1
2520,11.00,16.60,1.178E+1,0.001E+1,0.001E+1,0.013E+1
2520,16.60,22.80,4.381E+0,0.002E+0,0.004E+0,0.050E+0
2520,22.80,41.90,1.250E+0,0.001E+0,0.001E+0,0.015E+0
2521,1.00,1.92,1.292E+3,0.000E+3,0.002E+3,0.025E+3
2521,1.92,2.97,6.431E+2,0.002E+2,0.012E+2,0.078E+2
2521,2.97,4.02,3.215E+2,0.001E+2,0.007E+2,0.035E+2
2521,4.02,4.88,1.896E+2,0.001E+2,0.005E+2,0.020E+2
2521,4.88,5.90,1.222E+2,0.001E+2,0.003E+2,0.013E+2
2521,5.90,7.09,7.820E+1,0.004E+1,0.020E+1,0.083E+1
2521,7.09,8.48,4.982E+1,0.002E+1,0.012E+1,0.053E+1
2521,8.48,11.00,2.849E+1,0.001E+1,0.006E+1,0.031E+1
2521,11.00,16.60,1.182E+1,0.001E+1,0.002E+1,0.013E+1
2521,16.60,22.80,4.390E+0,0.002E+0,0.008E+0,0.051E+0
2521,22.80,41.90,1.253E+0,0.001E+0,0.002E+0,0.015E+0
2522,1.00,1.92,1.281E+3,0.000E+3,0.001E+3,0.025E+3
2522,1.92,2.97,6.378E+2,0.002E+2,0.006E+2,0.076E+2
2522,2.97,4.02,3.192E+2,0.001E+2,0.003E+2,0.034E+2
2522,4.02,4.88,1.884E+2,0.001E+2,0.002E+2,0.020E+2
2522,4.88,5.90,1.217E+2,0.001E+2,0.002E+2,0.013E+2
2522,5.90,7.09,7.793E+1,0.004E+1,0.010E+1,0.081E+1
2522,7.09,8.48,4.971E+1,0.003E+1,0.006E+1,0.052E+1
2522,8.48,11.00,2.845E+1,0.001E+1,0.003E+1,0.030E+1
2522,11.00,16.60,1.181E+1,0.001E+1,0.001E+1,0.013E+1
2522,16.60,22.80,4.393E+0,0.002E+0,0.004E+0,0.050E+0
2522,22.80,41.90,1.254E+0,0.001E+0,0.001E+0,0.015E+0
2523,1.00,1.92,1.311E+3,0.001E+3,0.002E+3,0.025E+3
2523,1.92,2.97,6.465E+2,0.003E+2,0.007E+2,0.078E+2
2523,2.97,4.02,3.225E+2,0.002E+2,0.004E+2,0.035E+2
2523,4.02,4.88,1.898E+2,0.001E+2,0.003E+2,0.020E+2
2523,4.88,5.90,1.224E+2,0.001E+2,0.002E+2,0.013E+2
2523,5.90,7.09,7.831E+1,0.005E+1,0.012E+1,0.082E+1
2523,7.09,8.48,4.994E+1,0.003E+1,0.008E+1,0.053E+1
2523,8.48,11.00,2.854E+1,0.002E+1,0.004E+1,0.031E+1
2523,11.00,16.60,1.183E+1,0.001E+1,0.001E+1,0.013E+1
2523,16.60,22.80,4.407E+0,0.003E+0,0.005E+0,0.050E+0
2523,22.80,41.90,1.257E+0,0.001E+0,0.001E+0,0.015E+0
2524,1.00,1.92,1.320E+3,0.001E+3,0.001E+3,0.025E+3
2524,1.92,2.97,6.500E+2,0.004E+2,0.006E+2,0.078E+2
2524,2.97,4.02,3.241E+2,0.002E+2,0.003E+2,0.035E+2
2524,4.02,4.88,1.909E+2,0.002E+2,0.002E+2,0.020E+2
2524,4.88,5.90,1.231E+2,0.001E+2,0.002E+2,0.013E+2
2524,5.90,7.09,7.881E+1,0.007E+1,0.010E+1,0.082E+1
2524,7.09,8.48,5.019E+1,0.005E+1,0.006E+1,0.053E+1
2524,8.48,11.00,2.867E+1,0.003E+1,0.003E+1,0.031E+1
2524,11.00,16.60,1.189E+1,0.001E+1,0.001E+1,0.013E+1
2524,16.60,22.80,4.415E+0,0.005E+0,0.004E+0,0.050E+0
2524,22.80,41.90,1.259E+0,0.001E+0,0.001E+0,0.015E+0
2525,1.00,1.92,1.317E+3,0.000E+3,0.002E+3,0.025E+3
2525,1.92,2.97,6.489E+2,0.002E+2,0.008E+2,0.078E+2
2525,2.97,4.02,3.240E+2,0.001E+2,0.005E+2,0.035E+2
2525,4.02,4.88,1.904E+2,0.001E+2,0.003E+2,0.020E+2
2525,4.88,5.90,1.227E+2,0.001E+2,0.002E+2,0.013E+2
2525,5.90,7.09,7.841E+1,0.004E+1,0.014E+1,0.082E+1
2525,7.09,8.48,4.994E+1,0.003E+1,0.009E+1,0.053E+1
2525,8.48,11.00,2.856E+1,0.001E+1,0.004E+1,0.031E+1
2525,11.00,16.60,1.182E+1,0.001E+1,0.001E+1,0.013E+1
2525,16.60,22.80,4.392E+0,0.002E+0,0.005E+0,0.050E+0
2525,22.80,41.90,1.254E+0,0.001E+0,0.001E+0,0.015E+0
2526,1.00,1.92,1.345E+3,0.002E+3,0.002E+3,0.026E+3
2526,1.92,2.97,6.585E+2,0.007E+2,0.011E+2,0.079E+2
2526,2.97,4.02,3.273E+2,0.004E+2,0.006E+2,0.035E+2
2526,4.02,4.88,1.922E+2,0.003E+2,0.004E+2,0.020E+2
2526,4.88,5.90,1.237E+2,0.002E+2,0.003E+2,0.013E+2
2526,5.90,7.09,7.897E+1,0.012E+1,0.018E+1,0.084E+1
2526,7.09,8.48,5.041E+1,0.008E+1,0.011E+1,0.054E+1
2526,8.48,11.00,2.864E+1,0.004E+1,0.005E+1,0.031E+1
2526,11.00,16.60,1.186E+1,0.002E+1,0.002E+1,0.013E+1
2526,16.60,22.80,4.416E+0,0.008E+0,0.007E+0,0.051E+0
2526,22.80,41.90,1.258E+0,0.002E+0,0.002E+0,0.015E+0
2527,1.00,1.92,1.303E+3,0.000E+3,0.002E+3,0.025E+3
2527,1.92,2.97,6.443E+2,0.002E+2,0.009E+2,0.078E+2
2527,2.97,4.02,3.210E+2,0.001E+2,0.005E+2,0.035E+2
2527,4.02,4.88,1.892E+2,0.001E+2,0.004E+2,0.020E+2
2527,4.88,5.90,1.220E+2,0.001E+2,0.002E+2,0.013E+2
2527,5.90,7.09,7.811E+1,0.004E+1,0.015E+1,0.082E+1
2527,7.09,8.48,4.977E+1,0.003E+1,0.009E+1,0.053E+1
2527,8.48,11.00,2.846E+1,0.001E+1,0.004E+1,0.031E+1
2527,11.00,16.60,1.182E+1,0.001E+1,0.001E+1,0.013E+1
2527,16.60,22.80,4.395E+0,0.003E+0,0.006E+0,0.050E+0
2527,22.80,41.90,1.251E+0,0.001E+0,0.001E+0,0.015E+0
2528,1.00,1.92,1.322E+3,0.000E+3,0.002E+3,0.026E+3
2528,1.92,2.97,6.489E+2,0.002E+2,0.009E+2,0.078E+2
2528,2.97,4.02,3.229E+2,0.001E+2,0.005E+2,0.035E+2
2528,4.02,4.88,1.899E+2,0.001E+2,0.004E+2,0.020E+2
2528,4.88,5.90,1.225E+2,0.001E+2,0.003E+2,0.013E+2
2528,5.90,7.09,7.833E+1,0.004E+1,0.016E+1,0.083E+1
2528,7.09,8.48,4.989E+1,0.003E+1,0.010E+1,0.053E+1
2528,8.48,11.00,2.852E+1,0.001E+1,0.005E+1,0.031E+1
2528,11.00,16.60,1.182E+1,0.001E+1,0.002E+1,0.013E+1
2528,16.60,22.80,4.398E+0,0.002E+0,0.006E+0,0.051E+0
2528,22.80,41.90,1.254E+0,0.001E+0,0.001E+0,0.015E+0
2529,1.00,1.92,1.333E+3,0.000E+3,0.001E+3,0.026E+3
2529,1.92,2.97,6.510E+2,0.002E+2,0.006E+2,0.078E+2
2529,2.97,4.02,3.229E+2,0.001E+2,0.003E+2,0.035E+2
2529,4.02,4.88,1.898E+2,0.001E+2,0.002E+2,0.020E+2
2529,4.88,5.90,1.223E+2,0.001E+2,0.002E+2,0.013E+2
2529,5.90,7.09,7.823E+1,0.004E+1,0.010E+1,0.082E+1
2529,7.09,8.48,4.985E+1,0.003E+1,0.006E+1,0.052E+1
2529,8.48,11.00,2.850E+1,0.001E+1,0.003E+1,0.030E+1
2529,11.00,16.60,1.183E+1,0.001E+1,0.001E+1,0.013E+1
2529,16.60,22.80,4.399E+0,0.003E+0,0.004E+0,0.050E+0
2529,22.80,41.90,1.253E+0,0.001E+0,0.001E+0,0.015E+0
2530,1.00,1.92,1.357E+3,0.001E+3,0.001E+3,0.026E+3
2530,1.92,2.97,6.606E+2,0.003E+2,0.006E+2,0.079E+2
2530,2.97,4.02,3.273E+2,0.002E+2,0.004E+2,0.035E+2
2530,4.02,4.88,1.920E+2,0.001E+2,0.003E+2,0.020E+2
2530,4.88,5.90,1.236E+2,0.001E+2,0.002E+2,0.013E+2
2530,5.90,7.09,7.897E+1,0.006E+1,0.010E+1,0.082E+1
2530,7.09,8.48,5.037E+1,0.004E+1,0.007E+1,0.053E+1
2530,8.48,11.00,2.871E+1,0.002E+1,0.003E+1,0.031E+1
2530,11.00,16.60,1.188E+1,0.001E+1,0.001E+1,0.013E+1
2530,16.60,22.80,4.410E+0,0.004E+0,0.004E+0,0.050E+0
2530,22.80,41.90,1.258E+0,0.001E+0,0.001E+0,0.015E+0
2531,1.00,1.92,1.376E+3,0.001E+3,0.002E+3,0.027E+3
2531,1.92,2.97,6.635E+2,0.004E+2,0.008E+2,0.080E+2
2531,2.97,4.02,3.272E+2,0.002E+2,0.004E+2,0.035E+2
2531,4.02,4.88,1.919E+2,0.001E+2,0.003E+2,0.020E+2
2531,4.88,5.90,1.233E+2,0.001E+2,0.002E+2,0.013E+2
2531,5.90,7.09,7.882E+1,0.006E+1,0.013E+1,0.083E+1
2531,7.09,8.48,5.017E+1,0.004E+1,0.008E+1,0.053E+1
2531,8.48,11.00,2.867E+1,0.002E+1,0.004E+1,0.031E+1
2531,11.00,16.60,1.188E+1,0.001E+1,0.001E+1,0.013E+1
2531,16.60,22.80,4.405E+0,0.004E+0,0.005E+0,0.050E+0
2531,22.80,41.90,1.255E+0,0.001E+0,0.001E+0,0.015E+0
2532,1.00,1.92,1.370E+3,0.001E+3,0.001E+3,0.026E+3
2532,1.92,2.97,6.606E+2,0.002E+2,0.007E+2,0.079E+2
2532,2.97,4.02,3.266E+2,0.001E+2,0.004E+2,0.035E+2
2532,4.02,4.88,1.915E+2,0.001E+2,0.003E+2,0.020E+2
2532,4.88,5.90,1.233E+2,0.001E+2,0.002E+2,0.013E+2
2532,5.90,7.09,7.872E+1,0.004E+1,0.012E+1,0.082E+1
2532,7.09,8.48,5.011E+1,0.003E+1,0.008E+1,0.053E+1
2532,8.48,11.00,2.864E+1,0.002E+1,0.004E+1,0.031E+1
2532,11.00,16.60,1.185E+1,0.001E+1,0.001E+1,0.013E+1
2532,16.60,22.80,4.395E+0,0.003E+0,0.005E+0,0.050E+0
2532,22.80,41.90,1.252E+0,0.001E+0,0.001E+0,0.015E+0
2533,1.00,1.92,1.353E+3,0.001E+3,0.002E+3,0.026E+3
2533,1.92,2.97,6.525E+2,0.005E+2,0.012E+2,0.079E+2
2533,2.97,4.02,3.230E+2,0.003E+2,0.007E+2,0.035E+2
2533,4.02,4.88,1.897E+2,0.002E+2,0.005E+2,0.020E+2
2533,4.88,5.90,1.218E+2,0.001E+2,0.003E+2,0.013E+2
2533,5.90,7.09,7.799E+1,0.008E+1,0.020E+1,0.083E+1
2533,7.09,8.48,4.967E+1,0.005E+1,0.013E+1,0.053E+1
2533,8.48,11.00,2.844E+1,0.003E+1,0.006E+1,0.031E+1
2533,11.00,16.60,1.177E+1,0.001E+1,0.002E+1,0.013E+1
2533,16.60,22.80,4.382E+0,0.005E+0,0.008E+0,0.051E+0
2533,22.80,41.90,1.249E+0,0.002E+0,0.002E+0,0.015E+0
2534,1.00,1.92,1.324E+3,0.000E+3,0.003E+3,0.026E+3
2534,1.92,2.97,6.428E+2,0.002E+2,0.016E+2,0.079E+2
2534,2.97,4.02,3.188E+2,0.001E+2,0.009E+2,0.035E+2
2534,4.02,4.88,1.874E+2,0.001E+2,0.007E+2,0.021E+2
2534,4.88,5.90,1.209E+2,0.001E+2,0.004E+2,0.013E+2
2534,5.90,7.09,7.729E+1,0.004E+1,0.028E+1,0.085E+1
2534,7.09,8.48,4.932E+1,0.002E+1,0.018E+1,0.054E+1
2534,8.48,11.00,2.828E+1,0.001E+1,0.008E+1,0.031E+1
2534,11.00,16.60,1.174E+1,0.001E+1,0.003E+1,0.013E+1
2534,16.60,22.80,4.369E+0,0.002E+0,0.011E+0,0.051E+0
2534,22.80,41.90,1.248E+0,0.001E+0,0.002E+0,0.015E+0
2535,1.00,1.92,1.359E+3,0.002E+3,0.003E+3,0.026E+3
2535,1.92,2.97,6.565E+2,0.010E+2,0.014E+2,0.080E+2
2535,2.97,4.02,3.255E+2,0.006E+2,0.008E+2,0.036E+2
2535,4.02,4.88,1.915E+2,0.004E+2,0.006E+2,0.021E+2
2535,4.88,5.90,1.234E+2,0.003E+2,0.004E+2,0.013E+2
2535,5.90,7.09,7.850E+1,0.018E+1,0.022E+1,0.084E+1
2535,7.09,8.48,5.019E+1,0.012E+1,0.014E+1,0.054E+1
2535,8.48,11.00,2.858E+1,0.007E+1,0.007E+1,0.031E+1
2535,11.00,16.60,1.184E+1,0.003E+1,0.002E+1,0.013E+1
2535,16.60,22.80,4.377E+0,0.012E+0,0.009E+0,0.051E+0
2535,22.80,41.90,1.252E+0,0.003E+0,0.002E+0,0.015E+0
2536,1.00,1.92,1.379E+3,0.001E+3,0.002E+3,0.027E+3
2536,1.92,2.97,6.639E+2,0.003E+2,0.012E+2,0.080E+2
2536,2.97,4.02,3.277E+2,0.001E+2,0.007E+2,0.036E+2
2536,4.02,4.88,1.921E+2,0.001E+2,0.005E+2,0.021E+2
2536,4.88,5.90,1.235E+2,0.001E+2,0.003E+2,0.013E+2
2536,5.90,7.09,7.889E+1,0.005E+1,0.021E+1,0.084E+1
2536,7.09,8.48,5.018E+1,0.003E+1,0.013E+1,0.054E+1
2536,8.48,11.00,2.863E+1,0.002E+1,0.006E+1,0.031E+1
2536,11.00,16.60,1.186E+1,0.001E+1,0.002E+1,0.013E+1
2536,16.60,22.80,4.409E+0,0.003E+0,0.008E+0,0.051E+0
2536,22.80,41.90,1.257E+0,0.001E+0,0.002E+0,0.015E+0
2537,1.00,1.92,1.372E+3,0.001E+3,0.001E+3,0.027E+3
2537,1.92,2.97,6.615E+2,0.005E+2,0.008E+2,0.080E+2
2537,2.97,4.02,3.273E+2,0.003E+2,0.005E+2,0.035E+2
2537,4.02,4.88,1.917E+2,0.002E+2,0.003E+2,0.020E+2
2537,4.88,5.90,1.234E+2,0.001E+2,0.002E+2,0.013E+2
2537,5.90,7.09,7.873E+1,0.008E+1,0.013E+1,0.083E+1
2537,7.09,8.48,5.011E+1,0.006E+1,0.008E+1,0.053E+1
2537,8.48,11.00,2.860E+1,0.003E+1,0.004E+1,0.031E+1
2537,11.00,16.60,1.183E+1,0.001E+1,0.001E+1,0.013E+1
2537,16.60,22.80,4.398E+0,0.006E+0,0.005E+0,0.050E+0
2537,22.80,41.90,1.250E+0,0.002E+0,0.001E+0,0.015E+0
2538,1.00,1.92,1.391E+3,0.001E+3,0.002E+3,0.027E+3
2538,1.92,2.97,6.669E+2,0.003E+2,0.011E+2,0.081E+2
2538,2.97,4.02,3.285E+2,0.001E+2,0.006E+2,0.036E+2
2538,4.02,4.88,1.926E+2,0.001E+2,0.005E+2,0.020E+2
2538,4.88,5.90,1.237E+2,0.001E+2,0.003E+2,0.013E+2
2538,5.90,7.09,7.891E+1,0.005E+1,0.019E+1,0.084E+1
2538,7.09,8.48,5.025E+1,0.003E+1,0.012E+1,0.054E+1
2538,8.48,11.00,2.865E+1,0.002E+1,0.006E+1,0.031E+1
2538,11.00,16.60,1.187E+1,0.001E+1,0.002E+1,0.013E+1
2538,16.60,22.80,4.408E+0,0.003E+0,0.008E+0,0.051E+0
2538,22.80,41.90,1.254E+0,0.001E+0,0.002E+0,0.015E+0
2539,1.00,1.92,1.386E+3,0.000E+3,0.002E+3,0.027E+3
2539,1.92,2.97,6.672E+2,0.002E+2,0.010E+2,0.080E+2
2539,2.97,4.02,3.293E+2,0.001E+2,0.006E+2,0.036E+2
2539,4.02,4.88,1.928E+2,0.001E+2,0.004E+2,0.020E+2
2539,4.88,5.90,1.242E+2,0.001E+2,0.003E+2,0.013E+2
2539,5.90,7.09,7.917E+1,0.004E+1,0.017E+1,0.084E+1
2539,7.09,8.48,5.038E+1,0.003E+1,0.011E+1,0.054E+1
2539,8.48,11.00,2.877E+1,0.001E+1,0.005E+1,0.031E+1
2539,11.00,16.60,1.192E+1,0.001E+1,0.002E+1,0.013E+1
2539,16.60,22.80,4.415E+0,0.003E+0,0.007E+0,0.051E+0
2539,22.80,41.90,1.260E+0,0.001E+0,0.002E+0,0.015E+0
2540,1.00,1.92,1.380E+3,0.001E+3,0.001E+3,0.027E+3
2540,1.92,2.97,6.653E+2,0.003E+2,0.008E+2,0.080E+2
2540,2.97,4.02,3.289E+2,0.002E+2,0.004E+2,0.035E+2
2540,4.02,4.88,1.927E+2,0.001E+2,0.003E+2,0.020E+2
2540,4.88,5.90,1.242E+2,0.001E+2,0.002E+2,0.013E+2
2540,5.90,7.09,7.936E+1,0.006E+1,0.013E+1,0.083E+1
2540,7.09,8.48,5.048E+1,0.004E+1,0.008E+1,0.053E+1
2540,8.48,11.00,2.877E+1,0.002E+1,0.004E+1,0.031E+1
2540,11.00,16.60,1.191E+1,0.001E+1,0.001E+1,0.013E+1
2540,16.60,22.80,4.425E+0,0.004E+0,0.005E+0,0.051E+0
2540,22.80,41.90,1.259E+0,0.001E+0,0.001E+0,0.015E+0
2543,1.00,1.92,1.395E+3,0.001E+3,0.001E+3,0.027E+3
2543,1.92,2.97,6.663E+2,0.004E+2,0.006E+2,0.080E+2
2543,2.97,4.02,3.278E+2,0.002E+2,0.003E+2,0.035E+2
2543,4.02,4.88,1.922E+2,0.002E+2,0.002E+2,0.020E+2
2543,4.88,5.90,1.237E+2,0.001E+2,0.001E+2,0.013E+2
2543,5.90,7.09,7.905E+1,0.007E+1,0.010E+1,0.082E+1
2543,7.09,8.48,5.037E+1,0.005E+1,0.006E+1,0.053E+1
2543,8.48,11.00,2.875E+1,0.003E+1,0.003E+1,0.031E+1
2543,11.00,16.60,1.192E+1,0.001E+1,0.001E+1,0.013E+1
2543,16.60,22.80,4.425E+0,0.005E+0,0.004E+0,0.051E+0
2543,22.80,41.90,1.257E+0,0.001E+0,0.001E+0,0.015E+0
2544,1.00,1.92,1.411E+3,0.000E+3,0.001E+3,0.027E+3
2544,1.92,2.97,6.738E+2,0.002E+2,0.007E+2,0.081E+2
2544,2.97,4.02,3.322E+2,0.001E+2,0.004E+2,0.036E+2
2544,4.02,4.88,1.945E+2,0.001E+2,0.003E+2,0.020E+2
2544,4.88,5.90,1.250E+2,0.001E+2,0.002E+2,0.013E+2
2544,5.90,7.09,7.976E+1,0.004E+1,0.011E+1,0.083E+1
2544,7.09,8.48,5.070E+1,0.003E+1,0.007E+1,0.053E+1
2544,8.48,11.00,2.894E+1,0.001E+1,0.003E+1,0.031E+1
2544,11.00,16.60,1.198E+1,0.001E+1,0.001E+1,0.013E+1
2544,16.60,22.80,4.435E+0,0.002E+0,0.004E+0,0.051E+0
2544,22.80,41.90,1.260E+0,0.001E+0,0.001E+0,0.015E+0
2545,1.00,1.92,1.428E+3,0.001E+3,0.002E+3,0.028E+3
2545,1.92,2.97,6.807E+2,0.002E+2,0.012E+2,0.082E+2
2545,2.97,4.02,3.342E+2,0.001E+2,0.007E+2,0.036E+2
2545,4.02,4.88,1.954E+2,0.001E+2,0.005E+2,0.021E+2
2545,4.88,5.90,1.255E+2,0.001E+2,0.003E+2,0.013E+2
2545,5.90,7.09,8.005E+1,0.004E+1,0.019E+1,0.085E+1
2545,7.09,8.48,5.082E+1,0.003E+1,0.012E+1,0.054E+1
2545,8.48,11.00,2.895E+1,0.001E+1,0.006E+1,0.031E+1
2545,11.00,16.60,1.197E+1,0.001E+1,0.002E+1,0.013E+1
2545,16.60,22.80,4.432E+0,0.003E+0,0.008E+0,0.051E+0
2545,22.80,41.90,1.260E+0,0.001E+0,0.002E+0,0.015E+0
2546,1.00,1.92,1.435E+3,0.001E+3,0.002E+3,0.028E+3
2546,1.92,2.97,6.810E+2,0.002E+2,0.009E+2,0.082E+2
2546,2.97,4.02,3.340E+2,0.001E+2,0.005E+2,0.036E+2
2546,4.02,4.88,1.952E+2,0.001E+2,0.003E+2,0.021E+2
2546,4.88,5.90,1.255E+2,0.001E+2,0.002E+2,0.013E+2
2546,5.90,7.09,7.999E+1,0.004E+1,0.014E+1,0.084E+1
2546,7.09,8.48,5.085E+1,0.003E+1,0.009E+1,0.054E+1
2546,8.48,11.00,2.899E+1,0.001E+1,0.004E+1,0.031E+1
2546,11.00,16.60,1.197E+1,0.001E+1,0.001E+1,0.013E+1
2546,16.60,22.80,4.430E+0,0.002E+0,0.006E+0,0.051E+0
2546,22.80,41.90,1.260E+0,0.001E+0,0.001E+0,0.015E+0
2547,1.00,1.92,1.435E+3,0.001E+3,0.002E+3,0.028E+3
2547,1.92,2.97,6.805E+2,0.002E+2,0.009E+2,0.082E+2
2547,2.97,4.02,3.342E+2,0.001E+2,0.005E+2,0.036E+2
2547,4.02,4.88,1.954E+2,0.001E+2,0.004E+2,0.021E+2
2547,4.88,5.90,1.256E+2,0.001E+2,0.002E+2,0.013E+2
2547,5.90,7.09,8.005E+1,0.004E+1,0.015E+1,0.084E+1
2547,7.09,8.48,5.086E+1,0.003E+1,0.010E+1,0.054E+1
2547,8.48,11.00,2.901E+1,0.001E+1,0.005E+1,0.031E+1
2547,11.00,16.60,1.197E+1,0.001E+1,0.001E+1,0.013E+1
2547,16.60,22.80,4.440E+0,0.002E+0,0.006E+0,0.051E+0
2547,22.80,41.90,1.259E+0,0.001E+0,0.001E+0,0.015E+0
2548,1.00,1.92,1.438E+3,0.001E+3,0.003E+3,0.028E+3
2548,1.92,2.97,6.786E+2,0.003E+2,0.017E+2,0.083E+2
2548,2.97,4.02,3.328E+2,0.002E+2,0.009E+2,0.037E+2
2548,4.02,4.88,1.945E+2,0.001E+2,0.007E+2,0.021E+2
2548,4.88,5.90,1.248E+2,0.001E+2,0.004E+2,0.014E+2
2548,5.90,7.09,7.962E+1,0.005E+1,0.027E+1,0.087E+1
2548,7.09,8.48,5.055E+1,0.003E+1,0.017E+1,0.056E+1
2548,8.48,11.00,2.882E+1,0.002E+1,0.008E+1,0.032E+1
2548,11.00,16.60,1.191E+1,0.001E+1,0.003E+1,0.013E+1
2548,16.60,22.80,4.413E+0,0.003E+0,0.011E+0,0.051E+0
2548,22.80,41.90,1.255E+0,0.001E+0,0.002E+0,0.015E+0
2552,1.00,1.92,1.444E+3,0.001E+3,0.001E+3,0.028E+3
2552,1.92,2.97,6.812E+2,0.003E+2,0.007E+2,0.082E+2
2552,2.97,4.02,3.340E+2,0.002E+2,0.004E+2,0.036E+2
2552,4.02,4.88,1.950E+2,0.001E+2,0.003E+2,0.020E+2
2552,4.88,5.90,1.252E+2,0.001E+2,0.002E+2,0.013E+2
2552,5.90,7.09,7.977E+1,0.006E+1,0.011E+1,0.083E+1
2552,7.09,8.48,5.069E+1,0.004E+1,0.007E+1,0.053E+1
2552,8.48,11.00,2.885E+1,0.002E+1,0.003E+1,0.031E+1
2552,11.00,16.60,1.195E+1,0.001E+1,0.001E+1,0.013E+1
2552,16.60,22.80,4.426E+0,0.004E+0,0.005E+0,0.051E+0
2552,22.80,41.90,1.257E+0,0.001E+0,0.001E+0,0.015E+0
2553,1.00,1.92,1.386E+3,0.001E+3,0.001E+3,0.027E+3
2553,1.92,2.97,6.601E+2,0.003E+2,0.006E+2,0.079E+2
2553,2.97,4.02,3.256E+2,0.001E+2,0.003E+2,0.035E+2
2553,4.02,4.88,1.909E+2,0.001E+2,0.002E+2,0.020E+2
2553,4.88,5.90,1.230E+2,0.001E+2,0.002E+2,0.013E+2
2553,5.90,7.09,7.852E+1,0.004E+1,0.010E+1,0.082E+1
2553,7.09,8.48,5.001E+1,0.003E+1,0.006E+1,0.053E+1
2553,8.48,11.00,2.858E+1,0.002E+1,0.003E+1,0.030E+1
2553,11.00,16.60,1.185E+1,0.001E+1,0.001E+1,0.013E+1
2553,16.60,22.80,4.400E+0,0.003E+0,0.004E+0,0.050E+0
2553,22.80,41.90,1.251E+0,0.001E+0,0.001E+0,0.015E+0
2554,1.00,1.92,1.410E+3,0.001E+3,0.002E+3,0.027E+3
2554,1.92,2.97,6.669E+2,0.003E+2,0.009E+2,0.080E+2
2554,2.97,4.02,3.282E+2,0.001E+2,0.005E+2,0.035E+2
2554,4.02,4.88,1.922E+2,0.001E+2,0.004E+2,0.020E+2
2554,4.88,5.90,1.238E+2,0.001E+2,0.002E+2,0.013E+2
2554,5.90,7.09,7.899E+1,0.004E+1,0.015E+1,0.083E+1
2554,7.09,8.48,5.033E+1,0.003E+1,0.009E+1,0.053E+1
2554,8.48,11.00,2.874E+1,0.002E+1,0.004E+1,0.031E+1
2554,11.00,16.60,1.189E+1,0.001E+1,0.001E+1,0.013E+1
2554,16.60,22.80,4.415E+0,0.003E+0,0.006E+0,0.051E+0
2554,22.80,41.90,1.254E+0,0.001E+0,0.001E+0,0.015E+0
2555,1.00,1.92,1.366E+3,0.001E+3,0.001E+3,0.026E+3
2555,1.92,2.97,6.528E+2,0.002E+2,0.007E+2,0.078E+2
2555,2.97,4.02,3.235E+2,0.001E+2,0.004E+2,0.035E+2
2555,4.02,4.88,1.902E+2,0.001E+2,0.003E+2,0.020E+2
2555,4.88,5.90,1.226E+2,0.001E+2,0.002E+2,0.013E+2
2555,5.90,7.09,7.853E+1,0.004E+1,0.012E+1,0.082E+1
2555,7.09,8.48,4.997E+1,0.003E+1,0.007E+1,0.053E+1
2555,8.48,11.00,2.862E+1,0.002E+1,0.003E+1,0.031E+1
2555,11.00,16.60,1.186E+1,0.001E+1,0.001E+1,0.013E+1
2555,16.60,22.80,4.399E+0,0.003E+0,0.005E+0,0.050E+0
2555,22.80,41.90,1.252E+0,0.001E+0,0.001E+0,0.015E+0
2556,1.00,1.92,1.362E+3,0.001E+3,0.002E+3,0.026E+3
2556,1.92,2.97,6.526E+2,0.002E+2,0.010E+2,0.079E+2
2556,2.97,4.02,3.232E+2,0.001E+2,0.006E+2,0.035E+2
2556,4.02,4.88,1.899E+2,0.001E+2,0.004E+2,0.020E+2
2556,4.88,5.90,1.224E+2,0.001E+2,0.003E+2,0.013E+2
2556,5.90,7.09,7.828E+1,0.004E+1,0.017E+1,0.083E+1
2556,7.09,8.48,4.986E+1,0.003E+1,0.011E+1,0.053E+1
2556,8.48,11.00,2.853E+1,0.001E+1,0.005E+1,0.031E+1
2556,11.00,16.60,1.182E+1,0.001E+1,0.002E+1,0.013E+1
2556,16.60,22.80,4.392E+0,0.003E+0,0.007E+0,0.051E+0
2556,22.80,41.90,1.251E+0,0.001E+0,0.001E+0,0.015E+0
2557,1.00,1.92,1.352E+3,0.001E+3,0.001E+3,0.026E+3
2557,1.92,2.97,6.491E+2,0.002E+2,0.007E+2,0.078E+2
2557,2.97,4.02,3.220E+2,0.001E+2,0.004E+2,0.034E+2
2557,4.02,4.88,1.895E+2,0.001E+2,0.003E+2,0.020E+2
2557,4.88,5.90,1.223E+2,0.001E+2,0.002E+2,0.013E+2
2557,5.90,7.09,7.826E+1,0.004E+1,0.012E+1,0.082E+1
2557,7.09,8.48,4.993E+1,0.003E+1,0.008E+1,0.053E+1
2557,8.48,11.00,2.856E+1,0.001E+1,0.004E+1,0.031E+1
2557,11.00,16.60,1.184E+1,0.001E+1,0.001E+1,0.013E+1
2557,16.60,22.80,4.398E+0,0.003E+0,0.005E+0,0.050E+0
2557,22.80,41.90,1.252E+0,0.001E+0,0.001E+0,0.015E+0
2558,1.00,1.92,1.338E+3,0.001E+3,0.001E+3,0.026E+3
2558,1.92,2.97,6.432E+2,0.003E+2,0.006E+2,0.077E+2
2558,2.97,4.02,3.192E+2,0.001E+2,0.003E+2,0.034E+2
2558,4.02,4.88,1.881E+2,0.001E+2,0.002E+2,0.020E+2
2558,4.88,5.90,1.213E+2,0.001E+2,0.002E+2,0.013E+2
2558,5.90,7.09,7.765E+1,0.004E+1,0.010E+1,0.081E+1
2558,7.09,8.48,4.953E+1,0.003E+1,0.006E+1,0.052E+1
2558,8.48,11.00,2.836E+1,0.002E+1,0.003E+1,0.030E+1
2558,11.00,16.60,1.177E+1,0.001E+1,0.001E+1,0.013E+1
2558,16.60,22.80,4.378E+0,0.003E+0,0.004E+0,0.050E+0
2558,22.80,41.90,1.247E+0,0.001E+0,0.001E+0,0.015E+0
2559,1.00,1.92,1.346E+3,0.001E+3,0.001E+3,0.026E+3
2559,1.92,2.97,6.481E+2,0.003E+2,0.007E+2,0.078E+2
2559,2.97,4.02,3.216E+2,0.001E+2,0.004E+2,0.034E+2
2559,4.02,4.88,1.892E+2,0.001E+2,0.003E+2,0.020E+2
2559,4.88,5.90,1.219E+2,0.001E+2,0.002E+2,0.013E+2
2559,5.90,7.09,7.797E+1,0.004E+1,0.011E+1,0.081E+1
2559,7.09,8.48,4.971E+1,0.003E+1,0.007E+1,0.052E+1
2559,8.48,11.00,2.847E+1,0.002E+1,0.003E+1,0.030E+1
2559,11.00,16.60,1.180E+1,0.001E+1,0.001E+1,0.013E+1
2559,16.60,22.80,4.381E+0,0.003E+0,0.005E+0,0.050E+0
2559,22.80,41.90,1.248E+0,0.001E+0,0.001E+0,0.015E+0
2560,1.00,1.92,1.337E+3,0.001E+3,0.001E+3,0.026E+3
2560,1.92,2.97,6.486E+2,0.003E+2,0.007E+2,0.078E+2
2560,2.97,4.02,3.218E+2,0.001E+2,0.004E+2,0.034E+2
2560,4.02,4.88,1.894E+2,0.001E+2,0.003E+2,0.020E+2
2560,4.88,5.90,1.222E+2,0.001E+2,0.002E+2,0.013E+2
2560,5.90,7.09,7.818E+1,0.004E+1,0.012E+1,0.082E+1
2560,7.09,8.48,4.982E+1,0.003E+1,0.008E+1,0.053E+1
2560,8.48,11.00,2.846E+1,0.002E+1,0.004E+1,0.030E+1
2560,11.00,16.60,1.180E+1,0.001E+1,0.001E+1,0.013E+1
2560,16.60,22.80,4.385E+0,0.003E+0,0.005E+0,0.050E+0
2560,22.80,41.90,1.249E+0,0.001E+0,0.001E+0,0.015E+0
2561,1.00,1.92,1.377E+3,0.001E+3,0.002E+3,0.027E+3
2561,1.92,2.97,6.633E+2,0.003E+2,0.011E+2,0.080E+2
2561,2.97,4.02,3.274E+2,0.002E+2,0.006E+2,0.035E+2
2561,4.02,4.88,1.921E+2,0.001E+2,0.004E+2,0.020E+2
2561,4.88,5.90,1.235E+2,0.001E+2,0.003E+2,0.013E+2
2561,5.90,7.09,7.896E+1,0.005E+1,0.018E+1,0.084E+1
2561,7.09,8.48,5.017E+1,0.003E+1,0.011E+1,0.054E+1
2561,8.48,11.00,2.869E+1,0.002E+1,0.005E+1,0.031E+1
2561,11.00,16.60,1.185E+1,0.001E+1,0.002E+1,0.013E+1
2561,16.60,22.80,4.389E+0,0.003E+0,0.007E+0,0.051E+0
2561,22.80,41.90,1.252E+0,0.001E+0,0.002E+0,0.015E+0
2562,1.00,1.92,1.366E+3,0.001E+3,0.002E+3,0.026E+3
2562,1.92,2.97,6.580E+2,0.003E+2,0.011E+2,0.079E+2
2562,2.97,4.02,3.256E+2,0.002E+2,0.006E+2,0.035E+2
2562,4.02,4.88,1.914E+2,0.001E+2,0.004E+2,0.020E+2
2562,4.88,5.90,1.233E+2,0.001E+2,0.003E+2,0.013E+2
2562,5.90,7.09,7.878E+1,0.005E+1,0.018E+1,0.084E+1
2562,7.09,8.48,5.019E+1,0.003E+1,0.012E+1,0.054E+1
2562,8.48,11.00,2.869E+1,0.002E+1,0.005E+1,0.031E+1
2562,11.00,16.60,1.188E+1,0.001E+1,0.002E+1,0.013E+1
2562,16.60,22.80,4.412E+0,0.003E+0,0.007E+0,0.051E+0
2562,22.80,41.90,1.252E+0,0.001E+0,0.002E+0,0.015E+0
2563,1.00,1.92,1.364E+3,0.001E+3,0.002E+3,0.026E+3
2563,1.92,2.97,6.528E+2,0.003E+2,0.011E+2,0.079E+2
2563,2.97,4.02,3.229E+2,0.002E+2,0.006E+2,0.035E+2
2563,4.02,4.88,1.898E+2,0.001E+2,0.005E+2,0.020E+2
2563,4.88,5.90,1.223E+2,0.001E+2,0.003E+2,0.013E+2
2563,5.90,7.09,7.818E+1,0.006E+1,0.019E+1,0.083E+1
2563,7.09,8.48,4.981E+1,0.004E+1,0.012E+1,0.053E+1
2563,8.48,11.00,2.847E+1,0.002E+1,0.006E+1,0.031E+1
2563,11.00,16.60,1.181E+1,0.001E+1,0.002E+1,0.013E+1
2563,16.60,22.80,4.388E+0,0.004E+0,0.008E+0,0.051E+0
2563,22.80,41.90,1.250E+0,0.001E+0,0.002E+0,0.015E+0
2564,1.00,1.92,1.370E+3,0.001E+3,0.002E+3,0.027E+3
2564,1.92,2.97,6.577E+2,0.003E+2,0.012E+2,0.080E+2
2564,2.97,4.02,3.251E+2,0.001E+2,0.007E+2,0.035E+2
2564,4.02,4.88,1.909E+2,0.001E+2,0.005E+2,0.020E+2
2564,4.88,5.90,1.229E+2,0.001E+2,0.003E+2,0.013E+2
2564,5.90,7.09,7.857E+1,0.005E+1,0.020E+1,0.084E+1
2564,7.09,8.48,5.008E+1,0.003E+1,0.012E+1,0.054E+1
2564,8.48,11.00,2.859E+1,0.002E+1,0.006E+1,0.031E+1
2564,11.00,16.60,1.184E+1,0.001E+1,0.002E+1,0.013E+1
2564,16.60,22.80,4.409E+0,0.003E+0,0.008E+0,0.051E+0
2564,22.80,41.90,1.252E+0,0.001E+0,0.002E+0,0.015E+0
2565,1.00,1.92,1.399E+3,0.001E+3,0.002E+3,0.027E+3
2565,1.92,2.97,6.644E+2,0.003E+2,0.012E+2,0.080E+2
2565,2.97,4.02,3.275E+2,0.001E+2,0.007E+2,0.036E+2
2565,4.02,4.88,1.921E+2,0.001E+2,0.005E+2,0.021E+2
2565,4.88,5.90,1.236E+2,0.001E+2,0.003E+2,0.013E+2
2565,5.90,7.09,7.906E+1,0.005E+1,0.021E+1,0.084E+1
2565,7.09,8.48,5.038E+1,0.003E+1,0.013E+1,0.054E+1
2565,8.48,11.00,2.876E+1,0.002E+1,0.006E+1,0.031E+1
2565,11.00,16.60,1.191E+1,0.001E+1,0.002E+1,0.013E+1
2565,16.60,22.80,4.420E+0,0.003E+0,0.008E+0,0.051E+0
2565,22.80,41.90,1.257E+0,0.001E+0,0.002E+0,0.015E+0
2566,1.00,1.92,1.342E+3,0.001E+3,0.002E+3,0.026E+3
2566,1.92,2.97,6.477E+2,0.003E+2,0.011E+2,0.078E+2
2566,2.97,4.02,3.215E+2,0.002E+2,0.006E+2,0.035E+2
2566,4.02,4.88,1.893E+2,0.001E+2,0.004E+2,0.020E+2
2566,4.88,5.90,1.219E+2,0.001E+2,0.003E+2,0.013E+2
2566,5.90,7.09,7.817E+1,0.006E+1,0.017E+1,0.083E+1
2566,7.09,8.48,4.978E+1,0.004E+1,0.011E+1,0.053E+1
2566,8.48,11.00,2.852E+1,0.002E+1,0.005E+1,0.031E+1
2566,11.00,16.60,1.184E+1,0.001E+1,0.002E+1,0.013E+1
2566,16.60,22.80,4.400E+0,0.004E+0,0.007E+0,0.051E+0
2566,22.80,41.90,1.249E+0,0.001E+0,0.002E+0,0.015E+0
2567,1.00,1.92,1.251E+3,0.001E+3,0.002E+3,0.024E+3
2567,1.92,2.97,6.165E+2,0.003E+2,0.010E+2,0.074E+2
2567,2.97,4.02,3.101E+2,0.002E+2,0.005E+2,0.033E+2
2567,4.02,4.88,1.833E+2,0.001E+2,0.004E+2,0.019E+2
2567,4.88,5.90,1.189E+2,0.001E+2,0.003E+2,0.012E+2
2567,5.90,7.09,7.640E+1,0.005E+1,0.016E+1,0.081E+1
2567,7.09,8.48,4.889E+1,0.004E+1,0.010E+1,0.052E+1
2567,8.48,11.00,2.811E+1,0.002E+1,0.005E+1,0.030E+1
2567,11.00,16.60,1.171E+1,0.001E+1,0.002E+1,0.013E+1
2567,16.60,22.80,4.364E+0,0.003E+0,0.006E+0,0.050E+0
2567,22.80,41.90,1.245E+0,0.001E+0,0.001E+0,0.015E+0
2568,1.00,1.92,1.302E+3,0.001E+3,0.001E+3,0.025E+3
2568,1.92,2.97,6.362E+2,0.002E+2,0.007E+2,0.076E+2
2568,2.97,4.02,3.177E+2,0.001E+2,0.004E+2,0.034E+2
2568,4.02,4.88,1.874E+2,0.001E+2,0.003E+2,0.020E+2
2568,4.88,5.90,1.211E+2,0.001E+2,0.002E+2,0.013E+2
2568,5.90,7.09,7.752E+1,0.004E+1,0.012E+1,0.081E+1
2568,7.09,8.48,4.950E+1,0.003E+1,0.007E+1,0.052E+1
2568,8.48,11.00,2.832E+1,0.002E+1,0.003E+1,0.030E+1
2568,11.00,16.60,1.176E+1,0.001E+1,0.001E+1,0.013E+1
2568,16.60,22.80,4.363E+0,0.003E+0,0.005E+0,0.050E+0
2568,22.80,41.90,1.248E+0,0.001E+0,0.001E+0,0.015E+0
2569,1.00,1.92,1.330E+3,0.001E+3,0.002E+3,0.026E+3
2569,1.92,2.97,6.442E+2,0.002E+2,0.011E+2,0.078E+2
2569,2.97,4.02,3.202E+2,0.001E+2,0.006E+2,0.035E+2
2569,4.02,4.88,1.886E+2,0.001E+2,0.004E+2,0.020E+2
2569,4.88,5.90,1.217E+2,0.001E+2,0.003E+2,0.013E+2
2569,5.90,7.09,7.798E+1,0.004E+1,0.018E+1,0.083E+1
2569,7.09,8.48,4.966E+1,0.003E+1,0.012E+1,0.053E+1
2569,8.48,11.00,2.843E+1,0.001E+1,0.005E+1,0.031E+1
2569,11.00,16.60,1.178E+1,0.001E+1,0.002E+1,0.013E+1
2569,16.60,22.80,4.367E+0,0.003E+0,0.007E+0,0.050E+0
2569,22.80,41.90,1.246E+0,0.001E+0,0.002E+0,0.015E+0
2570,1.00,1.92,1.307E+3,0.000E+3,0.002E+3,0.025E+3
2570,1.92,2.97,6.338E+2,0.002E+2,0.009E+2,0.076E+2
2570,2.97,4.02,3.162E+2,0.001E+2,0.005E+2,0.034E+2
2570,4.02,4.88,1.865E+2,0.001E+2,0.004E+2,0.020E+2
2570,4.88,5.90,1.206E+2,0.001E+2,0.002E+2,0.013E+2
2570,5.90,7.09,7.723E+1,0.004E+1,0.016E+1,0.081E+1
2570,7.09,8.48,4.932E+1,0.003E+1,0.010E+1,0.052E+1
2570,8.48,11.00,2.825E+1,0.001E+1,0.005E+1,0.030E+1
2570,11.00,16.60,1.173E+1,0.001E+1,0.002E+1,0.013E+1
2570,16.60,22.80,4.363E+0,0.003E+0,0.006E+0,0.050E+0
2570,22.80,41.90,1.244E+0,0.001E+0,0.001E+0,0.015E+0
2571,1.00,1.92,1.262E+3,0.001E+3,0.002E+3,0.024E+3
2571,1.92,2.97,6.194E+2,0.002E+2,0.008E+2,0.074E+2
2571,2.97,4.02,3.108E+2,0.001E+2,0.005E+2,0.033E+2
2571,4.02,4.88,1.839E+2,0.001E+2,0.003E+2,0.019E+2
2571,4.88,5.90,1.191E+2,0.001E+2,0.002E+2,0.012E+2
2571,5.90,7.09,7.641E+1,0.004E+1,0.013E+1,0.080E+1
2571,7.09,8.48,4.886E+1,0.003E+1,0.009E+1,0.052E+1
2571,8.48,11.00,2.801E+1,0.001E+1,0.004E+1,0.030E+1
2571,11.00,16.60,1.165E+1,0.001E+1,0.001E+1,0.013E+1
2571,16.60,22.80,4.341E+0,0.003E+0,0.005E+0,0.050E+0
2571,22.80,41.90,1.243E+0,0.001E+0,0.001E+0,0.015E+0
2572,1.00,1.92,1.240E+3,0.001E+3,0.002E+3,0.024E+3
2572,1.92,2.97,6.124E+2,0.002E+2,0.009E+2,0.074E+2
2572,2.97,4.02,3.086E+2,0.001E+2,0.005E+2,0.033E+2
2572,4.02,4.88,1.828E+2,0.001E+2,0.004E+2,0.019E+2
2572,4.88,5.90,1.185E+2,0.001E+2,0.002E+2,0.012E+2
2572,5.90,7.09,7.617E+1,0.004E+1,0.015E+1,0.080E+1
2572,7.09,8.48,4.867E+1,0.003E+1,0.010E+1,0.052E+1
2572,8.48,11.00,2.798E+1,0.001E+1,0.005E+1,0.030E+1
2572,11.00,16.60,1.164E+1,0.001E+1,0.001E+1,0.013E+1
2572,16.60,22.80,4.328E+0,0.003E+0,0.006E+0,0.050E+0
2572,22.80,41.90,1.238E+0,0.001E+0,0.001E+0,0.015E+0
2573,1.00,1.92,1.172E+3,0.000E+3,0.002E+3,0.023E+3
2573,1.92,2.97,5.920E+2,0.002E+2,0.009E+2,0.071E+2
2573,2.97,4.02,3.016E+2,0.001E+2,0.005E+2,0.033E+2
2573,4.02,4.88,1.797E+2,0.001E+2,0.004E+2,0.019E+2
2573,4.88,5.90,1.170E+2,0.001E+2,0.002E+2,0.012E+2
2573,5.90,7.09,7.542E+1,0.004E+1,0.016E+1,0.080E+1
2573,7.09,8.48,4.829E+1,0.003E+1,0.010E+1,0.051E+1
2573,8.48,11.00,2.781E+1,0.001E+1,0.005E+1,0.030E+1
2573,11.00,16.60,1.161E+1,0.001E+1,0.002E+1,0.013E+1
2573,16.60,22.80,4.334E+0,0.003E+0,0.007E+0,0.050E+0
2573,22.80,41.90,1.242E+0,0.001E+0,0.001E+0,0.015E+0
2574,1.00,1.92,1.130E+3,0.000E+3,0.002E+3,0.022E+3
2574,1.92,2.97,5.730E+2,0.002E+2,0.013E+2,0.070E+2
2574,2.97,4.02,2.935E+2,0.001E+2,0.007E+2,0.032E+2
2574,4.02,4.88,1.758E+2,0.001E+2,0.005E+2,0.019E+2
2574,4.88,5.90,1.147E+2,0.001E+2,0.003E+2,0.012E+2
2574,5.90,7.09,7.410E+1,0.004E+1,0.022E+1,0.080E+1
2574,7.09,8.48,4.767E+1,0.002E+1,0.014E+1,0.052E+1
2574,8.48,11.00,2.746E+1,0.001E+1,0.007E+1,0.030E+1
2574,11.00,16.60,1.151E+1,0.001E+1,0.002E+1,0.013E+1
2574,16.60,22.80,4.306E+0,0.002E+0,0.009E+0,0.050E+0
2574,22.80,41.90,1.234E+0,0.001E+0,0.002E+0,0.015E+0
2575,1.00,1.92,1.038E+3,0.000E+3,0.002E+3,0.020E+3
2575,1.92,2.97,5.416E+2,0.002E+2,0.008E+2,0.065E+2
2575,2.97,4.02,2.826E+2,0.001E+2,0.005E+2,0.030E+2
2575,4.02,4.88,1.710E+2,0.001E+2,0.004E+2,0.018E+2
2575,4.88,5.90,1.124E+2,0.001E+2,0.002E+2,0.012E+2
2575,5.90,7.09,7.299E+1,0.004E+1,0.015E+1,0.077E+1
2575,7.09,8.48,4.702E+1,0.002E+1,0.010E+1,0.050E+1
2575,8.48,11.00,2.718E+1,0.001E+1,0.005E+1,0.029E+1
2575,11.00,16.60,1.140E+1,0.001E+1,0.002E+1,0.013E+1
2575,16.60,22.80,4.273E+0,0.002E+0,0.006E+0,0.049E+0
2575,22.80,41.90,1.226E+0,0.001E+0,0.001E+0,0.014E+0
