Carr Rot,Start Date,R_av,R_n,R_s,L_av,L_n,L_s
CR 1642,1976-05-27 15h,6.8,4.7,-9,14.5,13.6,-15.5
CR 1643,1976-06-23 21h,6.2,4.5,-7.8,15.3,15.7,-14.8
CR 1644,1976-07-21 04h,6.8,8.2,-5.5,20,26.6,-13.5
CR 1645,1976-08-17 11h,4,4.1,-4,13.2,12.2,-14.2
CR 1646,1976-09-13 17h,6.7,8.7,-4.7,14.8,14.7,-15
CR 1647,1976-10-11 00h,7.9,7.4,-8.4,16.1,14.1,-18.1
CR 1648,1976-11-07 06h,7.1,5.8,-8.5,13.7,12.8,-14.6
CR 1649,1976-12-04 13h,7.4,7,-7.9,17,19,-15.1
CR 1650,1976-12-31 20h,6.6,4.3,-8.8,17.3,15.3,-19.2
CR 1651,1977-01-28 02h,7.7,2.5,-12.9,17.6,16.9,-18.3
CR 1652,1977-02-24 09h,4.4,0.2,-8.5,15.3,14.9,-15.6
CR 1653,1977-03-23 15h,8.6,4.3,-13,23.3,17.7,-29
CR 1654,1977-04-19 22h,13.7,12,-15.4,28.3,25.4,-31.2
CR 1655,1977-05-17 05h,14,12.5,-15.5,32.9,30.6,-35.3
CR 1656,1977-06-13 11h,15.5,13.6,-17.3,32.9,27.8,-38
CR 1657,1977-07-10 18h,11.8,11.5,-12.2,25.4,20.6,-30.1
CR 1658,1977-08-07 00h,10,9.8,-10.1,19.4,14.4,-24.4
CR 1659,1977-09-03 07h,12.5,10.4,-14.7,23,19.7,-26.2
CR 1660,1977-09-30 14h,12.3,9.3,-15.2,21.8,14.6,-28.9
CR 1661,1977-10-27 20h,12.4,9.8,-15.1,29.1,29,-29.2
CR 1662,1977-11-24 03h,16.3,9.5,-23.1,36.8,31.9,-41.6
CR 1663,1977-12-21 10h,15.7,14.5,-16.9,34.2,39.5,-29
CR 1664,1978-01-17 16h,26.7,25.6,-27.9,53.2,54.4,-52
CR 1665,1978-02-13 23h,36.1,38.9,-33.2,56.5,58.9,-54.1
CR 1666,1978-03-13 05h,32.7,37.5,-28,54.1,58.2,-50.1
CR 1667,1978-04-09 12h,26.5,25.8,-27.2,48.1,49.1,-47.2
CR 1668,1978-05-06 19h,30.4,32.3,-28.4,51.1,52.9,-49.3
CR 1669,1978-06-03 01h,24.5,29.5,-19.4,44.4,49.3,-39.4
CR 1670,1978-06-30 08h,27.1,36.2,-18,46,54.8,-37.1
CR 1671,1978-07-27 14h,26.4,30.6,-22.2,44.2,52.6,-35.8
CR 1672,1978-08-23 21h,34.1,51.6,-16.5,62.9,74.1,-51.6
CR 1673,1978-09-20 04h,51.3,52.4,-50.3,69.6,74.8,-64.3
CR 1674,1978-10-17 10h,46.5,41.6,-51.3,63.7,61.6,-65.7
CR 1675,1978-11-13 17h,43.9,42.3,-45.4,61.3,61.3,-61.3
CR 1676,1978-12-10 23h,45.3,45.8,-44.7,65.8,66,-65.7
CR 1677,1979-01-07 06h,47.5,47.8,-47.2,66.4,66.6,-66.3
CR 1678,1979-02-03 13h,59.2,60.5,-58,74.4,73.8,-75
CR 1679,1979-03-02 19h,55.2,47.9,-62.6,70.7,67,-74.5
CR 1680,1979-03-30 02h,65.4,60.8,-69.9,74.8,75.1,-74.4
CR 1681,1979-04-26 08h,67.6,61.9,-73.4,73.7,74,-73.3
CR 1682,1979-05-23 15h,62.5,64.7,-60.3,75,75.1,-75
CR 1683,1979-06-19 22h,66.3,75.1,-57.5,74.2,74.7,-73.7
CR 1684,1979-07-17 04h,71.5,74.7,-68.4,74.4,73.8,-75
CR 1685,1979-08-13 11h,62,71.3,-52.7,74,74.8,-73.2
CR 1686,1979-09-09 17h,70.6,73.5,-67.8,72.4,70.8,-74
CR 1687,1979-10-07 00h,73.8,74.1,-73.4,74.5,74,-74.9
CR 1688,1979-11-03 07h,70.9,75.1,-66.6,67.3,59.5,-75.1
CR 1689,1979-11-30 13h,69.1,73.2,-65,70.5,74.8,-66.3
CR 1690,1979-12-27 20h,72,75,-68.9,74.5,74,-75
CR 1691,1980-01-24 03h,65.1,72.3,-58,73.5,73.5,-73.4
CR 1692,1980-02-20 09h,69.8,64.6,-75.1,74.9,74.9,-74.8
CR 1693,1980-03-18 16h,64.8,56.9,-72.7,74.1,73.6,-74.6
CR 1694,1980-04-14 22h,50.4,50.9,-49.9,71.4,68.2,-74.6
CR 1695,1980-05-12 05h,41,37.4,-44.5,58.6,56.2,-60.9
CR 1696,1980-06-08 12h,31.2,33.1,-29.2,50.7,53.6,-47.8
CR 1697,1980-07-05 18h,44,41.2,-46.9,58.1,57.6,-58.5
CR 1698,1980-08-02 01h,48.5,50.1,-47,68.4,70.6,-66.1
CR 1699,1980-08-29 07h,42.7,40.7,-44.6,64.1,67.2,-61
CR 1700,1980-09-25 14h,44.2,38.9,-49.4,64.7,62.5,-66.9
CR 1701,1980-10-22 21h,47.3,43.8,-50.8,67.2,65.2,-69.1
CR 1702,1980-11-19 03h,47.3,43.8,-50.9,66.5,65.5,-67.6
CR 1703,1980-12-16 10h,37.3,28.1,-46.6,55.7,49.7,-61.7
CR 1704,1981-01-12 16h,40,31.5,-48.5,60.3,54.2,-66.5
CR 1705,1981-02-08 23h,50,51.5,-48.4,62.1,60.6,-63.6
CR 1706,1981-03-08 06h,49.7,58,-41.5,58.4,60.5,-56.4
CR 1707,1981-04-04 12h,54.6,64.5,-44.7,65.4,71.8,-59
CR 1708,1981-05-01 19h,47.6,53.5,-41.7,63.1,67.3,-59
CR 1709,1981-05-29 01h,42.2,50.8,-33.7,60.9,66.2,-55.5
CR 1710,1981-06-25 08h,44.4,43.7,-45.1,68.1,64.6,-71.7
CR 1711,1981-07-22 15h,36.9,43.6,-30.2,58.6,64.4,-52.8
CR 1712,1981-08-18 21h,31.1,25.5,-36.7,56.3,51.8,-60.8
CR 1713,1981-09-15 04h,35,34.8,-35.2,55.6,51.5,-59.7
CR 1714,1981-10-12 10h,33.3,39,-27.7,49.9,48.5,-51.3
CR 1715,1981-11-08 17h,27.2,30.6,-23.8,47.7,43.4,-51.9
CR 1716,1981-12-06 00h,28,24.8,-31.2,47.6,39.6,-55.5
CR 1717,1982-01-02 06h,29.8,18.3,-41.4,50.4,37.5,-63.3
CR 1718,1982-01-29 13h,37.3,31.3,-43.2,44.5,34.7,-54.4
CR 1719,1982-02-25 19h,31.4,31.4,-31.4,41.1,41.4,-40.9
CR 1720,1982-03-25 02h,38.9,36.2,-41.5,50.9,51.4,-50.5
CR 1721,1982-04-21 09h,41.5,35.2,-47.7,55.5,50.1,-60.9
CR 1722,1982-05-18 15h,44.9,42.7,-47.1,57.2,55.3,-59.1
CR 1723,1982-06-14 22h,48.9,46.3,-51.5,58.4,58.4,-58.4
CR 1724,1982-07-12 05h,47.8,47.5,-48.1,60.1,63,-57.1
CR 1725,1982-08-08 11h,49.1,47.2,-50.9,61.1,62.9,-59.2
CR 1726,1982-09-04 18h,46.7,46,-47.3,61.3,62.4,-60.2
CR 1727,1982-10-02 00h,34.7,37.1,-32.3,53.8,57.6,-49.9
CR 1728,1982-10-29 07h,28.2,31.9,-24.5,47.6,52.5,-42.8
CR 1729,1982-11-25 14h,24.3,26.3,-22.3,43.5,42.1,-45
CR 1730,1982-12-22 20h,26.1,23.3,-28.8,48.1,48.8,-47.3
CR 1731,1983-01-19 03h,32.9,33.9,-31.8,47.4,47.4,-47.5
CR 1732,1983-02-15 09h,28,29.7,-26.3,45.4,45,-45.8
CR 1733,1983-03-14 16h,27.4,31.7,-23.1,41.3,44.5,-38
CR 1734,1983-04-10 23h,33,35.3,-30.7,46.6,47.1,-46.2
CR 1735,1983-05-08 05h,31.2,30.8,-31.6,49.9,49.1,-50.6
CR 1736,1983-06-04 12h,24.3,20.4,-28.3,42.5,36.4,-48.5
CR 1737,1983-07-01 18h,25.1,22.2,-27.9,44.4,38.9,-50
CR 1738,1983-07-29 01h,25,23.8,-26.2,42.5,38.9,-46.1
CR 1739,1983-08-25 08h,23.4,18.7,-28,39.8,33.7,-45.9
CR 1740,1983-09-21 14h,21.8,19.6,-24,38.2,33.2,-43.2
CR 1741,1983-10-18 21h,18.2,15.7,-20.7,35.5,31.5,-39.5
CR 1742,1983-11-15 03h,20,18.4,-21.6,36.6,34.9,-38.4
CR 1743,1983-12-12 10h,15.7,14.8,-16.7,31.2,34.7,-27.8
CR 1744,1984-01-08 17h,17.4,13.1,-21.7,32.8,32.2,-33.5
CR 1745,1984-02-04 23h,20,13.8,-26.1,36.2,34,-38.4
CR 1746,1984-03-03 06h,23.8,21.9,-25.6,41.2,42,-40.3
CR 1747,1984-03-30 12h,23.9,21.4,-26.3,42.5,41.7,-43.3
CR 1748,1984-04-26 19h,24.1,19.1,-29.1,40.3,35,-45.6
CR 1749,1984-05-24 02h,23.9,20,-27.8,41.1,37.3,-44.9
CR 1750,1984-06-20 08h,23.8,21.8,-25.9,42.1,40.4,-43.8
CR 1751,1984-07-17 15h,22.1,18.6,-25.6,38,34,-42
CR 1752,1984-08-13 21h,24.1,21.5,-26.8,38.9,35.1,-42.6
CR 1753,1984-09-10 04h,21.8,20.2,-23.5,36.8,33.3,-40.2
CR 1754,1984-10-07 11h,19,17.2,-20.8,34.1,31.6,-36.7
CR 1755,1984-11-03 17h,16.7,14.5,-18.8,32.2,30.8,-33.5
CR 1756,1984-12-01 00h,13,11,-14.9,27.6,25.9,-29.2
CR 1757,1984-12-28 07h,10.4,6.3,-14.5,23.7,19.6,-27.9
CR 1758,1985-01-24 13h,9,5.1,-12.8,19.7,17.9,-21.5
CR 1759,1985-02-20 20h,6.3,1.5,-11.1,16.9,14,-19.7
CR 1760,1985-03-20 02h,6.4,3.2,-9.5,16.8,16.6,-16.9
CR 1761,1985-04-16 09h,5,2.3,-7.7,15.6,15.2,-15.9
CR 1762,1985-05-13 16h,5.7,4.5,-6.9,16.3,17.7,-14.9
CR 1763,1985-06-09 22h,6.8,6.9,-6.7,17.8,18.7,-16.8
CR 1764,1985-07-07 05h,7.1,7.7,-6.5,18.9,19.8,-17.9
CR 1765,1985-08-03 11h,6.7,7.1,-6.3,19.4,21.7,-17.1
CR 1766,1985-08-30 18h,7.8,8.1,-7.5,17.5,18.3,-16.8
CR 1767,1985-09-27 01h,8.8,11.2,-6.4,18.5,21.2,-15.9
CR 1768,1985-10-24 07h,7.7,8.6,-6.7,18.6,20.1,-17.1
CR 1769,1985-11-20 14h,6.9,5.1,-8.7,16.7,14.9,-18.6
CR 1770,1985-12-17 20h,6.9,4.2,-9.5,17,16.6,-17.4
CR 1771,1986-01-14 03h,6.9,3.2,-10.7,19.3,22.1,-16.6
CR 1772,1986-02-10 10h,8.1,0.1,-16,17.9,11.8,-23.9
CR 1773,1986-03-09 16h,7.7,0.5,-14.9,15.6,10.3,-20.9
CR 1774,1986-04-05 23h,6,1.7,-10.3,14.3,12.6,-16
CR 1775,1986-05-03 05h,4.2,1.4,-6.9,15.1,14.8,-15.4
CR 1776,1986-05-30 12h,4,1.8,-6.2,14.2,15.1,-13.3
CR 1777,1986-06-26 19h,3.8,2.6,-5,12.1,12.7,-11.6
CR 1778,1986-07-24 01h,4.5,4.7,-4.2,11.6,13.8,-9.4
CR 1779,1986-08-20 08h,3.6,4.8,-2.5,12,14.4,-9.6
CR 1780,1986-09-16 14h,3.8,4.5,-3.2,11.4,14.2,-8.6
CR 1781,1986-10-13 21h,7.3,9.9,-4.7,16.9,26.3,-7.4
CR 1782,1986-11-10 04h,4.9,5.4,-4.3,10,14.9,-5.2
CR 1783,1986-12-07 10h,5.1,4.6,-5.6,12.1,15.2,-8.9
CR 1784,1987-01-03 17h,3.9,0.7,-7,9,8.5,-9.4
CR 1785,1987-01-30 23h,3.3,-0.8,-7.4,9,7.5,-10.5
CR 1786,1987-02-27 06h,3.4,-0.5,-7.3,8.4,6.3,-10.5
CR 1787,1987-03-26 13h,3.7,1.5,-5.9,9.1,8.5,-9.7
CR 1788,1987-04-22 19h,4.8,2.8,-6.7,9.1,8.1,-10
CR 1789,1987-05-20 02h,9.7,7.9,-11.4,25.9,33.4,-18.4
CR 1790,1987-06-16 09h,9.7,8.5,-10.9,19.9,21.2,-18.6
CR 1791,1987-07-13 15h,11.6,12.7,-10.5,18.8,22.8,-14.7
CR 1792,1987-08-09 22h,15.8,18.5,-13.1,23.2,28.6,-17.9
CR 1793,1987-09-06 04h,21.3,18,-24.7,33.6,25.2,-42
CR 1794,1987-10-03 11h,15.3,16.8,-13.8,22.4,20.8,-23.9
CR 1795,1987-10-30 18h,14.5,14.1,-14.9,27.1,24.1,-30.2
CR 1796,1987-11-27 00h,10.8,10.5,-11,23.1,20.5,-25.6
CR 1797,1987-12-24 07h,11.2,11.4,-11,24.9,23.7,-26.2
CR 1798,1988-01-20 13h,14.6,12,-17.1,27.2,26,-28.5
CR 1799,1988-02-16 20h,19.8,21,-18.6,35.3,38.1,-32.5
CR 1800,1988-03-15 03h,28.5,25.2,-31.7,44,40,-48
CR 1801,1988-04-11 09h,19.8,17.3,-22.3,31.6,22.8,-40.4
CR 1802,1988-05-08 16h,28.5,21.7,-35.4,44.1,34.9,-53.3
CR 1803,1988-06-04 22h,31.1,25.1,-37.1,45.3,40.3,-50.3
CR 1804,1988-07-02 05h,30.2,25.6,-34.7,42.6,39.8,-45.3
CR 1805,1988-07-29 12h,38.7,43.3,-34,49.5,57.6,-41.5
CR 1806,1988-08-25 18h,44.7,45.2,-44.1,56.5,59,-54
CR 1807,1988-09-22 01h,36.9,45.4,-28.3,50.2,63.3,-37.2
CR 1808,1988-10-19 07h,34.8,38.9,-30.6,48.3,58.1,-38.5
CR 1809,1988-11-15 14h,32.6,29.1,-36.2,52.9,55.1,-50.7
CR 1810,1988-12-12 21h,43.6,49,-38.3,58.9,65.7,-52.1
CR 1811,1989-01-09 03h,45.2,46.5,-43.9,62.6,66.8,-58.3
CR 1812,1989-02-05 10h,61.1,61.2,-61,71.5,75.1,-67.8
CR 1813,1989-03-04 16h,59.3,69.5,-49.1,65.8,71.2,-60.4
CR 1814,1989-03-31 23h,61,75.1,-46.9,67.8,70.8,-64.7
CR 1815,1989-04-28 06h,60.5,74.3,-46.8,67.8,70.3,-65.3
CR 1816,1989-05-25 12h,75,75.2,-74.9,69.9,66.6,-73.2
CR 1817,1989-06-21 19h,73.3,74.6,-71.9,61.1,47.9,-74.4
CR 1818,1989-07-19 01h,72.8,71.9,-73.8,74.4,74,-74.8
CR 1819,1989-08-15 08h,68.7,69.6,-67.8,71.9,68.6,-75.2
CR 1820,1989-09-11 15h,61.6,63.3,-59.9,59,43.5,-74.5
CR 1821,1989-10-08 21h,70.9,70.7,-71.2,64.2,74.9,-53.6
CR 1822,1989-11-05 04h,74.2,74.9,-73.5,66.9,74.6,-59.2
CR 1823,1989-12-02 11h,72.3,70.1,-74.5,69.6,75.1,-64.1
CR 1824,1989-12-29 17h,74.7,74.5,-74.9,70.2,74.5,-65.9
CR 1825,1990-01-26 00h,74.3,75,-73.6,70.4,74.7,-66
CR 1826,1990-02-22 06h,74.5,75,-74.1,74.5,75.1,-73.9
CR 1827,1990-03-21 13h,69.1,68.6,-69.7,75,75,-75.1
CR 1828,1990-04-17 20h,63.1,71,-55.2,70.2,75.2,-65.3
CR 1829,1990-05-15 02h,68.5,61.8,-75.1,74.8,74.5,-75.1
CR 1830,1990-06-11 09h,64,56.4,-71.7,72.4,70.2,-74.6
CR 1831,1990-07-08 15h,72.1,72.2,-72,73.6,72.7,-74.5
CR 1832,1990-08-04 22h,71.1,68.9,-73.4,65.1,75,-55.2
CR 1833,1990-09-01 05h,71.1,72.9,-69.2,73.8,73.4,-74.1
CR 1834,1990-09-28 11h,72.5,70.6,-74.4,74.8,74.9,-74.7
CR 1835,1990-10-25 18h,66.1,62.4,-69.8,75,74.8,-75.1
CR 1836,1990-11-22 00h,63.2,55.4,-70.9,68.7,74,-63.4
CR 1837,1990-12-19 07h,44,47,-40.9,61.4,69.2,-53.6
CR 1838,1991-01-15 14h,60.9,50.6,-71.3,63.8,59.7,-67.9
CR 1839,1991-02-11 20h,63.3,56.7,-70,66.7,63.1,-70.2
CR 1840,1991-03-11 03h,58.3,58.1,-58.5,63.7,63.9,-63.4
CR 1841,1991-04-07 09h,54.5,50.5,-58.5,62.9,61.4,-64.3
CR 1842,1991-05-04 16h,49.4,46.7,-52.2,60.8,59.9,-61.6
CR 1843,1991-05-31 23h,49.1,47.4,-50.7,63.3,63.5,-63
CR 1844,1991-06-28 05h,51.4,49.8,-53.1,65.2,65.5,-65
CR 1845,1991-07-25 12h,47.1,43.5,-50.7,60.5,56.2,-64.8
CR 1846,1991-08-21 18h,41,30.8,-51.3,58.8,50.8,-66.8
CR 1847,1991-09-18 01h,41.1,32.6,-49.6,55.9,46.3,-65.4
CR 1848,1991-10-15 08h,40.3,33.2,-47.3,54.6,46.4,-62.7
CR 1849,1991-11-11 14h,38,30.7,-45.4,53.7,47.3,-60.1
CR 1850,1991-12-08 21h,30.8,33.2,-28.3,49.7,52.2,-47.2
CR 1851,1992-01-05 04h,27.6,27,-28.3,45.4,46.6,-44.1
CR 1852,1992-02-01 10h,22.6,24.1,-21,41.7,44.9,-38.5
CR 1853,1992-02-28 17h,24.3,26.4,-22.2,42.9,47.1,-38.7
CR 1854,1992-03-26 23h,25.6,27,-24.2,44.4,49.2,-39.7
CR 1855,1992-04-23 06h,19.5,19.4,-19.5,40.5,42,-39.1
CR 1856,1992-05-20 13h,9.3,2.1,-16.5,23.9,19.2,-28.5
CR 1857,1992-06-16 19h,15.4,9.1,-21.7,32.9,28.9,-36.8
CR 1858,1992-07-14 02h,17.5,9.7,-25.3,39.5,35.9,-43.1
CR 1859,1992-08-10 08h,16.3,4.2,-28.4,39.7,33.3,-46.1
CR 1860,1992-09-06 15h,16,6.9,-25.1,30.4,16.3,-44.5
CR 1861,1992-10-03 22h,16.3,9.7,-22.9,32.4,23.1,-41.7
CR 1862,1992-10-31 04h,17,13.7,-20.4,33.4,28.2,-38.5
CR 1863,1992-11-27 11h,17.6,8.7,-26.5,33.2,20,-46.4
CR 1864,1992-12-24 17h,23.5,12.3,-34.6,35.4,20.4,-50.4
CR 1865,1993-01-21 00h,21.3,5.1,-37.4,36.8,21.5,-52.2
CR 1866,1993-02-17 07h,19.5,5.1,-33.9,33.6,19.1,-48.1
CR 1867,1993-03-16 13h,21.5,10.8,-32.3,37.9,28.5,-47.3
CR 1868,1993-04-12 20h,19.8,12.2,-27.3,34.7,27,-42.5
CR 1869,1993-05-10 02h,20.8,16.6,-25,35.3,31.7,-38.8
CR 1870,1993-06-06 09h,18.6,14.3,-22.9,36.4,30.3,-42.5
CR 1871,1993-07-03 16h,14.9,10.7,-19.1,34.2,27.6,-40.8
CR 1872,1993-07-30 22h,17,14.6,-19.4,34.8,28.5,-41.1
CR 1873,1993-08-27 05h,15.5,11.8,-19.1,32.5,26.3,-38.6
CR 1874,1993-09-23 11h,17.3,14.2,-20.3,30.3,27.8,-32.9
CR 1875,1993-10-20 18h,14.6,12.2,-17,28.7,26.2,-31.1
CR 1876,1993-11-17 01h,17.1,11.7,-22.4,31.9,26.3,-37.4
CR 1877,1993-12-14 07h,18.5,10.5,-26.5,36.7,31.8,-41.6
CR 1878,1994-01-10 14h,18,8.6,-27.4,38.4,33.4,-43.3
CR 1879,1994-02-06 20h,17.7,8.7,-26.7,35,26.9,-43.1
CR 1880,1994-03-06 03h,17.5,9.3,-25.8,35.9,29.2,-42.6
CR 1881,1994-04-02 10h,17.3,10.2,-24.3,35.8,29.7,-42
CR 1882,1994-04-29 16h,17.5,10.4,-24.7,34.7,29.1,-40.3
CR 1883,1994-05-26 23h,15.1,11.2,-18.9,30.7,25.9,-35.6
CR 1884,1994-06-23 06h,12.3,8.5,-16.2,26.1,21.4,-30.8
CR 1885,1994-07-20 12h,10,6.9,-13.2,22.7,18.5,-26.9
CR 1886,1994-08-16 19h,10.4,8.7,-12,23,19.6,-26.4
CR 1887,1994-09-13 01h,11.2,9.8,-12.7,25.2,21.5,-28.9
CR 1888,1994-10-10 08h,10.7,9.8,-11.5,24.1,21.5,-26.8
CR 1889,1994-11-06 15h,10.7,9.8,-11.5,23,20.5,-25.6
CR 1890,1994-12-03 21h,9.1,5.3,-12.8,23.2,18.1,-28.3
CR 1891,1994-12-31 04h,9.8,5.2,-14.4,22.1,17.6,-26.5
CR 1892,1995-01-27 10h,8.6,4.1,-13.1,21,14.8,-27.2
CR 1893,1995-02-23 17h,7.7,3.7,-11.7,19.4,16.8,-22
CR 1894,1995-03-23 00h,11.6,7.3,-15.8,25.9,20.4,-31.3
CR 1895,1995-04-19 06h,10.2,6.1,-14.4,25.4,19.4,-31.3
CR 1896,1995-05-16 13h,10,6.9,-13.1,24,16.5,-31.6
CR 1897,1995-06-12 19h,10.3,8.5,-12,25.5,21.3,-29.7
CR 1898,1995-07-10 02h,10,8.5,-11.5,22.1,17.7,-26.5
CR 1899,1995-08-06 09h,6.8,5.8,-7.9,18.6,17.8,-19.3
CR 1900,1995-09-02 15h,7.2,6.1,-8.4,20.2,20.4,-19.9
CR 1901,1995-09-29 22h,5.9,6.4,-5.4,18.4,21.1,-15.7
CR 1902,1995-10-27 04h,5.3,3,-7.6,17.1,18,-16.2
CR 1903,1995-11-23 11h,5.4,3,-7.9,14.3,12.1,-16.5
CR 1904,1995-12-20 18h,4.3,4.1,-4.5,9.7,8.7,-10.7
CR 1905,1996-01-17 00h,3,3.1,-2.8,9.7,9.9,-9.5
CR 1906,1996-02-13 07h,2.8,3.8,-1.8,8.9,12.7,-5
CR 1907,1996-03-11 13h,4.5,2.9,-6.1,14.3,12.1,-16.6
CR 1908,1996-04-07 20h,5,4.4,-5.7,14.2,12.6,-15.9
CR 1909,1996-05-05 03h,4.2,3.8,-4.6,11.6,11.7,-11.5
CR 1910,1996-06-01 09h,4.8,4.8,-4.8,13.1,14.4,-11.8
CR 1911,1996-06-28 16h,6.1,9.7,-2.5,18.4,22.2,-14.7
CR 1912,1996-07-25 22h,7.7,12.4,-2.9,20.2,23.6,-16.7
CR 1913,1996-08-22 05h,9.3,15.9,-2.7,24.9,28.4,-21.5
CR 1914,1996-09-18 12h,10,15.2,-4.9,25.5,28.4,-22.6
CR 1915,1996-10-15 18h,6.3,11.5,-1.1,19.7,23.6,-15.8
CR 1916,1996-11-12 01h,7.1,7,-7.2,15.7,13,-18.5
CR 1917,1996-12-09 08h,9.8,10.8,-8.7,24.7,27.4,-21.9
CR 1918,1997-01-05 14h,8.5,5.2,-11.9,25.6,22.3,-29
CR 1919,1997-02-01 21h,5.1,1.3,-9,16.9,14.5,-19.4
CR 1920,1997-03-01 03h,2.7,2.2,-3.2,12.6,18.3,-6.8
CR 1921,1997-03-28 10h,3.7,2.9,-4.5,15.7,19.9,-11.5
CR 1922,1997-04-24 17h,4.9,7.6,-2.3,13.5,20.9,-6
CR 1923,1997-05-21 23h,4.4,6.6,-2.1,12.6,16.2,-9.1
CR 1924,1997-06-18 06h,4.5,7.2,-1.8,13.5,17.7,-9.3
CR 1925,1997-07-15 12h,7,9,-5.1,19.8,18.9,-20.8
CR 1926,1997-08-11 19h,13.9,17.1,-10.8,34.6,39.4,-29.9
CR 1927,1997-09-08 02h,12.6,11.9,-13.3,33.7,30.4,-37
CR 1928,1997-10-05 08h,8.4,9.6,-7.3,21,23.3,-18.6
CR 1929,1997-11-01 15h,3.5,7.1,0.2,12.9,12.9,-13
CR 1930,1997-11-28 21h,6.7,10.5,-2.9,26.6,31.3,-22
CR 1931,1997-12-26 04h,9.1,8.7,-9.6,25.5,22,-29
CR 1932,1998-01-22 11h,17.8,17.1,-18.6,36.5,32.1,-40.8
CR 1933,1998-02-18 17h,15.7,13.5,-17.9,29.3,24.6,-34
CR 1934,1998-03-18 00h,33.9,24.2,-43.6,51.9,40.4,-63.4
CR 1935,1998-04-14 06h,34.7,26.3,-43.1,52.6,42.1,-63
CR 1936,1998-05-11 13h,24,20.8,-27.2,39.7,30.7,-48.6
CR 1937,1998-06-07 20h,29.8,21.3,-38.2,46.7,36.5,-56.8
CR 1938,1998-07-05 02h,28.2,25.2,-31.2,49.1,41.3,-56.8
CR 1939,1998-08-01 09h,16,20.7,-11.3,41.5,39.2,-43.7
CR 1940,1998-08-28 15h,20.6,26.2,-15,46.7,44.5,-48.8
CR 1941,1998-09-24 22h,16.8,24,-9.6,39.7,39.7,-39.8
CR 1942,1998-10-22 05h,28,24.8,-31.3,41.1,34.8,-47.4
CR 1943,1998-11-18 11h,43.1,44.2,-42,62.5,64.4,-60.5
CR 1944,1998-12-15 18h,50.9,63.2,-38.6,64.5,74.6,-54.5
CR 1945,1999-01-12 00h,42.5,45,-39.9,62.8,67.1,-58.4
CR 1946,1999-02-08 07h,50.5,57.5,-43.4,66.7,72.6,-60.9
CR 1947,1999-03-07 14h,48.1,54.1,-42.1,61.7,70.5,-52.9
CR 1948,1999-04-03 20h,46.5,40.8,-52.1,61.2,62.3,-60.1
CR 1949,1999-05-01 03h,49.3,37.2,-61.5,70.8,66.7,-74.9
CR 1950,1999-05-28 10h,55,37,-73,68.8,63.6,-74.1
CR 1951,1999-06-24 16h,70.3,65.7,-74.9,74.9,74.8,-75.1
CR 1952,1999-07-21 23h,74.5,74,-75,74,72.8,-75.1
CR 1953,1999-08-18 05h,72.1,73.5,-70.7,72.7,73.8,-71.5
CR 1954,1999-09-14 12h,72.9,73.5,-72.3,69.9,72.4,-67.4
CR 1955,1999-10-11 19h,60.4,65.6,-55.2,73,75,-71.1
CR 1956,1999-11-08 01h,67.6,71.7,-63.5,74.7,74.8,-74.6
CR 1957,1999-12-05 08h,71.5,73.2,-69.9,74.7,74.6,-74.7
CR 1958,2000-01-01 14h,73.9,74.6,-73.3,74.5,74.6,-74.3
CR 1959,2000-01-28 21h,74.5,75.1,-73.8,73,74.1,-72
CR 1960,2000-02-25 04h,74.5,74,-74.9,73,74.6,-71.3
CR 1961,2000-03-23 10h,73.6,72.6,-74.5,69.2,73.9,-64.4
CR 1962,2000-04-19 17h,72.6,72.6,-72.7,74.5,74.4,-74.7
CR 1963,2000-05-16 23h,63.6,60.2,-67,70.8,73.4,-68.3
CR 1964,2000-06-13 06h,73.7,73.1,-74.3,71.9,74.3,-69.6
CR 1965,2000-07-10 13h,56.7,52.9,-60.5,67.4,65.4,-69.5
CR 1966,2000-08-06 19h,57.3,69,-45.6,63.6,68.4,-58.8
CR 1967,2000-09-03 02h,63.4,66.9,-59.9,67.6,65.4,-69.9
CR 1968,2000-09-30 08h,49.9,45.4,-54.5,63.2,58.5,-67.9
CR 1969,2000-10-27 15h,44.8,50.4,-39.2,61.5,63,-60.1
CR 1970,2000-11-23 22h,54.3,48.1,-60.4,66.3,62.5,-70.1
CR 1971,2000-12-21 04h,52.3,33,-71.5,58.3,50.6,-66
CR 1972,2001-01-17 11h,19.6,29.4,-9.8,47.8,44.9,-50.6
CR 1973,2001-02-13 17h,18.7,35.5,-1.8,51.9,50.8,-52.9
CR 1974,2001-03-13 00h,10.8,18,-3.5,40,35.2,-44.8
CR 1975,2001-04-09 07h,39.9,35.4,-44.3,56.1,53.1,-59.1
CR 1976,2001-05-06 13h,50.3,54.4,-46.2,67.9,69.6,-66.1
CR 1977,2001-06-02 20h,46.8,43.7,-49.9,61,56.4,-65.5
CR 1978,2001-06-30 02h,49.4,46.5,-52.3,63.3,63.6,-63.1
CR 1979,2001-07-27 09h,36.1,40.2,-31.9,59.8,62.7,-57
CR 1980,2001-08-23 16h,29.3,23.8,-34.8,52,45.6,-58.4
CR 1981,2001-09-19 22h,27.6,22.4,-32.8,44.7,39.1,-50.3
CR 1982,2001-10-17 05h,37,29.7,-44.3,47.3,39.8,-54.8
CR 1983,2001-11-13 12h,42.1,34,-50.1,57.1,51.3,-63
CR 1984,2001-12-10 18h,37.9,34.9,-40.8,61.3,56.7,-65.9
CR 1985,2002-01-07 01h,40.5,36.4,-44.5,56,44.9,-67.2
CR 1986,2002-02-03 07h,49.6,38.2,-61,62.2,49.3,-75.1
CR 1987,2002-03-02 14h,42.6,45.3,-40,59,54.8,-63.1
CR 1988,2002-03-29 21h,46.2,51.2,-41.2,58,55.6,-60.4
CR 1989,2002-04-26 03h,44.8,50.1,-39.5,56.4,57.2,-55.7
CR 1990,2002-05-23 10h,37.3,42.4,-32.2,55,57.6,-52.3
CR 1991,2002-06-19 16h,38.3,38.3,-38.3,57.3,56.6,-58
CR 1992,2002-07-16 23h,43.1,35.1,-51.1,56.2,48.7,-63.7
CR 1993,2002-08-13 06h,36.1,34.7,-37.5,48.9,45.8,-51.9
CR 1994,2002-09-09 12h,55.8,42.1,-69.4,61.8,54.7,-68.9
CR 1995,2002-10-06 19h,45.4,37.8,-53,58.1,51,-65.3
CR 1996,2002-11-03 01h,38.1,34.1,-42,53.6,48.8,-58.5
CR 1997,2002-11-30 08h,45.3,40.3,-50.3,58.9,56.6,-61.1
CR 1998,2002-12-27 15h,50.2,41.4,-58.9,60.4,54.4,-66.4
CR 1999,2003-01-23 21h,51.5,47.3,-55.8,62.3,57.4,-67.2
CR 2000,2003-02-20 04h,43.8,33.6,-53.9,55.7,44.7,-66.6
CR 2001,2003-03-19 10h,39.9,29.5,-50.3,51.9,38.7,-65
CR 2002,2003-04-15 17h,39.4,28.6,-50.1,52.9,39.9,-65.9
CR 2003,2003-05-13 00h,42.4,36,-48.8,57.9,50.4,-65.3
CR 2004,2003-06-09 06h,42,39.3,-44.6,58.2,54.7,-61.7
CR 2005,2003-07-06 13h,43.6,44.4,-42.8,61,60.1,-61.8
CR 2006,2003-08-02 19h,39.2,43.5,-35,58.6,60.5,-56.8
CR 2007,2003-08-30 02h,36.7,37.6,-35.8,56.7,57.8,-55.6
CR 2008,2003-09-26 09h,31.9,34.4,-29.5,53.6,55.7,-51.5
CR 2009,2003-10-23 15h,44.9,44.5,-45.3,62.8,63.8,-61.9
CR 2010,2003-11-19 22h,42.2,44.4,-40,56.9,59.8,-53.9
CR 2011,2003-12-17 04h,45.5,45.1,-46,59.3,59.9,-58.7
CR 2012,2004-01-13 11h,49.6,54.9,-44.3,61.9,63.6,-60.1
CR 2013,2004-02-09 18h,38.5,34,-43.1,54.2,52.1,-56.3
CR 2014,2004-03-08 00h,31.8,29,-34.6,50.3,48.9,-51.7
CR 2015,2004-04-04 07h,36.3,32.7,-39.8,53.4,51.1,-55.7
CR 2016,2004-05-01 14h,33.6,32.4,-34.8,51.7,50.3,-53.2
CR 2017,2004-05-28 20h,30.1,26.6,-33.6,48.5,44.7,-52.3
CR 2018,2004-06-25 03h,30.8,28.8,-32.8,48.7,46.6,-50.9
CR 2019,2004-07-22 09h,34.3,30.3,-38.3,47.4,45.6,-49.2
CR 2020,2004-08-18 16h,26.4,26,-26.8,40,40,-40
CR 2021,2004-09-14 23h,23.2,25.6,-20.8,40.9,42.2,-39.6
CR 2022,2004-10-12 05h,23.4,26.6,-20.3,37.6,37.4,-37.8
CR 2023,2004-11-08 12h,33.3,32.3,-34.2,48.5,46.5,-50.5
CR 2024,2004-12-05 18h,35.8,41.5,-30.1,52.2,55.9,-48.5
CR 2025,2005-01-02 01h,32.2,37.3,-27.2,46.5,51.3,-41.7
CR 2026,2005-01-29 08h,41.1,55.6,-26.6,45.8,56.7,-35
CR 2027,2005-02-25 14h,38.2,49.6,-26.7,46.3,56.1,-36.4
CR 2028,2005-03-24 21h,32,39.2,-24.8,44.3,54.2,-34.4
CR 2029,2005-04-21 03h,23.8,29,-18.5,42.2,50.3,-34.1
CR 2030,2005-05-18 10h,20.8,20.9,-20.8,38.9,38.9,-38.8
CR 2031,2005-06-14 17h,21.6,22.2,-21.1,38.4,37.9,-38.9
CR 2032,2005-07-11 23h,22.8,21.8,-23.8,38.6,34.9,-42.3
CR 2033,2005-08-08 06h,17.8,15.7,-20,34.5,28.4,-40.5
CR 2034,2005-09-04 12h,20.6,24.7,-16.6,42.1,43.5,-40.6
CR 2035,2005-10-01 19h,22.4,25,-19.7,41.6,41.5,-41.7
CR 2036,2005-10-29 02h,22.7,21.3,-24,40.8,37.4,-44.2
CR 2037,2005-11-25 08h,24.1,25.8,-22.4,43.8,43.8,-43.9
CR 2038,2005-12-22 15h,18.8,16.9,-20.7,37.8,35.6,-39.9
CR 2039,2006-01-18 21h,9.7,6.4,-13,28.9,27.1,-30.7
CR 2040,2006-02-15 04h,16.8,16.6,-17,37.4,41.1,-33.6
CR 2041,2006-03-14 11h,18,11,-25,34.2,26.8,-41.6
CR 2042,2006-04-10 17h,17.6,18.3,-17,40.8,38.5,-43.1
CR 2043,2006-05-08 00h,12.6,10.5,-14.8,35.9,37.6,-34.2
CR 2044,2006-06-04 07h,15,15.1,-15,34.7,33.4,-36
CR 2045,2006-07-01 13h,16.7,16.9,-16.5,34,30.1,-38
CR 2046,2006-07-28 20h,18.7,19.6,-17.8,36.3,34.1,-38.6
CR 2047,2006-08-25 02h,18.4,17.2,-19.6,35.8,31.2,-40.3
CR 2048,2006-09-21 09h,11,11.4,-10.6,27.6,25,-30.2
CR 2049,2006-10-18 16h,10.9,11.8,-10,28.3,25,-31.7
CR 2050,2006-11-14 22h,11.6,13.6,-9.7,30.7,24.1,-37.3
CR 2051,2006-12-12 05h,16.8,14.9,-18.7,33.2,26.5,-40
CR 2052,2007-01-08 11h,15.9,9,-22.8,32.7,24.4,-40.9
CR 2053,2007-02-04 18h,12.9,6.3,-19.4,32.2,25.7,-38.6
CR 2054,2007-03-04 01h,11.3,5.9,-16.7,29.4,22.5,-36.3
CR 2055,2007-03-31 07h,13.6,8.5,-18.7,33.4,26.2,-40.6
CR 2056,2007-04-27 14h,13.6,10.8,-16.5,31.7,23.8,-39.5
CR 2057,2007-05-24 20h,15.6,16.7,-14.5,33.5,29.2,-37.9
CR 2058,2007-06-21 03h,14.3,16.1,-12.5,32,28.6,-35.4
CR 2059,2007-07-18 10h,13.3,17.9,-8.8,30.3,28.3,-32.4
CR 2060,2007-08-14 16h,15.8,21.5,-10,31.4,30.1,-32.6
CR 2061,2007-09-10 23h,14.4,18.9,-10,29.8,27.1,-32.5
CR 2062,2007-10-08 05h,15.2,17.3,-13,29.1,26,-32.2
CR 2063,2007-11-04 12h,14.8,12.7,-16.9,30.4,23.6,-37.2
CR 2064,2007-12-01 19h,14.9,12.5,-17.3,30.7,23.9,-37.4
CR 2065,2007-12-29 01h,17.7,12.9,-22.6,32.7,23.1,-42.2
CR 2066,2008-01-25 08h,20.8,14.4,-27.3,35.5,26.2,-44.7
CR 2067,2008-02-21 14h,19.6,11,-28.1,35.1,25.8,-44.4
CR 2068,2008-03-19 21h,17.6,10,-25.3,35.7,28.2,-43.3
CR 2069,2008-04-16 04h,16.1,8.6,-23.5,35.6,27.7,-43.5
CR 2070,2008-05-13 10h,14.8,11.1,-18.5,34.6,28.8,-40.5
CR 2071,2008-06-09 17h,15.1,14.4,-15.8,34.2,30.9,-37.5
CR 2072,2008-07-06 23h,12.8,11.9,-13.7,30,26.6,-33.4
CR 2073,2008-08-03 06h,12.8,12.7,-13,30,28.2,-31.7
CR 2074,2008-08-30 13h,14.8,15.4,-14.1,31.9,30.7,-33
CR 2075,2008-09-26 19h,9.7,11.3,-8,26.1,24.1,-28.1
CR 2076,2008-10-24 02h,9,8.6,-9.3,24.4,20.6,-28.2
CR 2077,2008-11-20 09h,10.7,10.7,-10.7,27.6,28.1,-27.1
CR 2078,2008-12-17 15h,8.1,5.7,-10.6,22.1,21,-23.3
CR 2079,2009-01-13 22h,9.6,2.7,-16.4,21.7,16.7,-26.8
CR 2080,2009-02-10 04h,10.4,3.4,-17.4,24.1,19.7,-28.5
CR 2081,2009-03-09 11h,9.7,1.8,-17.7,23.1,17.7,-28.5
CR 2082,2009-04-05 18h,7.7,-0.2,-15.5,20.2,13.3,-27.2
CR 2083,2009-05-03 00h,4.8,-0.9,-10.5,16.4,11.9,-21
CR 2084,2009-05-30 07h,6.6,6.3,-6.8,21.2,24,-18.3
CR 2085,2009-06-26 13h,7.8,9.1,-6.5,21.3,24.9,-17.8
CR 2086,2009-07-23 20h,9.3,12.3,-6.3,20.5,23.9,-17
CR 2087,2009-08-20 03h,5.8,8.1,-3.5,12.8,13.8,-11.8
CR 2088,2009-09-16 09h,5.2,8.3,-2,12,13.5,-10.5
CR 2089,2009-10-13 16h,4.5,7.9,-1.1,10.1,15.3,-4.9
CR 2090,2009-11-09 22h,9.8,10,-9.6,23.1,30.9,-15.2
CR 2091,2009-12-07 05h,17.3,18.9,-15.8,33.5,38.4,-28.5
CR 2092,2010-01-03 12h,25.1,28,-22.2,47,51.7,-42.2
CR 2093,2010-01-30 18h,22.1,23.7,-20.6,43.8,51.2,-36.3
CR 2094,2010-02-27 01h,24,24.5,-23.6,42.1,52.7,-31.6
CR 2095,2010-03-26 07h,23.8,25.2,-22.3,41.5,48.9,-34
CR 2096,2010-04-22 14h,21.6,24.5,-18.6,36.3,45.1,-27.5
CR 2097,2010-05-19 21h,26.2,30.5,-22,37.2,46.9,-27.6
CR 2098,2010-06-16 03h,23.4,24.4,-22.3,27.9,31.7,-24.1
CR 2099,2010-07-13 10h,32.6,34.6,-30.5,45.6,48.6,-42.7
CR 2100,2010-08-09 16h,25.7,27.2,-24.1,41.2,44.4,-38.1
CR 2101,2010-09-05 23h,33,31,-35.1,49.6,50.7,-48.5
CR 2102,2010-10-03 06h,23.6,23.4,-23.9,43.5,47.1,-40
CR 2103,2010-10-30 12h,21.4,16.9,-26,40.4,40.9,-40
CR 2104,2010-11-26 19h,17.8,11.5,-24.1,48.8,54.5,-43.1
CR 2105,2010-12-24 01h,36.4,43.2,-29.6,48.2,54.1,-42.3
CR 2106,2011-01-20 08h,54.3,74.7,-33.8,53.6,61.4,-45.8
CR 2107,2011-02-16 15h,54.9,71.8,-38.1,56.1,67.4,-44.7
CR 2108,2011-03-15 21h,62.4,73.2,-51.6,65.2,70.9,-59.4
CR 2109,2011-04-12 04h,64.1,74.4,-53.7,69.9,75,-64.8
CR 2110,2011-05-09 11h,56.3,69.7,-42.8,63.7,70.5,-57
CR 2111,2011-06-05 17h,45.2,51.1,-39.4,63.5,69.2,-57.8
CR 2112,2011-07-03 00h,42.3,41.9,-42.7,64.5,65.4,-63.6
CR 2113,2011-07-30 06h,47.8,50,-45.6,67.1,68.8,-65.4
CR 2114,2011-08-26 13h,47,47.9,-46,66.7,69.1,-64.3
CR 2115,2011-09-22 20h,57.2,59.9,-54.6,71.1,75.1,-67.1
CR 2116,2011-10-20 02h,49,49.8,-48.3,69.6,73.9,-65.3
CR 2117,2011-11-16 09h,55.8,68.6,-43,66.9,75.1,-58.7
CR 2118,2011-12-13 15h,60.9,73.2,-48.6,68.8,72.2,-65.4
CR 2119,2012-01-09 22h,60.7,72.6,-48.9,67.1,65.7,-68.5
CR 2120,2012-02-06 05h,63.5,73.7,-53.2,70,74.1,-65.9
CR 2121,2012-03-04 11h,58.2,74.6,-41.9,60.4,69.7,-51.2
CR 2122,2012-03-31 18h,54.9,66.2,-43.7,58,64.2,-51.7
CR 2123,2012-04-28 00h,55.9,63.5,-48.3,68,74.7,-61.2
CR 2124,2012-05-25 07h,60.3,57.2,-63.4,74.3,73.7,-74.9
CR 2125,2012-06-21 14h,68.3,70.5,-66.1,74.6,74.2,-75.1
CR 2126,2012-07-18 20h,66.4,67.5,-65.2,73.9,74.5,-73.3
CR 2127,2012-08-15 03h,64.8,63.5,-66.1,73.1,74.9,-71.2
CR 2128,2012-09-11 09h,66.1,73,-59.3,71.6,74.9,-68.3
CR 2129,2012-10-08 16h,70.4,68.3,-72.4,73.4,74.1,-72.7
CR 2130,2012-11-04 23h,67.5,59.9,-75,71.5,68.6,-74.3
CR 2131,2012-12-02 05h,68.7,63.4,-73.9,61.9,72.9,-50.9
CR 2132,2012-12-29 12h,64.2,56,-72.4,73.1,72.4,-73.8
CR 2133,2013-01-25 18h,70.3,69.9,-70.8,71.5,75,-68
CR 2134,2013-02-22 01h,73.2,72.8,-73.6,64.8,69.2,-60.5
CR 2135,2013-03-21 08h,69.2,64.9,-73.6,73.6,72.3,-74.8
CR 2136,2013-04-17 14h,68.7,63.6,-73.7,70.1,65.5,-74.8
CR 2137,2013-05-14 21h,67.9,74.9,-60.8,68.9,62.6,-75.1
CR 2138,2013-06-11 03h,61.9,72.9,-50.9,71.7,69.3,-74
CR 2139,2013-07-08 10h,67.7,70,-65.5,73,75,-70.9
CR 2140,2013-08-04 17h,67.6,71.1,-64.2,68.3,69.8,-66.9
CR 2141,2013-08-31 23h,59.6,63.2,-55.9,68.3,74.9,-61.7
CR 2142,2013-09-28 06h,60.8,59,-62.5,70.4,74.5,-66.3
CR 2143,2013-10-25 13h,57.6,57.7,-57.6,67.2,71.3,-63
CR 2144,2013-11-21 19h,59.9,74.9,-44.9,66.9,73.8,-60
CR 2145,2013-12-19 02h,63.1,74.3,-51.9,66.5,74.1,-58.9
CR 2146,2014-01-15 08h,66.3,74.5,-58,64.4,72.6,-56.3
CR 2147,2014-02-11 15h,70.5,74.7,-66.2,68.7,73.8,-63.5
CR 2148,2014-03-10 22h,54.4,69.5,-39.4,60.5,75,-45.9
CR 2149,2014-04-07 04h,48.9,51.2,-46.5,62.7,74.3,-51.1
CR 2150,2014-05-04 11h,28.9,18.5,-39.4,56.7,65.3,-48.1
CR 2151,2014-05-31 17h,25.4,17.2,-33.6,48.8,54.4,-43.2
CR 2152,2014-06-28 00h,24.8,22.3,-27.3,48.1,58.5,-37.7
CR 2153,2014-07-25 07h,40.2,31.9,-48.6,58.8,65.9,-51.8
CR 2154,2014-08-21 13h,49.4,45.7,-53.1,60,62.2,-57.9
CR 2155,2014-09-17 20h,65.5,71,-60,69.1,74.7,-63.6
CR 2156,2014-10-15 02h,64.9,64.6,-65.1,72.5,74.3,-70.7
CR 2157,2014-11-11 09h,41.8,27.6,-56,52.5,40.2,-64.8
CR 2158,2014-12-08 16h,45.1,36.6,-53.7,53.8,45.8,-61.8
CR 2159,2015-01-04 22h,41.5,31.7,-51.2,55.2,48.6,-61.8
CR 2160,2015-02-01 05h,36.1,28.1,-44,50.6,45.6,-55.6
CR 2161,2015-02-28 11h,31.9,26.5,-37.4,49.2,47.3,-51.1
CR 2162,2015-03-27 18h,24,16,-32,44.6,44.4,-44.8
CR 2163,2015-04-24 01h,27.9,25.3,-30.5,43.3,44.4,-42.2
CR 2164,2015-05-21 07h,35.9,37.4,-34.5,51.4,58.5,-44.4
CR 2165,2015-06-17 14h,37.2,45.4,-29,52.7,61.5,-43.9
CR 2166,2015-07-14 20h,31.9,39,-24.8,47.4,56.7,-38.2
CR 2167,2015-08-11 03h,33.7,41.9,-25.4,49.8,59,-40.6
CR 2168,2015-09-07 10h,32.9,42.1,-23.7,48.7,59.2,-38.2
CR 2169,2015-10-04 16h,32.1,40.1,-24,50.4,60.3,-40.5
CR 2170,2015-10-31 23h,30.8,33.2,-28.3,51.4,58,-44.7
CR 2171,2015-11-28 05h,29.3,30.8,-27.7,50.6,57,-44.1
CR 2172,2015-12-25 12h,34.2,38.4,-29.9,50.3,56.2,-44.3
CR 2173,2016-01-21 19h,31.7,31,-32.4,51.2,55.6,-46.8
CR 2174,2016-02-18 01h,25.7,23.3,-28,47.5,50.9,-44.1
CR 2175,2016-03-16 08h,28.9,30.4,-27.5,47.9,53.4,-42.3
CR 2176,2016-04-12 15h,25.8,28.9,-22.6,43.5,51.1,-35.9
CR 2177,2016-05-09 21h,28.1,32.6,-23.6,42.6,50.1,-35.2
CR 2178,2016-06-06 04h,25.6,27.5,-23.8,42.5,48.4,-36.5
CR 2179,2016-07-03 10h,22,19.2,-24.9,39.4,43.8,-35
CR 2180,2016-07-30 17h,25.3,24.6,-26.1,40.5,44.4,-36.6
CR 2181,2016-08-27 00h,26.1,25.8,-26.5,39.1,40.9,-37.4
CR 2182,2016-09-23 06h,28.7,30,-27.3,41.8,42.9,-40.6
CR 2183,2016-10-20 13h,27,26.4,-27.6,43.4,43.8,-43
CR 2184,2016-11-16 19h,24.1,24.2,-24,41.7,41.7,-41.6
CR 2185,2016-12-14 02h,19.6,16.5,-22.8,39.2,38.3,-40.1
CR 2186,2017-01-10 09h,21.3,19.3,-23.3,40.6,39.2,-42
CR 2187,2017-02-06 15h,16.4,16.2,-16.7,35.3,37,-33.6
CR 2188,2017-03-05 22h,13.1,11.7,-14.4,31,31.5,-30.5
CR 2189,2017-04-02 04h,11.7,11.1,-12.2,28.9,32.8,-25
CR 2190,2017-04-29 11h,13,15.6,-10.4,31.4,37.8,-25
CR 2191,2017-05-26 18h,13.9,17,-10.8,31.2,38.2,-24.2
CR 2192,2017-06-23 00h,18.5,23.7,-13.4,32,41.4,-22.7
CR 2193,2017-07-20 07h,15.1,17.9,-12.3,27.3,36.2,-18.4
CR 2194,2017-08-16 13h,9.7,9.3,-10.1,20.4,26.1,-14.7
CR 2195,2017-09-12 20h,17.3,23.3,-11.3,28.5,38.8,-18.2
CR 2196,2017-10-10 03h,16.4,21.7,-11.1,30.6,40.6,-20.6
CR 2197,2017-11-06 09h,15,19.2,-10.9,29.2,38,-20.4
CR 2198,2017-12-03 16h,14,17,-11,29.1,39,-19.3
CR 2199,2017-12-30 22h,10.8,11.6,-10,25.6,36.5,-14.8
CR 2200,2018-01-27 05h,10.3,9.3,-11.3,26.7,35.4,-18
CR 2201,2018-02-23 12h,9.5,10.1,-8.9,24.1,34.7,-13.6
CR 2202,2018-03-22 18h,6.8,4.2,-9.4,20,25.6,-14.4
CR 2203,2018-04-19 01h,6.2,5.8,-6.6,18.7,23.4,-14
CR 2204,2018-05-16 08h,6.3,9.7,-2.9,16.5,23.1,-9.9
CR 2205,2018-06-12 14h,7,9.1,-4.8,17.7,21,-14.3
CR 2206,2018-07-09 21h,11.6,11.5,-11.6,25.3,26.3,-24.3
CR 2207,2018-08-06 03h,8.8,12,-5.5,23.1,26.3,-19.9
CR 2208,2018-09-02 10h,8.7,14,-3.5,23.8,25,-22.5
CR 2209,2018-09-29 17h,10.3,13,-7.6,26.3,25.1,-27.5
CR 2210,2018-10-26 23h,10.4,12.8,-8,25.4,24.4,-26.4
CR 2211,2018-11-23 06h,8,7.4,-8.7,21.1,18.2,-24.1
CR 2212,2018-12-20 12h,7.6,7,-8.3,22.5,22.2,-22.8
CR 2213,2019-01-16 19h,7.5,4.4,-10.7,21.2,17.2,-25.1
CR 2214,2019-02-13 02h,6.6,4.6,-8.6,16.1,14.2,-18.1
CR 2215,2019-03-12 08h,7.7,6.2,-9.3,19.3,14.8,-23.9
CR 2216,2019-04-08 15h,8.2,6.3,-10,20.7,14.3,-27.1
CR 2217,2019-05-05 21h,8.5,7.5,-9.4,25.1,22.7,-27.4
CR 2218,2019-06-02 04h,6.5,6.6,-6.5,20.9,19.4,-22.4
CR 2219,2019-06-29 11h,6.9,7.6,-6.1,19.8,17.6,-22
CR 2220,2019-07-26 17h,8.7,10.6,-6.8,18.6,15.9,-21.3
CR 2221,2019-08-23 00h,7.3,9.8,-4.7,17.5,12.6,-22.4
CR 2222,2019-09-19 06h,5.7,9.1,-2.4,16.8,12.6,-20.9
CR 2223,2019-10-16 13h,5.3,7.3,-3.4,15.3,10.9,-19.8
CR 2224,2019-11-12 20h,5.9,7,-4.8,14.6,11.2,-18.1
CR 2225,2019-12-10 02h,6.9,6,-7.7,13.6,7.9,-19.3
CR 2226,2020-01-06 09h,4.3,2,-6.6,10.8,6.9,-14.6
CR 2227,2020-02-02 15h,3,1.3,-4.8,9.1,4.8,-13.3
CR 2228,2020-02-29 22h,3,2.5,-3.6,7.5,5.6,-9.5
CR 2229,2020-03-28 05h,3.3,2.7,-3.9,8.8,7.9,-9.6
CR 2230,2020-04-24 11h,2.1,1.8,-2.4,6.1,6.4,-5.8
CR 2231,2020-05-21 18h,5.2,5,-5.4,14.5,10.8,-18.2
CR 2232,2020-06-18 00h,4,7.4,-0.5,9.1,11.3,-6.8
CR 2233,2020-07-15 07h,6.6,7.7,-5.5,15,13.8,-16.2
CR 2234,2020-08-11 14h,6.3,9.1,-3.5,14,14.5,-13.5
CR 2235,2020-09-07 20h,8.2,10.6,-5.8,14.5,13.9,-15.1
CR 2236,2020-10-05 03h,10.7,9.9,-11.5,16.9,13,-20.8
CR 2237,2020-11-01 10h,13.2,17.1,-9.2,21.7,27.2,-16.2
CR 2238,2020-11-28 16h,14.8,10,-19.6,37.3,31.3,-43.2
CR 2239,2020-12-25 23h,8.5,4.6,-12.4,23.1,22,-24.3
CR 2240,2021-01-22 05h,9.3,5.3,-13.3,23.2,16.5,-30
CR 2241,2021-02-18 12h,11.3,9,-13.6,21.7,14.1,-29.3
CR 2242,2021-03-17 19h,11.9,9.8,-14,25.6,18.4,-32.9
CR 2243,2021-04-14 01h,11.9,9.8,-13.9,24.1,18.7,-29.6
CR 2244,2021-05-11 08h,9.8,12.1,-7.5,22.3,21.4,-23.2
CR 2245,2021-06-07 14h,11.4,13.3,-9.6,30.6,22.1,-39.2
CR 2246,2021-07-04 21h,9.3,13.2,-5.4,23.7,23.1,-24.4
CR 2247,2021-08-01 04h,9,12,-6,22.7,23.1,-22.3
CR 2248,2021-08-28 10h,15.2,15.4,-15.1,33.2,25.2,-41.2
CR 2249,2021-09-24 17h,12,14.3,-9.8,24.5,18.7,-30.4
CR 2250,2021-10-21 23h,14,16.5,-11.5,30.2,26.4,-34
CR 2251,2021-11-18 06h,19.5,16.7,-22.4,35.4,26.6,-44.2
CR 2252,2021-12-15 13h,23.6,19,-28.2,40.5,30.8,-50.2
CR 2253,2022-01-11 19h,28.9,20.2,-37.6,46,34.7,-57.3
CR 2254,2022-02-08 02h,30.9,28.1,-33.7,49.5,45.4,-53.6
CR 2255,2022-03-07 08h,29.2,33.6,-24.7,50.5,53.3,-47.7
CR 2256,2022-04-03 15h,45.9,52.1,-39.6,64.1,67.9,-60.3
CR 2257,2022-04-30 22h,57.6,56.1,-59,73.8,73.1,-74.4
CR 2258,2022-05-28 04h,61,56.8,-65.3,74.9,75,-74.9
CR 2259,2022-06-24 11h,68.7,64.3,-73.1,74.7,74.9,-74.4
CR 2260,2022-07-21 17h,67.8,61.8,-73.8,74.3,74.9,-73.7
CR 2261,2022-08-18 00h,65.6,59,-72.2,73,72.1,-73.9
CR 2262,2022-09-14 07h,72.3,74.6,-70.1,71,70.7,-71.2
CR 2263,2022-10-11 13h,74.3,73.5,-75.1,67,73.3,-60.6
CR 2264,2022-11-07 20h,72.9,70.6,-75.1,63.3,73.9,-52.6
CR 2265,2022-12-05 02h,64,73.2,-54.9,67.3,72.7,-61.9
CR 2266,2023-01-01 09h,73.3,73.2,-73.5,73.8,72.6,-75
CR 2267,2023-01-28 16h,74.6,75,-74.1,74.4,73.8,-75.1
CR 2268,2023-02-24 22h,74.3,73.9,-74.6,74.4,74.3,-74.5
CR 2269,2023-03-24 05h,68.4,62.5,-74.2,74.7,74.7,-74.6
CR 2270,2023-04-20 12h,73.9,75.1,-72.7,73.2,71.4,-75
CR 2271,2023-05-17 18h,71.5,74.9,-68.1,74.2,73.3,-75
CR 2272,2023-06-14 01h,70.7,72.2,-69.2,74.5,74,-75
CR 2273,2023-07-11 07h,70.3,68.9,-71.6,68.2,68.5,-67.8
CR 2274,2023-08-07 14h,73.9,73.7,-74.2,72.1,75,-69.2
CR 2275,2023-09-03 21h,72.7,70.6,-74.9,74.6,74.2,-75.1
CR 2276,2023-10-01 03h,72,74.1,-69.9,74.7,74.2,-75.2
CR 2277,2023-10-28 10h,62,69.5,-54.6,74.5,74.2,-74.8
CR 2278,2023-11-24 16h,60.8,67.9,-53.7,72.9,71.1,-74.6
CR 2279,2023-12-21 23h,55.7,49,-62.4,66.8,58.7,-74.8
CR 2280,2024-01-18 06h,60.4,68.9,-51.8,71.4,74.6,-68.3
CR 2281,2024-02-14 12h,68.1,69.3,-66.9,72.6,75.1,-70.2
CR 2282,2024-03-12 19h,69.3,74.2,-64.3,74.5,75.1,-74
CR 2283,2024-04-09 01h,60.3,66.9,-53.7,74.5,74.9,-74
CR 2284,2024-05-06 08h,56.7,50.4,-63,68.2,61.5,-74.9
CR 2285,2024-06-02 15h,57.6,47.3,-68,65.2,65.2,-65.3
CR 2286,2024-06-29 21h,46.6,40.8,-52.4,66.3,57.6,-75
CR 2287,2024-07-27 04h,52.7,41.6,-63.7,63.7,52.3,-75.2
CR 2288,2024-08-23 10h,61.9,49.1,-74.7,67.3,60.4,-74.3
CR 2289,2024-09-19 17h,62.3,52.6,-72,70.6,66.2,-75.1
CR 2290,2024-10-17 00h,62.6,55.6,-69.5,73.3,71.5,-75.2
CR 2291,2024-11-13 06h,64,54.1,-73.9,74.7,75,-74.5
CR 2292,2024-12-10 13h,63.2,53.1,-73.3,74.5,75,-74
CR 2293,2025-01-06 19h,61.2,53.1,-69.2,74.1,74.3,-74
